month,region,margin_pct,delay_days,orders
2015-01-01,south,5.2,1,149
2015-02-01,north,7.5,-2,648
2015-03-01,south,9.3,5,319
2015-04-01,north,-6.6,-2,346
2015-05-01,south,6.7,-2,664
2015-06-01,north,1.0,-2,328
2015-07-01,south,8.6,1,742
2015-08-01,north,5.1,2,506
2015-09-01,south,5.5,-3,326
2015-10-01,north,11.7,1,529
2015-11-01,south,-5.1,1,673
2015-12-01,north,7.2,1,285
2016-01-01,south,9.1,0,481
2016-02-01,north,8.4,-2,660
2016-03-01,south,5.1,2,310
2016-04-01,north,2.2,4,796
2016-05-01,south,0.9,4,699
2016-06-01,north,-6.2,0,284
2016-07-01,south,4.7,3,898
2016-08-01,north,6.1,5,606
2016-09-01,south,9.9,2,846
2016-10-01,north,2.1,-2,220
2016-11-01,south,7.3,5,528
2016-12-01,north,7.4,4,531
2017-01-01,south,-7.4,5,686
2017-02-01,north,7.1,2,448
2017-03-01,south,4.6,2,567
2017-04-01,north,2.2,-2,195
2017-05-01,south,9.2,1,166
2017-06-01,north,4.8,-3,848
2017-07-01,south,4.7,1,556
2017-08-01,north,-4.1,1,455
2017-09-01,south,8.9,-3,572
2017-10-01,north,3.5,4,160
2017-11-01,south,9.2,0,886
2017-12-01,north,4.9,3,500
2018-01-01,south,10.8,4,182
2018-02-01,north,7.5,1,240
2018-03-01,south,-6.2,1,823
2018-04-01,north,0.6,3,467
2018-05-01,south,4.8,0,254
2018-06-01,north,3.3,-2,280
2018-07-01,south,8.6,-3,596
2018-08-01,north,9.6,2,286
2018-09-01,south,6.0,3,647
2018-10-01,north,-2.7,-1,807
2018-11-01,south,8.8,5,732
2018-12-01,north,3.2,4,898
2019-01-01,south,1.9,1,672
2019-02-01,north,3.6,-2,593
2019-03-01,south,7.9,1,510
2019-04-01,north,7.0,0,551
2019-05-01,south,-5.5,-3,204
2019-06-01,north,8.3,-3,680
2019-07-01,south,6.8,2,728
2019-08-01,north,7.1,-3,172
2019-09-01,south,8.9,-1,749
2019-10-01,north,3.1,1,455
2019-11-01,south,3.3,-2,599
2019-12-01,north,-6.7,4,419
2020-01-01,south,5.9,-2,247
2020-02-01,north,8.2,1,590
2020-03-01,south,7.6,3,265
2020-04-01,north,4.0,5,470
2020-05-01,south,5.8,-1,806
2020-06-01,north,5.3,5,405
2020-07-01,south,-8.5,3,367
2020-08-01,north,5.2,5,475
2020-09-01,south,8.4,0,645
2020-10-01,north,4.5,5,897
2020-11-01,south,1.7,2,876
2020-12-01,north,5.9,0,345
2021-01-01,south,8.0,0,304
2021-02-01,north,-2.6,-3,128
2021-03-01,south,5.7,1,583
2021-04-01,north,5.7,2,557
2021-05-01,south,10.6,3,457
2021-06-01,north,8.7,0,204
2021-07-01,south,5.2,0,581
2021-08-01,north,6.7,2,724
2021-09-01,south,-5.7,1,452
2021-10-01,north,3.1,1,186
2021-11-01,south,6.8,3,828
2021-12-01,north,4.7,0,589
2022-01-01,south,8.5,1,440
2022-02-01,north,3.9,-2,839
2022-03-01,south,3.6,-2,842
2022-04-01,north,-7.9,-3,254
2022-05-01,south,14.0,2,576
2022-06-01,north,6.6,2,585
2022-07-01,south,4.4,1,458
2022-08-01,north,8.1,-3,114
2022-09-01,south,9.1,3,765
2022-10-01,north,10.0,-1,544
2022-11-01,south,-5.8,0,128
2022-12-01,north,5.8,1,317
2023-01-01,south,5.4,2,433
2023-02-01,north,8.1,1,657
2023-03-01,south,4.6,3,462
2023-04-01,north,6.8,4,778
2023-05-01,south,0.4,3,613
2023-06-01,north,-5.3,5,119
2023-07-01,south,7.3,4,895
2023-08-01,north,6.1,-1,276
2023-09-01,south,6.2,-1,584
2023-10-01,north,4.9,-3,433
2023-11-01,south,5.0,1,630
2023-12-01,north,2.6,-2,673
2024-01-01,south,-5.7,-3,890
2024-02-01,north,6.7,-2,619
2024-03-01,south,5.3,-2,553
2024-04-01,north,6.2,2,727
2024-05-01,south,10.0,0,809
2024-06-01,north,5.3,1,563
2024-07-01,south,0.6,5,353
2024-08-01,north,-3.2,1,672
2024-09-01,south,0.2,0,558
2024-10-01,north,7.0,4,423
2024-11-01,south,7.2,-2,787
2024-12-01,north,6.1,1,410
