order_id,order_date,customer_id,amount
ORD-00000,2024-01-01,C051,69.95
ORD-00001,2024-02-02,C050,85.68
ORD-00002,2024-03-03,C046,325.29
ORD-00003,2024-04-04,C024,80.06
ORD-00004,2024-05-05,C057,77.25
ORD-00005,2024-06-06,C030,117.6
ORD-00006,2024-07-07,C007,205.15
ORD-00007,2024-08-08,C032,89.77
ORD-00008,2024-09-09,C043,417.9
ORD-00009,2024-10-10,C011,356.1
ORD-00010,2024-11-11,C033,207.87
ORD-00011,2024-12-12,C027,105.91
ORD-00012,2024-01-13,C021,55.18
ORD-00013,2024-02-14,C024,19.55
ORD-00014,2024-03-15,C036,234.75
ORD-00015,2024-04-16,C046,18.86
ORD-00016,2024-05-17,C022,263.54
ORD-00017,2024-06-18,C019,261.01
ORD-00018,2024-07-19,C005,65.3
ORD-00019,2024-08-20,C059,396.3
ORD-00020,2024-09-21,C057,61.34
ORD-00021,2024-10-22,C017,143.24
ORD-00022,2024-11-23,C058,391.71
ORD-00023,2024-12-24,C018,380.33
ORD-00024,2024-01-25,C053,216.9
ORD-00025,2024-02-26,C059,341.23
ORD-00026,2024-03-27,C017,208.91
ORD-00027,2024-04-28,C035,460.39
ORD-00028,2024-05-01,C037,252.36
ORD-00029,2024-06-02,C021,53.84
ORD-00030,2024-07-03,C004,401.8
ORD-00031,2024-08-04,C012,218.41
ORD-00032,2024-09-05,C005,141.77
ORD-00033,2024-10-06,C002,320.88
ORD-00034,2024-11-07,C052,137.67
ORD-00035,2024-12-08,C039,429.55
ORD-00036,2024-01-09,C005,139.58
ORD-00037,2024-02-10,C008,232.35
ORD-00038,2024-03-11,C022,497.21
ORD-00039,2024-04-12,C027,464.07
ORD-00040,2024-05-13,C018,314.63
ORD-00041,2024-06-14,C003,268.19
ORD-00042,2024-07-15,C016,469.68
ORD-00043,2024-08-16,C011,138.33
ORD-00044,2024-09-17,C012,108.87
ORD-00045,2024-10-18,C020,318.05
ORD-00046,2024-11-19,C034,382.15
ORD-00047,2024-12-20,C019,228.39
ORD-00048,2024-01-21,C044,97.17
ORD-00049,2024-02-22,C023,403.8
ORD-00050,2024-03-23,C017,28.11
ORD-00051,2024-04-24,C002,369.21
ORD-00052,2024-05-25,C036,489.25
ORD-00053,2024-06-26,C033,242.63
ORD-00054,2024-07-27,C060,229.06
ORD-00055,2024-08-28,C043,411.27
ORD-00056,2024-09-01,C028,331.69
ORD-00057,2024-10-02,C035,418.96
ORD-00058,2024-11-03,C026,485.45
ORD-00059,2024-12-04,C020,346.99
ORD-00060,2024-01-05,C015,177.93
ORD-00061,2024-02-06,C054,442.14
ORD-00062,2024-03-07,C047,321.63
ORD-00063,2024-04-08,C026,494.82
ORD-00064,2024-05-09,C004,420.12
ORD-00065,2024-06-10,C001,44.65
ORD-00066,2024-07-11,C048,441.13
ORD-00067,2024-08-12,C028,89.99
ORD-00068,2024-09-13,C006,335.96
ORD-00069,2024-10-14,C025,436.56
ORD-00070,2024-11-15,C043,485.76
ORD-00071,2024-12-16,C039,128.68
ORD-00072,2024-01-17,C019,32.17
ORD-00073,2024-02-18,C012,87.19
ORD-00074,2024-03-19,C029,11.78
ORD-00075,2024-04-20,C024,481.28
ORD-00076,2024-05-21,C036,168.53
ORD-00077,2024-06-22,C003,483.18
ORD-00078,2024-07-23,C020,116.75
ORD-00079,2024-08-24,C012,10.52
ORD-00080,2024-09-25,C025,51.11
ORD-00081,2024-10-26,C018,256.35
ORD-00082,2024-11-27,C013,131.61
ORD-00083,2024-12-28,C050,12.43
ORD-00084,2024-01-01,C017,410.35
ORD-00085,2024-02-02,C010,205.76
ORD-00086,2024-03-03,C003,203.05
ORD-00087,2024-04-04,C020,159.08
ORD-00088,2024-05-05,C015,51.4
ORD-00089,2024-06-06,C034,428.09
ORD-00090,2024-07-07,C010,332.2
ORD-00091,2024-08-08,C046,394.18
ORD-00092,2024-09-09,C039,200.86
ORD-00093,2024-10-10,C021,363.13
ORD-00094,2024-11-11,C032,83.24
ORD-00095,2024-12-12,C047,313.17
ORD-00096,2024-01-13,C010,31.46
ORD-00097,2024-02-14,C054,360.36
ORD-00098,2024-03-15,C033,317.39
ORD-00099,2024-04-16,C047,353.52
ORD-00100,2024-05-17,C033,78.26
ORD-00101,2024-06-18,C034,378.9
ORD-00102,2024-07-19,C037,419.12
ORD-00103,2024-08-20,C052,17.88
ORD-00104,2024-09-21,C044,296.19
ORD-00105,2024-10-22,C058,358.48
ORD-00106,2024-11-23,C045,325.02
ORD-00107,2024-12-24,C006,25.27
ORD-00108,2024-01-25,C009,322.19
ORD-00109,2024-02-26,C007,194.54
ORD-00110,2024-03-27,C029,283.68
ORD-00111,2024-04-28,C041,19.23
ORD-00112,2024-05-01,C035,343.53
ORD-00113,2024-06-02,C032,139.26
ORD-00114,2024-07-03,C030,400.87
ORD-00115,2024-08-04,C048,466.93
ORD-00116,2024-09-05,C058,272.25
ORD-00117,2024-10-06,C043,267.74
ORD-00118,2024-11-07,C048,371.03
ORD-00119,2024-12-08,C017,406.52
ORD-00120,2024-01-09,C055,140.12
ORD-00121,2024-02-10,C047,380.66
ORD-00122,2024-03-11,C015,372.52
ORD-00123,2024-04-12,C030,252.03
ORD-00124,2024-05-13,C025,47.6
ORD-00125,2024-06-14,C059,345.01
ORD-00126,2024-07-15,C050,32.91
ORD-00127,2024-08-16,C041,324.95
ORD-00128,2024-09-17,C005,303.86
ORD-00129,2024-10-18,C022,134.43
ORD-00130,2024-11-19,C048,349.51
ORD-00131,2024-12-20,C040,288.2
ORD-00132,2024-01-21,C001,246.39
ORD-00133,2024-02-22,C032,141.7
ORD-00134,2024-03-23,C044,58.76
ORD-00135,2024-04-24,C014,341.1
ORD-00136,2024-05-25,C019,357.35
ORD-00137,2024-06-26,C019,237.68
ORD-00138,2024-07-27,C030,385.91
ORD-00139,2024-08-28,C058,279.05
ORD-00140,2024-09-01,C020,489.28
ORD-00141,2024-10-02,C060,241.74
ORD-00142,2024-11-03,C019,234.9
ORD-00143,2024-12-04,C053,258.24
ORD-00144,2024-01-05,C029,497.04
ORD-00145,2024-02-06,C025,112.82
ORD-00146,2024-03-07,C060,113.25
ORD-00147,2024-04-08,C038,54.25
ORD-00148,2024-05-09,C048,266.79
ORD-00149,2024-06-10,C024,74.98
ORD-00150,2024-07-11,C053,319.52
ORD-00151,2024-08-12,C018,444.56
ORD-00152,2024-09-13,C046,188.94
ORD-00153,2024-10-14,C032,449.88
ORD-00154,2024-11-15,C032,203.1
ORD-00155,2024-12-16,C011,11.76
ORD-00156,2024-01-17,C032,343.98
ORD-00157,2024-02-18,C026,157.96
ORD-00158,2024-03-19,C010,213.93
ORD-00159,2024-04-20,C025,164.88
ORD-00160,2024-05-21,C054,172.35
ORD-00161,2024-06-22,C021,377.86
ORD-00162,2024-07-23,C054,205.15
ORD-00163,2024-08-24,C060,105.91
ORD-00164,2024-09-25,C001,451.77
ORD-00165,2024-10-26,C019,134.07
ORD-00166,2024-11-27,C005,202.52
ORD-00167,2024-12-28,C056,298.7
ORD-00168,2024-01-01,C024,463.45
ORD-00169,2024-02-02,C049,144.83
ORD-00170,2024-03-03,C004,147.51
ORD-00171,2024-04-04,C004,418.99
ORD-00172,2024-05-05,C019,321.13
ORD-00173,2024-06-06,C010,132.17
ORD-00174,2024-07-07,C018,223.76
ORD-00175,2024-08-08,C021,103.03
ORD-00176,2024-09-09,C024,394.72
ORD-00177,2024-10-10,C028,443.29
ORD-00178,2024-11-11,C052,383.21
ORD-00179,2024-12-12,C026,457.58
ORD-00180,2024-01-13,C036,279.12
ORD-00181,2024-02-14,C047,49.48
ORD-00182,2024-03-15,C060,368.85
ORD-00183,2024-04-16,C029,311.31
ORD-00184,2024-05-17,C009,325.8
ORD-00185,2024-06-18,C019,247.93
ORD-00186,2024-07-19,C059,464.12
ORD-00187,2024-08-20,C009,93.67
ORD-00188,2024-09-21,C027,178.39
ORD-00189,2024-10-22,C020,135.31
ORD-00190,2024-11-23,C048,488.39
ORD-00191,2024-12-24,C017,209.04
ORD-00192,2024-01-25,C016,157.41
ORD-00193,2024-02-26,C036,337.75
ORD-00194,2024-03-27,C008,91.99
ORD-00195,2024-04-28,C011,46.83
ORD-00196,2024-05-01,C033,453.92
ORD-00197,2024-06-02,C032,279.69
ORD-00198,2024-07-03,C029,454.07
ORD-00199,2024-08-04,C049,230.48
ORD-00040,2024-05-13,C018,314.63
ORD-00041,2024-06-14,C003,268.19
ORD-00042,2024-07-15,C016,469.68
ORD-00043,2024-08-16,C011,138.33
ORD-00044,2024-09-17,C012,108.87
ORD-00045,2024-10-18,C020,318.05
ORD-00046,2024-11-19,C034,382.15
ORD-00047,2024-12-20,C019,228.39
ORD-00048,2024-01-21,C044,97.17
ORD-00049,2024-02-22,C023,403.8
ORD-00050,2024-03-23,C017,28.11
ORD-00051,2024-04-24,C002,369.21
ORD-00052,2024-05-25,C036,489.25
ORD-00053,2024-06-26,C033,242.63
ORD-00054,2024-07-27,C060,229.06
ORD-00055,2024-08-28,C043,411.27
ORD-00056,2024-09-01,C028,331.69
ORD-00057,2024-10-02,C035,418.96
ORD-00058,2024-11-03,C026,485.45
ORD-00059,2024-12-04,C020,346.99
ORD-00060,2024-01-05,C015,177.93
ORD-00061,2024-02-06,C054,442.14
ORD-00062,2024-03-07,C047,321.63
ORD-00063,2024-04-08,C026,494.82
