shipped,site,note,units
2024-01-05,A,"ok",10
2024-01-06,TOTAL,"aggregate",999
2024-01-07,B,"two
line note",12

pending carrier scan,A,"x",13
2024-02-01,A,"n",8
2024-02-02,B,"n",9
2024-02-03,A,"n",10
2024-02-04,B,"n",11
2024-02-05,A,"n",12
2024-02-06,B,"n",13
2024-02-07,A,"n",14
2024-02-08,B,"n",15
2024-02-09,A,"n",16
2024-02-10,B,"n",17
2024-02-11,A,"n",18
2024-02-12,B,"n",19
2024-02-13,A,"n",20
2024-02-14,B,"n",21
2024-02-15,A,"n",22
2024-02-16,B,"n",23
2024-02-17,A,"n",24
2024-02-18,B,"n",25
2024-02-19,A,"n",26
2024-02-20,B,"n",27
2024-02-21,A,"n",28
2024-02-22,B,"n",29
2024-02-23,A,"n",30
2024-02-24,B,"n",31
2024-02-25,A,"n",32
2024-02-26,B,"n",33
2024-02-27,A,"n",34
2024-02-28,B,"n",35
2024-02-29,A,"n",36
2024-02-30,B,"n",37
2024-02-31,A,"n",38
2024-02-32,B,"n",39
about 21,B,"y",about 21
2024-03-01,A,"z",-4
