when,sparse_count,tier,amount,yr,flag
2020-01-01,0,low,16.89,1990,N
2020-02-02,,low,6.07,1991,Y
2020-03-03,,mid,7.93,1992,N
2020-04-04,,high,6.86,1993,Y
2020-05-05,,high,26.25,1994,N
2020-06-06,,mid,22.63,1995,Y
2020-07-07,,mid,8.84,1996,Y
2020-08-08,,mid,9.05,1997,N
2020-09-09,,low,20.92,1998,Y
2020-10-10,,low,8.86,1999,N
2020-11-11,1,mid,12.59,2000,N
2020-12-12,,mid,28.66,2001,Y
2020-01-13,,low,1.94,2002,N
2020-02-14,,high,15.20,2003,Y
2020-03-15,,mid,27.98,2004,N
2020-04-16,,mid,8.21,2005,Y
2020-05-17,,low,5.48,2006,Y
2020-06-18,,high,21.33,2007,N
2020-07-19,,low,16.99,2008,Y
2020-08-20,,low,23.69,2009,Y
2020-09-21,2,high,27.68,2010,N
2020-10-22,,low,19.17,2011,N
2020-11-23,,high,23.15,2012,Y
2020-12-24,,low,9.71,2013,Y
2020-01-25,,mid,8.57,2014,Y
2020-02-26,,low,16.59,2015,N
2020-03-27,,mid,28.81,2016,Y
2020-04-28,,mid,16.26,2017,maybe
2020-05-01,,low,1.85,2018,N
2020-06-02,,high,19.84,2019,Y
2020-07-03,3,low,6.63,1990,N
2020-08-04,,low,8.46,1991,N
2020-09-05,,mid,7.58,1992,Y
2020-10-06,,high,10.80,1993,N
2020-11-07,,mid,20.79,1994,Y
2020-12-08,,low,24.11,1995,Y
2020-01-09,,low,15.38,1996,N
2020-02-10,,mid,23.21,1997,Y
2020-03-11,,low,14.49,1998,N
2020-04-12,,mid,4.16,1999,N
2020-05-13,4,high,6.43,2000,Y
2020-06-14,,mid,13.09,2001,Y
2020-07-15,,high,5.25,2002,N
2020-08-16,,low,7.18,2003,Y
2020-09-17,,mid,2.50,2004,Y
2020-10-18,,low,12.41,2005,Y
2020-11-19,,high,4.28,2006,Y
2020-12-20,,low,10.55,2007,Y
2020-01-21,,high,28.14,2008,N
2020-02-22,,low,10.04,2009,N
2020-03-23,5,mid,29.56,2010,N
2020-04-24,,low,4.16,2011,Y
2020-05-25,,mid,3.34,2012,N
2020-06-26,,low,17.27,2013,Y
2020-07-27,,mid,11.34,2014,Y
2020-08-28,,mid,3.55,2015,N
2020-09-01,,low,11.81,2016,N
2020-10-02,,low,10.38,2017,N
2020-11-03,,low,19.32,2018,Y
2020-12-04,,high,23.23,2019,Y
2020-01-05,6,mid,2.01,1990,Y
2020-02-06,,low,8.45,1991,Y
2020-03-07,,high,10.83,1992,N
2020-04-08,,mid,28.77,1993,maybe
2020-05-09,,low,8.60,1994,N
2020-06-10,,mid,9.62,1995,Y
2020-07-11,,low,24.95,1996,Y
2020-08-12,,mid,21.75,1997,N
2020-09-13,,mid,23.90,1998,N
2020-10-14,,mid,4.85,1999,N
2020-11-15,7,low,1.25,2000,N
2020-12-16,,high,23.41,2001,Y
2020-01-17,,mid,25.98,2002,N
2020-02-18,,mid,23.73,2003,Y
2020-03-19,,high,6.72,2004,Y
2020-04-20,,low,12.82,2005,Y
2020-05-21,,mid,17.03,2006,N
2020-06-22,,low,29.43,2007,Y
2020-07-23,,low,8.68,2008,Y
2020-08-24,,low,3.80,2009,N
2020-09-25,8,high,29.19,2010,Y
2020-10-26,,low,4.86,2011,N
2020-11-27,,high,26.85,2012,Y
2020-12-28,,high,16.62,2013,Y
2020-01-01,,mid,9.52,2014,N
2020-02-02,,mid,8.37,2015,N
2020-03-03,,low,13.74,2016,Y
2020-04-04,,low,7.83,2017,N
2020-05-05,,high,6.46,2018,Y
2020-06-06,,mid,8.30,2019,Y
2020-07-07,9,high,16.26,1990,Y
2020-08-08,,high,14.45,1991,Y
2020-09-09,,low,1.13,1992,Y
2020-10-10,,mid,27.52,1993,Y
2020-11-11,,mid,7.75,1994,Y
2020-12-12,,low,18.41,1995,Y
2020-01-13,,low,11.79,1996,Y
2020-02-14,,mid,18.49,1997,Y
2020-03-15,,low,19.49,1998,N
2020-04-16,,low,2.09,1999,Y
2020-05-17,10,low,2.28,2000,N
2020-06-18,,low,18.38,2001,Y
2020-07-19,,low,24.75,2002,N
2020-08-20,,high,11.78,2003,N
2020-09-21,,low,6.90,2004,N
2020-10-22,,high,15.02,2005,N
2020-11-23,,low,24.08,2006,Y
2020-12-24,,high,16.49,2007,Y
2020-01-25,,mid,21.17,2008,N
2020-02-26,,mid,20.37,2009,N
2020-03-27,11,low,10.06,2010,N
2020-04-28,,mid,13.08,2011,N
2020-05-01,,high,6.72,2012,N
2020-06-02,,low,28.32,2013,N
2020-07-03,,low,13.29,2014,Y
2020-08-04,,mid,17.76,2015,N
2020-09-05,,mid,23.42,2016,Y
2020-10-06,,low,2.50,2017,N
2020-11-07,,high,24.39,2018,N
2020-12-08,,low,17.61,2019,N
2020-01-09,12,high,15.63,1990,Y
2020-02-10,,mid,9.22,1991,Y
2020-03-11,,low,4.15,1992,N
2020-04-12,,low,9.75,1993,Y
2020-05-13,,mid,10.12,1994,N
2020-06-14,,low,27.22,1995,Y
2020-07-15,,high,23.79,1996,N
2020-08-16,,high,12.73,1997,Y
2020-09-17,,mid,6.31,1998,Y
2020-10-18,,low,12.59,1999,Y
2020-11-19,13,mid,11.42,2000,Y
2020-12-20,,low,29.15,2001,Y
2020-01-21,,low,26.63,2002,Y
2020-02-22,,high,25.31,2003,Y
2020-03-23,,mid,18.39,2004,N
2020-04-24,,high,13.18,2005,maybe
2020-05-25,,low,13.35,2006,N
2020-06-26,,mid,15.60,2007,Y
2020-07-27,,low,1.10,2008,N
2020-08-28,,mid,7.82,2009,N
2020-09-01,14,low,24.51,2010,N
2020-10-02,,low,2.95,2011,N
2020-11-03,,mid,11.59,2012,N
2020-12-04,,high,15.79,2013,Y
2020-01-05,,low,19.46,2014,Y
2020-02-06,,high,10.10,2015,Y
2020-03-07,,low,22.81,2016,N
2020-04-08,,high,28.58,2017,Y
2020-05-09,,low,25.86,2018,Y
2020-06-10,,low,4.82,2019,N
2020-07-11,15,mid,28.74,1990,Y
2020-08-12,,high,23.86,1991,Y
2020-09-13,,low,25.16,1992,N
2020-10-14,,low,10.39,1993,maybe
2020-11-15,,mid,27.25,1994,N
2020-12-16,,low,8.37,1995,N
2020-01-17,,low,18.16,1996,Y
2020-02-18,,mid,11.80,1997,Y
2020-03-19,,low,12.70,1998,N
2020-04-20,,high,10.51,1999,N
2020-05-21,16,low,23.97,2000,N
2020-06-22,,low,23.28,2001,Y
2020-07-23,,high,25.89,2002,N
2020-08-24,,high,16.12,2003,Y
2020-09-25,,mid,29.80,2004,N
2020-10-26,,high,24.13,2005,N
2020-11-27,,mid,29.72,2006,Y
2020-12-28,,mid,10.59,2007,Y
2020-01-01,,mid,7.67,2008,Y
2020-02-02,,mid,24.77,2009,N
2020-03-03,17,mid,19.54,2010,N
2020-04-04,,high,1.05,2011,Y
2020-05-05,,low,5.33,2012,N
2020-06-06,,mid,15.87,2013,Y
2020-07-07,,low,15.16,2014,Y
2020-08-08,,low,2.58,2015,N
2020-09-09,,mid,4.08,2016,N
2020-10-10,,high,7.50,2017,N
2020-11-11,,high,4.88,2018,N
2020-12-12,,high,25.03,2019,Y
2020-01-13,18,low,1.41,1990,N
2020-02-14,,high,5.33,1991,Y
2020-03-15,,low,19.51,1992,N
2020-04-16,,mid,24.54,1993,Y
2020-05-17,,low,19.70,1994,N
2020-06-18,,high,19.72,1995,N
2020-07-19,,high,28.18,1996,N
2020-08-20,,low,5.79,1997,Y
2020-09-21,,low,2.78,1998,Y
2020-10-22,,mid,6.38,1999,N
2020-11-23,n/a,low,27.44,2000,Y
2020-12-24,,low,18.77,2001,Y
2020-01-25,,low,12.98,2002,N
2020-02-26,,high,6.06,2003,N
2020-03-27,,low,9.71,2004,Y
2020-04-28,,high,23.71,2005,Y
2020-05-01,,mid,25.49,2006,N
2020-06-02,,low,22.51,2007,N
2020-07-03,,low,7.55,2008,Y
2020-08-04,,mid,7.74,2009,Y
