order_date,customer_email,notes,spend
2024-01-01,ann0@example.com,call 416-555-0000,15.48
2024-02-02,ann1@example.com,2024-02-11,80.76
2024-03-03,ann2@example.com,2024-03-12,83.64
2024-04-04,ann3@example.com,2024-04-13,85.14
2024-05-05,ann4@example.com,2024-05-14,27.38
2024-06-06,ann5@example.com,call 416-555-0005,9.47
2024-07-07,ann6@example.com,2024-07-16,59.05
2024-08-08,ann7@example.com,2024-08-17,62.73
2024-09-09,ann8@example.com,2024-09-18,63.29
2024-10-10,ann9@example.com,2024-01-10,82.97
2024-11-11,ann10@example.com,call 416-555-0010,87.61
2024-12-12,ann11@example.com,2024-03-12,30.13
2024-01-13,ann12@example.com,2024-04-13,83.93
2024-02-14,ann13@example.com,2024-05-14,81.01
2024-03-15,ann14@example.com,2024-06-15,12.26
2024-04-16,ann15@example.com,call 416-555-0015,48.13
2024-05-17,ann16@example.com,2024-08-17,19.43
2024-06-18,ann17@example.com,2024-09-18,81.9
2024-07-19,ann18@example.com,2024-01-10,76.55
2024-08-20,ann19@example.com,2024-02-11,22.24
2024-09-21,ann20@example.com,call 416-555-0020,18.53
2024-10-22,ann21@example.com,2024-04-13,82.77
2024-11-23,ann22@example.com,2024-05-14,21.31
2024-12-24,ann23@example.com,2024-06-15,38.04
2024-01-25,ann24@example.com,2024-07-16,56.1
2024-02-26,ann25@example.com,call 416-555-0025,37.25
2024-03-27,ann26@example.com,2024-09-18,77.41
2024-04-28,ann27@example.com,2024-01-10,83.34
2024-05-01,ann28@example.com,2024-02-11,88.44
2024-06-02,ann29@example.com,2024-03-12,76.53
2024-07-03,ann30@example.com,call 416-555-0030,50.59
2024-08-04,ann31@example.com,2024-05-14,45.13
2024-09-05,ann32@example.com,2024-06-15,50.1
2024-10-06,ann33@example.com,2024-07-16,5.54
2024-11-07,ann34@example.com,2024-08-17,7.25
2024-12-08,ann35@example.com,call 416-555-0035,86.23
2024-01-09,ann36@example.com,2024-01-10,24.88
2024-02-10,ann37@example.com,2024-02-11,80.2
2024-03-11,ann38@example.com,2024-03-12,72.08
2024-04-12,ann39@example.com,2024-04-13,38.28
2024-05-13,ann40@example.com,call 416-555-0040,54.75
2024-06-14,ann41@example.com,2024-06-15,53.04
2024-07-15,ann42@example.com,2024-07-16,19.58
2024-08-16,ann43@example.com,2024-08-17,7.8
2024-09-17,ann44@example.com,2024-09-18,14.51
2024-10-18,ann45@example.com,call 416-555-0045,57.87
2024-11-19,ann46@example.com,2024-02-11,18.75
2024-12-20,ann47@example.com,2024-03-12,88.08
2024-01-21,ann48@example.com,2024-04-13,64.56
2024-02-22,ann49@example.com,2024-05-14,7.62
2024-03-23,ann50@example.com,call 416-555-0050,16.76
2024-04-24,ann51@example.com,2024-07-16,59.7
2024-05-25,ann52@example.com,2024-08-17,8.62
2024-06-26,ann53@example.com,2024-09-18,10.77
2024-07-27,ann54@example.com,2024-01-10,8.97
2024-08-28,ann55@example.com,call 416-555-0055,77.8
2024-09-01,ann56@example.com,2024-03-12,69.75
2024-10-02,ann57@example.com,2024-04-13,21.94
2024-11-03,ann58@example.com,2024-05-14,86.14
2024-12-04,ann59@example.com,2024-06-15,50.38
2024-01-05,ann0@example.com,call 416-555-0060,61.45
2024-02-06,ann1@example.com,2024-08-17,79.78
2024-03-07,ann2@example.com,2024-09-18,69.24
2024-04-08,ann3@example.com,2024-01-10,65.46
2024-05-09,ann4@example.com,2024-02-11,37.63
2024-06-10,ann5@example.com,call 416-555-0065,25.96
2024-07-11,ann6@example.com,2024-04-13,22.27
2024-08-12,ann7@example.com,2024-05-14,7.88
2024-09-13,ann8@example.com,2024-06-15,85.69
2024-10-14,ann9@example.com,2024-07-16,82.44
2024-11-15,ann10@example.com,call 416-555-0070,69.07
2024-12-16,ann11@example.com,2024-09-18,12.43
2024-01-17,ann12@example.com,2024-01-10,68.87
2024-02-18,ann13@example.com,2024-02-11,58.74
2024-03-19,ann14@example.com,2024-03-12,45.55
2024-04-20,ann15@example.com,call 416-555-0075,16.28
2024-05-21,ann16@example.com,2024-05-14,72.32
2024-06-22,ann17@example.com,2024-06-15,59.94
2024-07-23,ann18@example.com,2024-07-16,30.03
2024-08-24,ann19@example.com,2024-08-17,33.6
2024-09-25,ann20@example.com,call 416-555-0080,27.2
2024-10-26,ann21@example.com,2024-01-10,34.83
2024-11-27,ann22@example.com,2024-02-11,84.06
2024-12-28,ann23@example.com,2024-03-12,9.11
2024-01-01,ann24@example.com,2024-04-13,69.59
2024-02-02,ann25@example.com,call 416-555-0085,82.38
2024-03-03,ann26@example.com,2024-06-15,70.39
2024-04-04,ann27@example.com,2024-07-16,56.17
2024-05-05,ann28@example.com,2024-08-17,45.47
2024-06-06,ann29@example.com,2024-09-18,29.45
2024-07-07,ann30@example.com,call 416-555-0090,68.38
2024-08-08,ann31@example.com,2024-02-11,72.07
2024-09-09,ann32@example.com,2024-03-12,7.66
2024-10-10,ann33@example.com,2024-04-13,49.08
2024-11-11,ann34@example.com,2024-05-14,13.36
2024-12-12,ann35@example.com,call 416-555-0095,44.86
2024-01-13,ann36@example.com,2024-07-16,9.09
2024-02-14,ann37@example.com,2024-08-17,53.12
2024-03-15,ann38@example.com,2024-09-18,65.72
2024-04-16,ann39@example.com,2024-01-10,75.37
2024-05-17,ann40@example.com,call 416-555-0100,53.84
2024-06-18,ann41@example.com,2024-03-12,29.4
2024-07-19,ann42@example.com,2024-04-13,42.06
2024-08-20,ann43@example.com,2024-05-14,49.5
2024-09-21,ann44@example.com,2024-06-15,29.51
2024-10-22,ann45@example.com,call 416-555-0105,68.79
2024-11-23,ann46@example.com,2024-08-17,9.59
2024-12-24,ann47@example.com,2024-09-18,34.56
2024-01-25,ann48@example.com,2024-01-10,13.13
2024-02-26,ann49@example.com,2024-02-11,64.09
2024-03-27,ann50@example.com,call 416-555-0110,75.15
2024-04-28,ann51@example.com,2024-04-13,87.21
2024-05-01,ann52@example.com,2024-05-14,55.37
2024-06-02,ann53@example.com,2024-06-15,86.36
2024-07-03,ann54@example.com,2024-07-16,48.79
2024-08-04,ann55@example.com,call 416-555-0115,54.13
2024-09-05,ann56@example.com,2024-09-18,18.51
2024-10-06,ann57@example.com,2024-01-10,74.3
2024-11-07,ann58@example.com,2024-02-11,84.75
2024-12-08,ann59@example.com,2024-03-12,24.68
2024-01-09,ann0@example.com,call 416-555-0120,19.09
2024-02-10,ann1@example.com,2024-05-14,84.79
2024-03-11,ann2@example.com,2024-06-15,70.18
2024-04-12,ann3@example.com,2024-07-16,46.67
2024-05-13,ann4@example.com,2024-08-17,89.24
2024-06-14,ann5@example.com,call 416-555-0125,52.71
2024-07-15,ann6@example.com,2024-01-10,13.89
2024-08-16,ann7@example.com,2024-02-11,32.76
2024-09-17,ann8@example.com,2024-03-12,13.09
2024-10-18,ann9@example.com,2024-04-13,83.92
2024-11-19,ann10@example.com,call 416-555-0130,80.81
2024-12-20,ann11@example.com,2024-06-15,68.34
2024-01-21,ann12@example.com,2024-07-16,40.88
2024-02-22,ann13@example.com,2024-08-17,59.9
2024-03-23,ann14@example.com,2024-09-18,36.62
2024-04-24,ann15@example.com,call 416-555-0135,30.77
2024-05-25,ann16@example.com,2024-02-11,41.39
2024-06-26,ann17@example.com,2024-03-12,51.32
2024-07-27,ann18@example.com,2024-04-13,19.54
2024-08-28,ann19@example.com,2024-05-14,88.5
2024-09-01,ann20@example.com,call 416-555-0140,58.61
2024-10-02,ann21@example.com,2024-07-16,85.23
2024-11-03,ann22@example.com,2024-08-17,15.78
2024-12-04,ann23@example.com,2024-09-18,55.5
2024-01-05,ann24@example.com,2024-01-10,63.58
2024-02-06,ann25@example.com,call 416-555-0145,56.45
2024-03-07,ann26@example.com,2024-03-12,7.88
2024-04-08,ann27@example.com,2024-04-13,54.43
2024-05-09,ann28@example.com,2024-05-14,49.35
2024-06-10,ann29@example.com,2024-06-15,78.78
