id,order_date,refund_date,amount
0,TBD,2023-01-01,100.9
1,TBD,2024-02-02,112.5
2,TBD,2023-03-03,90.7
3,2010-04-04,2024-04-04,109.9
4,2010-05-05,2023-05-05,97.4
5,2010-06-06,2024-06-06,97.4
6,2010-07-07,2023-07-07,119.0
7,2010-08-08,2024-08-08,101.6
8,2010-09-09,2023-09-09,99.6
9,2010-10-10,2024-10-10,107.3
10,TBD,2023-11-11,111.3
11,TBD,,99.7
12,TBD,,105.9
13,2010-02-14,,90.3
14,2010-03-15,,96.3
15,2010-04-16,,95.6
16,2010-05-17,,86.7
17,2010-06-18,,84.9
18,2010-07-19,,83.7
19,2010-08-20,,97.6
20,TBD,2023-09-21,98.3
21,TBD,2024-10-22,96.8
22,TBD,2023-11-23,100.7
23,2010-12-24,2024-12-24,86.6
24,2010-01-25,2023-01-25,99.2
25,2010-02-26,2024-02-26,102.4
26,2010-03-27,2023-03-27,107.5
27,2010-04-01,2024-04-01,91.5
28,2010-05-02,2023-05-02,96.0
29,2010-06-03,2024-06-03,79.8
30,TBD,2023-07-04,95.0
31,TBD,,78.0
32,TBD,,85.8
33,2010-10-07,,111.0
34,2010-11-08,,78.0
35,2010-12-09,,108.0
36,2010-01-10,,103.3
37,2010-02-11,,96.9
38,2010-03-12,,104.6
39,2010-04-13,,105.3
40,TBD,2023-05-14,115.5
41,TBD,2024-06-15,102.7
42,TBD,2023-07-16,99.1
43,2011-08-17,2024-08-17,99.0
44,2011-09-18,2023-09-18,95.1
45,2011-10-19,2024-10-19,104.6
46,2011-11-20,2023-11-20,97.1
47,2011-12-21,2024-12-21,115.7
48,2011-01-22,2023-01-22,86.3
49,2011-02-23,2024-02-23,94.1
50,TBD,2023-03-24,95.5
51,TBD,,84.1
52,TBD,,124.0
53,2011-06-27,,80.9
54,2011-07-01,,102.2
55,2011-08-02,,99.7
56,2011-09-03,,121.6
57,2011-10-04,,85.1
58,2011-11-05,,115.7
59,2011-12-06,,97.7
60,TBD,2023-01-07,103.4
61,TBD,2024-02-08,98.3
62,TBD,2023-03-09,111.4
63,2011-04-10,2024-04-10,93.6
64,2011-05-11,2023-05-11,104.2
65,2011-06-12,2024-06-12,108.5
66,2011-07-13,2023-07-13,123.4
67,2011-08-14,2024-08-14,80.9
68,2011-09-15,2023-09-15,120.3
69,2011-10-16,2024-10-16,114.5
70,TBD,2023-11-17,100.2
71,TBD,,108.0
72,TBD,,100.3
73,2011-02-20,,121.5
74,2011-03-21,,107.1
75,2011-04-22,,102.8
76,2011-05-23,,102.7
77,2011-06-24,,103.0
78,2011-07-25,,103.2
79,2011-08-26,,96.2
80,TBD,2023-09-27,130.6
81,TBD,2024-10-01,90.9
82,TBD,2023-11-02,73.9
83,2012-12-03,2024-12-03,108.8
84,2012-01-04,2023-01-04,108.5
85,2012-02-05,2024-02-05,113.7
86,2012-03-06,2023-03-06,108.0
87,2012-04-07,2024-04-07,108.5
88,2012-05-08,2023-05-08,113.3
89,2012-06-09,2024-06-09,119.7
90,TBD,2023-07-10,105.5
91,TBD,,106.3
92,TBD,,129.4
93,2012-10-13,,115.3
94,2012-11-14,,100.1
95,2012-12-15,,133.2
96,2012-01-16,,117.8
97,2012-02-17,,104.1
98,2012-03-18,,98.3
99,2012-04-19,,113.0
100,TBD,2023-05-20,101.7
101,TBD,2024-06-21,99.4
102,TBD,2023-07-22,97.0
103,2012-08-23,2024-08-23,104.9
104,2012-09-24,2023-09-24,121.1
105,2012-10-25,2024-10-25,105.7
106,2012-11-26,2023-11-26,95.5
107,2012-12-27,2024-12-27,116.7
108,2012-01-01,2023-01-01,110.7
109,2012-02-02,2024-02-02,118.4
110,TBD,2023-03-03,122.0
111,TBD,,108.3
112,TBD,,108.6
113,2012-06-06,,109.5
114,2012-07-07,,98.7
115,2012-08-08,,116.7
116,2012-09-09,,123.7
117,2012-10-10,,111.7
118,2012-11-11,,107.6
119,2012-12-12,,107.4
120,TBD,2023-01-13,107.2
121,TBD,2024-02-14,107.0
122,TBD,2023-03-15,111.0
123,2013-04-16,2024-04-16,106.6
124,2013-05-17,2023-05-17,110.6
125,2013-06-18,2024-06-18,99.2
126,2013-07-19,2023-07-19,118.5
127,2013-08-20,2024-08-20,115.5
128,2013-09-21,2023-09-21,103.5
129,2013-10-22,2024-10-22,92.0
130,TBD,2023-11-23,114.9
131,TBD,,126.0
132,TBD,,107.7
133,2013-02-26,,110.2
134,2013-03-27,,109.3
135,2013-04-01,,121.5
136,2013-05-02,,105.8
137,2013-06-03,,124.9
138,2013-07-04,,112.0
139,2013-08-05,,124.2
140,TBD,2023-09-06,115.3
141,TBD,2024-10-07,112.7
142,TBD,2023-11-08,100.2
143,2013-12-09,2024-12-09,108.1
144,2013-01-10,2023-01-10,112.4
145,2013-02-11,2024-02-11,121.6
146,2013-03-12,2023-03-12,117.4
147,2013-04-13,2024-04-13,108.0
148,2013-05-14,2023-05-14,119.1
149,2013-06-15,2024-06-15,124.9
150,TBD,2023-07-16,113.5
151,TBD,,110.6
152,TBD,,111.1
153,2013-10-19,,123.1
154,2013-11-20,,120.4
155,2013-12-21,,105.7
156,2013-01-22,,118.7
157,2013-02-23,,110.2
158,2013-03-24,,107.5
159,2013-04-25,,127.4
160,TBD,2023-05-26,128.2
161,TBD,2024-06-27,112.8
162,TBD,2023-07-01,120.8
163,2014-08-02,2024-08-02,125.0
164,2014-09-03,2023-09-03,113.6
165,2014-10-04,2024-10-04,118.8
166,2014-11-05,2023-11-05,126.7
167,2014-12-06,2024-12-06,102.1
168,2014-01-07,2023-01-07,123.3
169,2014-02-08,2024-02-08,127.4
170,TBD,2023-03-09,125.0
171,TBD,,106.6
172,TBD,,123.2
173,2014-06-12,,111.4
174,2014-07-13,,125.7
175,2014-08-14,,126.0
176,2014-09-15,,122.2
177,2014-10-16,,112.3
178,2014-11-17,,114.1
179,2014-12-18,,128.5
180,TBD,2023-01-19,111.0
181,TBD,2024-02-20,125.0
182,TBD,2023-03-21,125.1
183,2014-04-22,2024-04-22,117.2
184,2014-05-23,2023-05-23,143.9
185,2014-06-24,2024-06-24,120.7
186,2014-07-25,2023-07-25,141.5
187,2014-08-26,2024-08-26,99.8
188,2014-09-27,2023-09-27,97.6
189,2014-10-01,2024-10-01,129.8
190,TBD,2023-11-02,126.4
191,TBD,,116.9
192,TBD,,119.5
193,2014-02-05,,101.0
194,2014-03-06,,113.7
195,2014-04-07,,109.7
196,2014-05-08,,117.8
197,2014-06-09,,128.9
198,2014-07-10,,120.5
199,2014-08-11,,123.7
200,TBD,2023-09-12,118.0
201,TBD,2024-10-13,120.7
202,TBD,2023-11-14,126.1
203,2015-12-15,2024-12-15,122.2
204,2015-01-16,2023-01-16,137.6
205,2015-02-17,2024-02-17,116.2
206,2015-03-18,2023-03-18,143.9
207,2015-04-19,2024-04-19,115.2
208,2015-05-20,2023-05-20,135.6
209,2015-06-21,2024-06-21,117.3
210,TBD,2023-07-22,141.5
211,TBD,,126.4
212,TBD,,129.0
213,2015-10-25,,132.4
214,2015-11-26,,118.7
215,2015-12-27,,114.6
216,2015-01-01,,104.7
217,2015-02-02,,137.2
218,2015-03-03,,118.0
219,2015-04-04,,119.1
220,TBD,2023-05-05,124.7
221,TBD,2024-06-06,144.9
222,TBD,2023-07-07,107.7
223,2015-08-08,2024-08-08,127.5
224,2015-09-09,2023-09-09,121.0
225,2015-10-10,2024-10-10,130.3
226,2015-11-11,2023-11-11,107.0
227,2015-12-12,2024-12-12,121.0
228,2015-01-13,2023-01-13,133.4
229,2015-02-14,2024-02-14,140.6
230,TBD,2023-03-15,141.0
231,TBD,,116.5
232,TBD,,125.5
233,2015-06-18,,123.9
234,2015-07-19,,111.2
235,2015-08-20,,110.6
236,2015-09-21,,132.6
237,2015-10-22,,127.5
238,2015-11-23,,123.6
239,2015-12-24,,137.2
240,TBD,2023-01-25,120.0
241,TBD,2024-02-26,135.3
242,TBD,2023-03-27,130.1
243,2016-04-01,2024-04-01,129.4
244,2016-05-02,2023-05-02,134.9
245,2016-06-03,2024-06-03,131.8
246,2016-07-04,2023-07-04,132.7
247,2016-08-05,2024-08-05,132.7
248,2016-09-06,2023-09-06,149.4
249,2016-10-07,2024-10-07,126.9
250,TBD,2023-11-08,140.1
251,TBD,,136.1
252,TBD,,126.5
253,2016-02-11,,138.0
254,2016-03-12,,121.4
255,2016-04-13,,141.6
256,2016-05-14,,121.9
257,2016-06-15,,125.1
258,2016-07-16,,133.2
259,2016-08-17,,138.3
260,TBD,2023-09-18,139.1
261,TBD,2024-10-19,138.9
262,TBD,2023-11-20,127.9
263,2016-12-21,2024-12-21,120.4
264,2016-01-22,2023-01-22,135.5
265,2016-02-23,2024-02-23,133.0
266,2016-03-24,2023-03-24,120.5
267,2016-04-25,2024-04-25,139.7
268,2016-05-26,2023-05-26,132.0
269,2016-06-27,2024-06-27,120.4
270,TBD,2023-07-01,134.4
271,TBD,,116.7
272,TBD,,121.2
273,2016-10-04,,134.0
274,2016-11-05,,114.4
275,2016-12-06,,130.4
276,2016-01-07,,116.5
277,2016-02-08,,137.4
278,2016-03-09,,122.7
279,2016-04-10,,131.8
280,TBD,2023-05-11,120.0
281,TBD,2024-06-12,131.6
282,TBD,2023-07-13,144.5
283,2017-08-14,2024-08-14,139.6
284,2017-09-15,2023-09-15,116.6
285,2017-10-16,2024-10-16,144.2
286,2017-11-17,2023-11-17,143.9
287,2017-12-18,2024-12-18,131.2
288,2017-01-19,2023-01-19,149.2
289,2017-02-20,2024-02-20,124.4
290,TBD,2023-03-21,134.1
291,TBD,,146.1
292,TBD,,148.1
293,2017-06-24,,147.8
294,2017-07-25,,124.1
295,2017-08-26,,117.2
296,2017-09-27,,138.9
297,2017-10-01,,120.7
298,2017-11-02,,133.7
299,2017-12-03,,122.2
300,TBD,2023-01-04,145.6
301,TBD,2024-02-05,143.0
302,TBD,2023-03-06,140.6
303,2017-04-07,2024-04-07,135.2
304,2017-05-08,2023-05-08,135.5
305,2017-06-09,2024-06-09,132.0
306,2017-07-10,2023-07-10,138.8
307,2017-08-11,2024-08-11,137.5
308,2017-09-12,2023-09-12,139.6
309,2017-10-13,2024-10-13,130.7
310,TBD,2023-11-14,154.0
311,TBD,,137.8
312,TBD,,148.9
313,2017-02-17,,148.3
314,2017-03-18,,126.2
315,2017-04-19,,118.1
316,2017-05-20,,147.6
317,2017-06-21,,131.1
318,2017-07-22,,135.8
319,2017-08-23,,132.4
320,TBD,2023-09-24,141.3
321,TBD,2024-10-25,128.1
322,TBD,2023-11-26,139.0
323,2018-12-27,2024-12-27,135.4
324,2018-01-01,2023-01-01,139.8
325,2018-02-02,2024-02-02,116.6
326,2018-03-03,2023-03-03,148.2
327,2018-04-04,2024-04-04,143.3
328,2018-05-05,2023-05-05,122.7
329,2018-06-06,2024-06-06,132.7
330,TBD,2023-07-07,140.3
331,TBD,,146.3
332,TBD,,140.0
333,2018-10-10,,153.8
334,2018-11-11,,140.2
335,2018-12-12,,130.0
336,2018-01-13,,133.2
337,2018-02-14,,147.4
338,2018-03-15,,133.9
339,2018-04-16,,148.4
340,TBD,2023-05-17,150.2
341,TBD,2024-06-18,145.9
342,TBD,2023-07-19,150.2
343,2018-08-20,2024-08-20,138.3
344,2018-09-21,2023-09-21,139.9
345,2018-10-22,2024-10-22,134.1
346,2018-11-23,2023-11-23,133.9
347,2018-12-24,2024-12-24,124.3
348,2018-01-25,2023-01-25,134.4
349,2018-02-26,2024-02-26,129.3
350,TBD,2023-03-27,125.7
351,TBD,,141.5
352,TBD,,144.5
353,2018-06-03,,136.6
354,2018-07-04,,153.7
355,2018-08-05,,149.4
356,2018-09-06,,150.4
357,2018-10-07,,134.0
358,2018-11-08,,125.1
359,2018-12-09,,145.6
360,TBD,2023-01-10,148.1
361,TBD,2024-02-11,152.3
362,TBD,2023-03-12,149.2
363,2019-04-13,2024-04-13,157.6
364,2019-05-14,2023-05-14,142.1
365,2019-06-15,2024-06-15,151.7
366,2019-07-16,2023-07-16,136.0
367,2019-08-17,2024-08-17,121.9
368,2019-09-18,2023-09-18,140.6
369,2019-10-19,2024-10-19,160.0
370,TBD,2023-11-20,128.2
371,TBD,,155.2
372,TBD,,138.2
373,2019-02-23,,141.0
374,2019-03-24,,145.4
375,2019-04-25,,147.1
376,2019-05-26,,135.3
377,2019-06-27,,146.3
378,2019-07-01,,149.4
379,2019-08-02,,153.3
380,TBD,2023-09-03,137.5
381,TBD,2024-10-04,160.5
382,TBD,2023-11-05,164.1
383,2019-12-06,2024-12-06,169.2
384,2019-01-07,2023-01-07,131.6
385,2019-02-08,2024-02-08,146.7
386,2019-03-09,2023-03-09,126.4
387,2019-04-10,2024-04-10,148.8
388,2019-05-11,2023-05-11,150.6
389,2019-06-12,2024-06-12,133.5
390,TBD,2023-07-13,129.1
391,TBD,,146.9
392,TBD,,151.3
393,2019-10-16,,137.1
394,2019-11-17,,142.4
395,2019-12-18,,119.7
396,2019-01-19,,137.9
397,2019-02-20,,146.5
398,2019-03-21,,146.5
399,2019-04-22,,160.8
400,TBD,2023-05-23,138.6
401,TBD,2024-06-24,127.5
402,TBD,2023-07-25,154.5
403,2020-08-26,2024-08-26,144.1
404,2020-09-27,2023-09-27,152.9
405,2020-10-01,2024-10-01,157.2
406,2020-11-02,2023-11-02,156.0
407,2020-12-03,2024-12-03,164.4
408,2020-01-04,2023-01-04,163.5
409,2020-02-05,2024-02-05,133.4
410,TBD,2023-03-06,149.4
411,TBD,,170.0
412,TBD,,145.9
413,2020-06-09,,159.7
414,2020-07-10,,149.4
415,2020-08-11,,145.8
416,2020-09-12,,165.8
417,2020-10-13,,160.4
418,2020-11-14,,147.6
419,2020-12-15,,159.1
420,TBD,2023-01-16,136.9
421,TBD,2024-02-17,142.7
422,TBD,2023-03-18,159.0
423,2020-04-19,2024-04-19,150.4
424,2020-05-20,2023-05-20,139.4
425,2020-06-21,2024-06-21,154.5
426,2020-07-22,2023-07-22,153.3
427,2020-08-23,2024-08-23,162.8
428,2020-09-24,2023-09-24,159.6
429,2020-10-25,2024-10-25,147.2
430,TBD,2023-11-26,145.2
431,TBD,,148.6
432,TBD,,147.7
433,2020-02-02,,164.6
434,2020-03-03,,165.9
435,2020-04-04,,163.6
436,2020-05-05,,153.8
437,2020-06-06,,147.6
438,2020-07-07,,159.0
439,2020-08-08,,146.5
440,TBD,2023-09-09,157.4
441,TBD,2024-10-10,138.3
442,TBD,2023-11-11,150.8
443,2021-12-12,2024-12-12,169.4
444,2021-01-13,2023-01-13,144.7
445,2021-02-14,2024-02-14,140.1
446,2021-03-15,2023-03-15,153.4
447,2021-04-16,2024-04-16,171.7
448,2021-05-17,2023-05-17,169.5
449,2021-06-18,2024-06-18,151.4
450,TBD,2023-07-19,150.2
451,TBD,,153.9
452,TBD,,145.7
453,2021-10-22,,155.4
454,2021-11-23,,152.0
455,2021-12-24,,140.2
456,2021-01-25,,149.2
457,2021-02-26,,152.4
458,2021-03-27,,146.4
459,2021-04-01,,143.8
460,TBD,2023-05-02,164.1
461,TBD,2024-06-03,174.0
462,TBD,2023-07-04,152.1
463,2021-08-05,2024-08-05,150.8
464,2021-09-06,2023-09-06,160.0
465,2021-10-07,2024-10-07,152.7
466,2021-11-08,2023-11-08,147.2
467,2021-12-09,2024-12-09,168.9
468,2021-01-10,2023-01-10,144.6
469,2021-02-11,2024-02-11,147.7
470,TBD,2023-03-12,148.4
471,TBD,,146.2
472,TBD,,152.6
473,2021-06-15,,160.8
474,2021-07-16,,169.4
475,2021-08-17,,161.6
476,2021-09-18,,155.4
477,2021-10-19,,142.5
478,2021-11-20,,154.4
479,2021-12-21,,145.6
480,TBD,2023-01-22,159.0
481,TBD,2024-02-23,169.8
482,TBD,2023-03-24,162.0
483,2022-04-25,2024-04-25,157.9
484,2022-05-26,2023-05-26,152.5
485,2022-06-27,2024-06-27,159.8
486,2022-07-01,2023-07-01,161.1
487,2022-08-02,2024-08-02,150.7
488,2022-09-03,2023-09-03,154.9
489,2022-10-04,2024-10-04,168.8
490,TBD,2023-11-05,143.4
491,TBD,,155.6
492,TBD,,148.3
493,2022-02-08,,175.5
494,2022-03-09,,166.1
495,2022-04-10,,165.1
496,2022-05-11,,164.0
497,2022-06-12,,162.9
498,2022-07-13,,162.9
499,2022-08-14,,144.1
500,TBD,2023-09-15,162.6
501,TBD,2024-10-16,165.9
502,TBD,2023-11-17,145.7
503,2022-12-18,2024-12-18,168.2
504,2022-01-19,2023-01-19,166.7
505,2022-02-20,2024-02-20,144.8
506,2022-03-21,2023-03-21,155.3
507,2022-04-22,2024-04-22,156.9
508,2022-05-23,2023-05-23,154.7
509,2022-06-24,2024-06-24,163.9
510,TBD,2023-07-25,147.2
511,TBD,,157.8
512,TBD,,162.3
513,2022-10-01,,167.2
514,2022-11-02,,160.5
515,2022-12-03,,157.6
516,2022-01-04,,166.9
517,2022-02-05,,140.1
518,2022-03-06,,169.3
519,2022-04-07,,156.9
520,TBD,2023-05-08,152.5
521,TBD,2024-06-09,160.7
522,TBD,2023-07-10,146.7
523,2023-08-11,2024-08-11,144.6
524,2023-09-12,2023-09-12,161.7
525,2023-10-13,2024-10-13,157.2
526,2023-11-14,2023-11-14,172.3
527,2023-12-15,2024-12-15,156.1
528,2023-01-16,2023-01-16,152.0
529,2023-02-17,2024-02-17,155.4
530,TBD,2023-03-18,182.2
531,TBD,,165.3
532,TBD,,158.9
533,2023-06-21,,155.1
534,2023-07-22,,154.0
535,2023-08-23,,163.4
536,2023-09-24,,169.3
537,2023-10-25,,176.5
538,2023-11-26,,176.5
539,2023-12-27,,167.7
540,TBD,2023-01-01,158.4
541,TBD,2024-02-02,156.4
542,TBD,2023-03-03,141.9
543,2023-04-04,2024-04-04,154.8
544,2023-05-05,2023-05-05,169.2
545,2023-06-06,2024-06-06,161.6
546,2023-07-07,2023-07-07,168.7
547,2023-08-08,2024-08-08,151.5
548,2023-09-09,2023-09-09,174.0
549,2023-10-10,2024-10-10,168.0
550,TBD,2023-11-11,165.4
551,TBD,,169.0
552,TBD,,142.6
553,2023-02-14,,159.4
554,2023-03-15,,156.0
555,2023-04-16,,183.1
556,2023-05-17,,163.2
557,2023-06-18,,159.9
558,2023-07-19,,173.5
559,2023-08-20,,154.5
560,TBD,2023-09-21,184.2
561,TBD,2024-10-22,163.0
562,TBD,2023-11-23,169.4
563,2024-12-24,2024-12-24,160.8
564,2024-01-25,2023-01-25,178.1
565,2024-02-26,2024-02-26,148.3
566,2024-03-27,2023-03-27,176.9
567,2024-04-01,2024-04-01,161.8
568,2024-05-02,2023-05-02,170.5
569,2024-06-03,2024-06-03,158.5
570,TBD,2023-07-04,172.3
571,TBD,,171.9
572,TBD,,175.9
573,2024-10-07,,173.1
574,2024-11-08,,176.2
575,2024-12-09,,179.9
576,2024-01-10,,166.1
577,2024-02-11,,158.2
578,2024-03-12,,157.2
579,2024-04-13,,176.8
580,TBD,2023-05-14,166.2
581,TBD,2024-06-15,180.5
582,TBD,2023-07-16,170.5
583,2024-08-17,2024-08-17,159.9
584,2024-09-18,2023-09-18,179.1
585,2024-10-19,2024-10-19,189.4
586,2024-11-20,2023-11-20,168.2
587,2024-12-21,2024-12-21,160.6
588,2024-01-22,2023-01-22,161.5
589,2024-02-23,2024-02-23,178.9
590,TBD,2023-03-24,164.1
591,TBD,,165.9
592,TBD,,176.8
593,2024-06-27,,170.1
594,2024-07-01,,171.2
595,2024-08-02,,164.6
596,2024-09-03,,163.6
597,2024-10-04,,171.6
598,2024-11-05,,171.5
599,2024-12-06,,175.9
