order_date,customer_email,spend
2025-01-01,buyer-01@example.com,57.95
2025-02-02,buyer001@example.com,68.05
2025-03-03,buyer002@example.com,72.59
2025-04-04,buyer003@example.com,85.11
2025-05-05,buyer004@example.com,67.89
2025-06-06,buyer005@example.com,83.4
2025-07-07,buyer006@example.com,7.47
2025-08-08,buyer006@example.com,44.58
2025-09-09,buyer008@example.com,85.19
2025-10-10,buyer009@example.com,60.16
2025-11-11,buyer010@example.com,81.58
2025-12-12,buyer011@example.com,14.62
2025-01-13,buyer012@example.com,44.87
2025-02-14,buyer013@example.com,25.96
2025-03-15,buyer013@example.com,51.22
2025-04-16,buyer015@example.com,53.79
2025-05-17,buyer016@example.com,6.11
2025-06-18,buyer017@example.com,23.42
2025-07-19,buyer018@example.com,28.76
2025-08-20,buyer019@example.com,82.89
2025-09-21,buyer020@example.com,70.09
2025-10-22,buyer020@example.com,18.57
2025-11-23,buyer022@example.com,72.76
2025-12-24,buyer023@example.com,16.8
2025-01-25,buyer024@example.com,57.48
2025-02-26,buyer025@example.com,15.77
2025-03-27,buyer026@example.com,5.15
2025-04-28,buyer027@example.com,79.07
2025-05-01,buyer027@example.com,22.8
2025-06-02,buyer029@example.com,23.32
2025-07-03,buyer030@example.com,88.51
2025-08-04,buyer031@example.com,79.15
2025-09-05,buyer032@example.com,29.59
2025-10-06,buyer033@example.com,86.73
2025-11-07,buyer034@example.com,50.83
2025-12-08,buyer034@example.com,62.62
2025-01-09,buyer036@example.com,22.41
2025-02-10,buyer037@example.com,84.98
2025-03-11,buyer038@example.com,63.7
2025-04-12,buyer039@example.com,87.16
2025-05-13,buyer040@example.com,80.97
2025-06-14,buyer041@example.com,30.4
2025-07-15,buyer041@example.com,35.7
2025-08-16,buyer043@example.com,19.11
2025-09-17,buyer044@example.com,17.38
2025-10-18,buyer045@example.com,10.54
2025-11-19,buyer046@example.com,30.62
2025-12-20,buyer047@example.com,56.26
2025-01-21,buyer048@example.com,5.29
2025-02-22,buyer048@example.com,62.62
2025-03-23,buyer050@example.com,33.72
2025-04-24,buyer051@example.com,31.35
2025-05-25,buyer052@example.com,74.57
2025-06-26,buyer053@example.com,45.86
2025-07-27,buyer054@example.com,31.84
2025-08-28,buyer055@example.com,45.9
2025-09-01,buyer055@example.com,64.9
2025-10-02,buyer057@example.com,9.85
2025-11-03,buyer058@example.com,87.88
2025-12-04,buyer059@example.com,6.94
2025-01-05,buyer060@example.com,68.73
2025-02-06,buyer061@example.com,76.81
2025-03-07,buyer062@example.com,6.54
2025-04-08,buyer062@example.com,71.96
2025-05-09,buyer064@example.com,36.13
2025-06-10,buyer065@example.com,54.17
2025-07-11,buyer066@example.com,5.77
2025-08-12,buyer067@example.com,8.97
2025-09-13,buyer068@example.com,20.38
2025-10-14,buyer069@example.com,86.19
2025-11-15,buyer069@example.com,21.7
2025-12-16,buyer071@example.com,69.24
2025-01-17,buyer072@example.com,84.02
2025-02-18,buyer073@example.com,85.07
2025-03-19,buyer074@example.com,34.27
2025-04-20,buyer075@example.com,35.16
2025-05-21,buyer076@example.com,49.6
2025-06-22,buyer076@example.com,70.93
2025-07-23,buyer078@example.com,14.18
2025-08-24,buyer079@example.com,68.61
2025-09-25,buyer080@example.com,72.76
2025-10-26,buyer081@example.com,78.07
2025-11-27,buyer082@example.com,8.11
2025-12-28,buyer083@example.com,85.39
2025-01-01,buyer083@example.com,12.75
2025-02-02,buyer085@example.com,33.96
2025-03-03,buyer086@example.com,56.92
2025-04-04,buyer087@example.com,83.04
2025-05-05,buyer088@example.com,33.9
2025-06-06,buyer089@example.com,83.56
2025-07-07,buyer090@example.com,51.34
2025-08-08,buyer090@example.com,31.56
2025-09-09,buyer092@example.com,31.93
2025-10-10,buyer093@example.com,20.09
2025-11-11,buyer094@example.com,11.65
2025-12-12,buyer095@example.com,17.65
2025-01-13,buyer096@example.com,63.58
2025-02-14,buyer097@example.com,89.72
2025-03-15,buyer097@example.com,18.73
2025-04-16,buyer099@example.com,9.13
2025-05-17,buyer100@example.com,88.87
2025-06-18,buyer101@example.com,50.35
2025-07-19,buyer102@example.com,39.5
2025-08-20,buyer103@example.com,25.17
2025-09-21,buyer104@example.com,55.49
2025-10-22,buyer104@example.com,75.24
2025-11-23,buyer106@example.com,43.73
2025-12-24,buyer107@example.com,40.85
2025-01-25,buyer108@example.com,9.74
2025-02-26,buyer109@example.com,82.87
2025-03-27,buyer110@example.com,7.78
2025-04-28,buyer111@example.com,46.95
2025-05-01,buyer111@example.com,76.27
2025-06-02,buyer113@example.com,16.1
2025-07-03,buyer114@example.com,67.19
2025-08-04,buyer115@example.com,85.73
2025-09-05,buyer116@example.com,58.58
2025-10-06,buyer117@example.com,71.98
2025-11-07,buyer118@example.com,14.06
2025-12-08,buyer118@example.com,41.94
2025-01-09,buyer120@example.com,17.69
2025-02-10,buyer121@example.com,76.8
2025-03-11,buyer122@example.com,30.06
2025-04-12,buyer123@example.com,43.52
2025-05-13,buyer124@example.com,89.94
2025-06-14,buyer125@example.com,77.44
2025-07-15,buyer125@example.com,87.96
2025-08-16,buyer127@example.com,43.55
2025-09-17,buyer128@example.com,46.49
2025-10-18,buyer129@example.com,67.01
2025-11-19,buyer130@example.com,45.72
2025-12-20,buyer131@example.com,29.74
2025-01-21,buyer132@example.com,39.32
2025-02-22,buyer132@example.com,17.45
2025-03-23,buyer134@example.com,37.05
2025-04-24,buyer135@example.com,89.01
2025-05-25,buyer136@example.com,86.58
2025-06-26,buyer137@example.com,58.29
2025-07-27,buyer138@example.com,47.44
2025-08-28,buyer139@example.com,33.77
2025-09-01,buyer139@example.com,12.58
2025-10-02,buyer141@example.com,28.15
2025-11-03,buyer142@example.com,71.47
2025-12-04,buyer143@example.com,78.73
2025-01-05,buyer144@example.com,35.71
2025-02-06,buyer145@example.com,71.81
2025-03-07,buyer146@example.com,70.87
2025-04-08,buyer146@example.com,64.04
2025-05-09,buyer148@example.com,61.44
2025-06-10,buyer149@example.com,69.57
2025-07-11,buyer150@example.com,35.89
2025-08-12,buyer151@example.com,64.88
2025-09-13,buyer152@example.com,28.87
2025-10-14,buyer153@example.com,46.28
2025-11-15,buyer153@example.com,70.43
2025-12-16,buyer155@example.com,63.73
2025-01-17,buyer156@example.com,29.98
2025-02-18,buyer157@example.com,85.37
2025-03-19,buyer158@example.com,60.22
2025-04-20,buyer159@example.com,54.36
2025-05-21,buyer160@example.com,5.98
2025-06-22,buyer160@example.com,51.49
2025-07-23,buyer162@example.com,26.31
2025-08-24,buyer163@example.com,62.09
2025-09-25,buyer164@example.com,44.35
2025-10-26,buyer165@example.com,74.42
2025-11-27,buyer166@example.com,60.03
2025-12-28,buyer167@example.com,72.8
2025-01-01,buyer167@example.com,34.57
2025-02-02,buyer169@example.com,59.75
2025-03-03,buyer170@example.com,67.72
2025-04-04,buyer171@example.com,75.4
2025-05-05,buyer172@example.com,34.75
2025-06-06,buyer173@example.com,76.64
2025-07-07,buyer174@example.com,78.94
2025-08-08,buyer174@example.com,63.51
2025-09-09,buyer176@example.com,87.97
2025-10-10,buyer177@example.com,86.3
2025-11-11,buyer178@example.com,49.04
2025-12-12,buyer179@example.com,49.99
2025-01-13,buyer180@example.com,19.12
2025-02-14,buyer181@example.com,76.11
2025-03-15,buyer181@example.com,84.68
2025-04-16,buyer183@example.com,45.57
2025-05-17,buyer184@example.com,63.77
2025-06-18,buyer185@example.com,66.17
2025-07-19,buyer186@example.com,67.08
2025-08-20,buyer187@example.com,19.61
2025-09-21,buyer188@example.com,71.33
2025-10-22,buyer188@example.com,54.37
2025-11-23,buyer190@example.com,61.57
2025-12-24,buyer191@example.com,40.77
2025-01-25,buyer192@example.com,58.02
2025-02-26,buyer193@example.com,70.85
2025-03-27,buyer194@example.com,59.13
2025-04-28,buyer195@example.com,66.24
2025-05-01,buyer195@example.com,7.35
2025-06-02,buyer197@example.com,18.6
2025-07-03,buyer198@example.com,42.49
2025-08-04,buyer199@example.com,60.26
