order_no,order_date,region,channel,units,revenue,discount_pct
100000,2024-05-23,South,Online,40,1065.52,0
100001,2024-05-03,East,Online,15,369.00,0
100002,2024-11-23,South,Wholesale,44,967.39,5
100003,customer to confirm 3,North,Wholesale,17,323.10,0
100004,2024-07-03,North,Wholesale,34,723.92,20
100005,2025-08-02,North,Wholesale,about 21 (est. 5),496.93,0
100006,2024-07-07,West,Retail,58,1763.15,15
100007,2025-06-11,South,Retail,53,1724.26,15
100008,2024-07-08,West,Online,22,569.72,0
100009,2025-03-05,East,Wholesale,19,423.68,5
100010,2025-02-10,South,Retail,37,1167.81,10
100011,2024-01-26,East,Wholesale,39,753.00,10
100012,2025-03-19,West,Online,6,177.93,0
100013,2024-04-10,West,Retail,4,119.31,0
100014,pending carrier scan 14,South,Retail,1,31.92,0
100015,2024-06-24,North,Wholesale,25,500.58,0
100016,2024-12-31,South,Retail,3,90.41,0
100017,2025-10-24,South,Wholesale,45,1038.26,0
100018,2025-02-24,North,Online,about 59 (est. 18),1668.29,0
100019,2024-05-02,West,Wholesale,34,652.83,0
100020,2025-04-29,West,Wholesale,5,115.02,0
100021,2024-04-23,East,Online,2,48.60,0
100022,2025-10-11,North,Retail,7,234.50,15
100023,2025-09-03,West,Wholesale,18,411.85,0
100024,2024-07-14,East,Wholesale,8,171.94,10
100025,date on paper form 25,West,Online,12,302.91,20
100026,2024-04-09,West,Wholesale,14,273.84,0
100027,2025-06-21,South,Online,16,460.78,20
100028,2025-10-01,North,Online,14,432.59,15
100029,2025-01-26,North,Wholesale,46,1002.55,0
100030,2024-09-11,South,Online,18,496.00,15
100031,2025-08-02,South,Online,about 57 (est. 31),1762.62,0
100032,2024-02-28,North,Retail,11,312.73,0
100033,2025-05-13,North,Retail,50,1693.18,0
100034,2025-10-09,West,Wholesale,15,356.71,5
100035,2024-05-23,East,Retail,17,512.22,20
100036,held at depot 36,West,Wholesale,41,751.10,20
100037,2025-09-27,East,Retail,55,1962.01,0
100038,2024-07-11,East,Retail,34,972.49,20
100039,2025-06-06,West,Wholesale,32,758.27,10
100040,2024-07-14,West,Retail,22,676.60,20
100041,2024-03-20,West,Wholesale,42,825.39,15
100042,2024-06-14,North,Online,59,1491.30,0
100043,2024-02-25,South,Online,36,870.82,10
100044,2024-01-01,East,Online,about 8 (est. 44),200.61,15
100045,2024-02-22,North,Online,37,867.18,0
100046,2024-09-20,East,Retail,59,1867.18,10
100047,split delivery 47,East,Retail,44,1585.39,15
100048,2024-02-23,South,Wholesale,42,851.80,15
100049,2024-10-15,North,Online,16,409.28,0
100050,2024-11-01,North,Retail,8,237.04,5
100051,2024-12-06,South,Online,31,826.97,5
100052,2024-12-28,South,Retail,20,612.94,0
100053,2025-09-28,East,Online,30,943.85,10
100054,2025-07-09,South,Online,9,272.47,20
100055,2024-11-13,South,Retail,4,120.94,0
100056,2024-06-05,North,Wholesale,31,614.89,0
100057,2025-05-31,West,Online,about 44 (est. 57),1253.53,5
100058,"backorder, see batch 58",West,Retail,41,1192.98,5
100059,2025-04-14,West,Retail,14,447.44,0
100060,2024-03-24,North,Online,54,1332.77,20
100061,2024-03-22,South,Wholesale,31,625.80,0
100062,2025-10-06,South,Online,49,1541.14,10
100063,2024-11-06,South,Wholesale,45,932.03,20
100064,2024-12-11,West,Retail,36,1150.97,20
100065,2025-02-19,West,Wholesale,52,1189.22,0
100066,2024-08-01,South,Online,42,1097.16,15
100067,2024-10-25,North,Wholesale,60,1242.72,10
100068,2024-09-04,East,Retail,52,1619.55,0
100069,reissued invoice 69,South,Retail,27,907.36,15
100070,2024-05-21,North,Wholesale,about 39 (est. 70),783.10,15
100071,2024-04-21,South,Wholesale,33,668.85,0
100072,2025-02-09,South,Online,24,669.65,15
100073,2024-09-24,North,Online,11,290.48,20
100074,2024-12-09,South,Retail,11,344.29,0
100075,2024-04-12,East,Retail,8,228.44,0
100076,2024-03-27,East,Wholesale,29,572.11,0
100077,2025-08-14,East,Online,55,1579.77,20
100078,2025-10-14,North,Wholesale,8,189.02,0
100079,2025-06-26,West,Wholesale,22,531.63,20
100080,awaiting ship date 80,South,Retail,17,463.23,0
100081,2025-09-20,East,Online,47,1468.57,5
100082,2025-06-07,North,Online,45,1286.40,0
100083,2024-06-10,West,Online,about 29 (est. 83),752.55,5
100084,2024-03-16,East,Wholesale,2,40.53,5
100085,2024-08-05,East,Online,40,1049.80,0
100086,2024-10-16,North,Online,30,828.68,0
100087,2025-02-17,South,Retail,16,495.54,0
100088,2024-04-26,South,Retail,27,796.96,20
100089,2025-05-14,East,Retail,39,1307.67,15
100090,2024-10-03,East,Retail,6,184.28,0
100091,customer to confirm 91,South,Retail,25,702.05,20
100092,2024-10-14,East,Wholesale,59,1188.56,20
100093,2025-04-15,West,Online,2,55.38,15
100094,2024-11-14,North,Online,54,1459.75,10
100095,2024-12-24,South,Online,41,1094.36,0
100096,2025-02-28,South,Online,about 17 (est. 96),484.72,0
100097,2025-09-22,West,Wholesale,28,640.42,20
100098,2024-12-19,South,Retail,9,271.79,0
100099,2024-08-28,East,Retail,46,1454.83,10
100100,2024-03-12,East,Wholesale,26,510.84,0
100101,2024-07-23,South,Online,10,254.90,0
100102,pending carrier scan 102,South,Online,38,936.63,10
100103,2024-10-27,North,Online,27,696.16,0
100104,2024-01-22,West,Retail,27,750.12,0
100105,2025-06-10,South,Online,21,595.65,0
100106,2024-06-11,North,Online,49,1257.34,0
100107,2025-07-22,East,Online,9,259.09,0
100108,2025-11-23,North,Wholesale,5,122.27,0
100109,2024-01-31,East,Wholesale,about 25 (est. 12),475.24,0
100110,2025-03-06,North,Retail,8,269.39,10
100111,2024-12-31,West,Online,16,444.51,0
100112,2024-04-06,East,Online,39,993.93,20
100113,date on paper form 113,East,Retail,54,1694.96,0
100114,2024-10-06,East,Retail,18,568.09,0
100115,2024-12-20,East,Retail,27,851.86,0
100116,2024-04-10,West,Online,16,410.57,0
100117,2025-03-17,North,Retail,30,1001.32,5
100118,2025-04-01,West,Online,52,1454.05,5
100119,2024-04-25,West,Retail,44,1237.59,0
100120,2025-07-12,West,Wholesale,20,487.42,10
100121,2025-08-31,West,Retail,27,899.32,5
100122,2025-01-16,West,Online,about 47 (est. 25),1297.77,0
100123,2025-08-06,North,Retail,2,69.36,0
100124,held at depot 124,West,Wholesale,18,356.75,0
100125,2024-09-12,West,Retail,30,883.20,5
100126,2024-07-04,South,Retail,14,394.96,0
100127,2024-02-18,East,Online,2,46.90,15
100128,2025-03-06,South,Wholesale,51,1170.25,10
100129,2024-03-19,North,Wholesale,20,373.76,5
100130,2024-12-06,South,Online,48,1249.26,0
100131,2024-07-19,South,Wholesale,33,692.22,0
100132,2024-04-08,South,Retail,19,525.84,5
100133,2024-12-10,North,Wholesale,27,575.10,0
100134,2024-10-29,East,Wholesale,26,563.24,0
100135,split delivery 135,South,Online,about 19 (est. 38),503.10,0
100136,2025-10-02,South,Wholesale,60,1492.54,15
100137,2024-05-13,West,Retail,34,998.04,0
100138,2025-06-26,North,Wholesale,31,689.86,20
100139,2025-06-28,West,Online,19,529.34,10
100140,2024-01-18,North,Wholesale,34,678.57,15
100141,2025-07-27,South,Retail,6,207.98,5
100142,2024-11-08,East,Retail,7,227.07,20
100143,2025-08-20,East,Retail,20,685.59,20
100144,2024-03-06,East,Wholesale,10,200.56,0
100145,2025-10-08,North,Retail,20,685.19,0
100146,"backorder, see batch 146",West,Wholesale,45,1010.25,20
100147,2024-12-04,East,Wholesale,34,710.09,15
100148,2024-05-18,South,Wholesale,about 45 (est. 51),916.07,20
100149,2025-09-15,South,Retail,58,1901.91,5
100150,2024-04-19,West,Wholesale,45,885.96,0
100151,2024-11-23,North,Online,57,1545.38,15
100152,2025-02-15,East,Wholesale,29,625.52,0
100153,2025-06-28,South,Retail,11,376.46,20
100154,2024-04-30,West,Retail,15,447.41,5
100155,2025-09-14,North,Wholesale,17,399.87,20
100156,2025-07-08,North,Online,6,178.49,0
100157,reissued invoice 157,West,Retail,10,326.87,10
100158,2025-03-14,South,Retail,29,896.11,15
100159,2025-06-11,South,Retail,13,450.47,20
100160,2024-12-02,North,Online,41,1141.16,0
100161,2024-02-14,South,Retail,about 33 (est. 64),936.89,10
100162,2024-03-24,North,Retail,17,459.78,5
100163,2024-12-23,West,Retail,38,1181.40,0
100164,2025-02-28,South,Wholesale,12,278.73,0
100165,2025-06-10,East,Wholesale,24,559.98,15
100166,2025-10-22,West,Online,8,241.39,15
100167,2025-02-01,East,Retail,7,216.19,20
100168,awaiting ship date 168,West,Wholesale,14,308.93,20
100169,2024-05-13,South,Wholesale,37,714.96,0
100170,2024-09-26,East,Online,24,607.78,15
100171,2024-04-30,North,Online,47,1203.47,5
100172,2024-07-28,West,Online,10,268.40,0
100173,2024-04-14,East,Wholesale,1,20.15,20
100174,2025-06-27,North,Online,about 16 (est. 77),487.10,10
100175,2024-03-10,South,Wholesale,59,1202.25,20
100176,2024-06-08,East,Retail,57,1600.75,10
100177,2024-04-05,North,Online,44,1044.69,0
100178,2024-05-31,North,Online,18,475.72,15
100179,customer to confirm 179,East,Online,40,999.35,0
100180,2025-04-08,West,Wholesale,37,795.42,20
100181,2024-02-03,South,Online,28,694.99,10
100182,2024-11-28,East,Online,58,1568.61,0
100183,2025-11-28,South,Online,49,1557.11,0
100184,2024-03-09,East,Online,55,1405.68,5
100185,2025-05-09,West,Wholesale,17,380.55,0
100186,2024-08-13,South,Retail,60,1712.64,0
100187,2024-10-02,South,Online,about 4 (est. 90),103.26,5
100188,2025-06-07,East,Wholesale,1,23.76,5
100189,2024-07-24,West,Online,50,1253.72,15
100190,pending carrier scan 190,North,Wholesale,17,355.30,20
100191,2025-03-29,South,Wholesale,7,161.43,15
100192,2024-02-22,East,Retail,42,1229.76,0
100193,2024-06-06,South,Online,47,1147.35,15
100194,2024-06-11,North,Wholesale,23,469.90,0
100195,2025-09-25,East,Online,46,1393.57,10
100196,2025-06-16,North,Online,36,997.83,0
100197,2025-06-23,South,Wholesale,45,988.33,10
100198,2024-03-11,South,Online,33,837.93,10
100199,2025-05-14,South,Wholesale,20,445.21,0
100200,2025-08-31,South,Wholesale,about 32 (est. 6),730.04,20
100201,date on paper form 201,North,Online,2,53.03,0
100202,2025-11-01,East,Online,14,434.62,10
100203,2024-06-08,West,Retail,11,332.33,0
100204,2025-05-26,North,Retail,22,694.68,5
100205,2024-01-01,South,Wholesale,27,525.32,0
100206,2024-02-18,North,Wholesale,27,548.65,5
100207,2025-07-26,South,Online,25,746.52,0
100208,2024-01-04,North,Retail,25,664.08,15
100209,2024-03-05,North,Online,51,1243.76,10
100210,2025-04-19,West,Wholesale,15,334.31,0
100211,2024-03-21,East,Retail,54,1595.47,15
100212,held at depot 212,North,Retail,14,392.98,0
100213,2025-07-28,West,Online,about 8 (est. 19),239.59,0
100214,2025-10-01,West,Online,6,188.87,15
100215,2024-08-25,North,Retail,16,496.43,5
100216,2025-11-09,East,Retail,47,1672.57,10
100217,2025-04-21,West,Wholesale,50,1125.41,20
100218,2024-03-02,West,Wholesale,49,924.44,10
100219,2024-08-23,West,Online,36,923.88,5
100220,2025-10-19,West,Online,46,1400.77,20
100221,2024-07-21,North,Retail,53,1553.45,15
100222,2024-05-06,South,Wholesale,17,338.62,20
100223,split delivery 223,West,Wholesale,12,240.64,20
100224,2024-04-27,East,Retail,50,1392.17,0
100225,2024-06-23,East,Retail,12,345.63,10
100226,2024-04-25,East,Online,about 43 (est. 32),1028.60,0
100227,2024-01-04,South,Wholesale,37,699.08,15
100228,2024-10-24,South,Online,41,1064.22,20
100229,2025-03-26,North,Retail,26,870.70,0
100230,2025-06-18,West,Wholesale,32,748.99,10
100231,2024-05-19,East,Retail,32,937.77,0
100232,2025-03-25,East,Online,9,244.69,15
100233,2025-01-24,East,Online,2,54.94,0
100234,"backorder, see batch 234",West,Wholesale,26,607.98,0
100235,2024-09-29,East,Online,5,132.11,15
100236,2025-01-09,West,Retail,12,384.54,5
100237,2025-02-05,East,Online,38,1079.86,5
100238,2024-11-10,North,Retail,48,1495.61,5
100239,2024-09-28,East,Retail,about 48 (est. 45),1535.29,15
100240,2024-10-14,East,Online,41,1100.92,15
100241,2025-04-30,West,Online,34,959.95,20
100242,2025-10-09,South,Wholesale,4,96.87,10
100243,2024-02-06,North,Retail,60,1596.56,0
100244,2025-11-03,South,Retail,46,1639.32,15
100245,reissued invoice 245,North,Retail,27,760.65,15
100246,2024-04-22,West,Retail,56,1639.50,0
100247,2025-10-22,North,Online,57,1706.20,5
100248,2024-01-18,East,Wholesale,13,257.59,15
100249,2025-05-12,West,Wholesale,38,897.17,15
100250,2024-04-15,West,Online,38,970.29,0
100251,2024-07-05,West,Retail,25,704.14,5
100252,2024-09-27,East,Retail,about 56 (est. 58),1747.83,0
100253,2025-07-24,East,Wholesale,24,557.71,0
100254,2024-06-20,South,Wholesale,40,846.78,15
100255,2025-10-13,East,Online,21,619.22,10
100256,awaiting ship date 256,North,Retail,18,539.07,0
100257,2025-11-19,South,Retail,24,800.24,0
100258,2024-08-13,East,Retail,6,181.00,15
100259,2025-08-24,North,Online,4,124.20,5
100260,2025-05-31,West,Online,3,87.96,5
100261,2024-01-07,South,Online,30,736.06,10
100262,2025-11-23,South,Online,56,1758.76,0
100263,2025-08-06,South,Retail,15,494.67,5
100264,2024-02-02,West,Online,60,1451.55,0
100265,2024-03-08,North,Online,about 21 (est. 71),522.43,10
100266,2024-06-30,East,Online,25,647.41,5
100267,customer to confirm 267,North,Online,33,810.43,20
100268,2024-06-27,North,Retail,47,1453.65,0
100269,2024-12-04,West,Online,42,1158.53,15
100270,2024-06-19,West,Retail,43,1316.71,10
100271,2025-03-19,North,Retail,32,1033.78,20
100272,2025-07-01,East,Retail,28,905.94,10
100273,2025-03-17,East,Retail,34,1117.55,15
100274,2024-01-19,West,Retail,18,487.78,20
100275,2025-05-07,North,Online,57,1702.21,5
100276,2024-05-22,East,Online,7,169.93,0
100277,2024-08-06,North,Wholesale,3,59.73,5
100278,pending carrier scan 278,North,Retail,about 44 (est. 84),1503.70,5
100279,2025-01-10,West,Wholesale,18,396.83,0
100280,2025-11-28,East,Online,36,1118.03,0
100281,2024-12-20,North,Retail,28,863.60,15
100282,2025-05-15,South,Retail,13,439.06,10
100283,2025-03-19,South,Retail,14,459.13,20
100284,2025-07-15,West,Retail,21,703.81,0
100285,2025-09-13,East,Retail,25,840.16,0
100286,2024-11-05,South,Retail,3,90.87,0
100287,2025-05-17,West,Online,32,892.13,0
100288,2024-03-10,South,Retail,10,276.71,0
100289,date on paper form 289,South,Online,36,988.26,20
100290,2025-01-02,West,Wholesale,55,1139.13,20
100291,2024-09-18,East,Wholesale,about 48 (est. 0),1047.07,10
100292,2025-04-27,West,Retail,44,1426.38,0
100293,2025-07-28,North,Wholesale,43,1030.08,0
100294,2025-10-21,North,Wholesale,4,97.49,15
100295,2024-09-28,North,Wholesale,12,257.29,20
100296,2024-12-31,South,Retail,3,93.16,10
100297,2025-07-15,North,Wholesale,8,178.87,5
100298,2025-05-26,East,Wholesale,11,242.67,10
100299,2025-04-19,North,Online,38,1098.25,0
100300,held at depot 300,East,Online,50,1346.37,0
100301,2024-08-17,South,Wholesale,40,841.82,5
100302,2024-04-27,West,Retail,25,753.44,0
100303,2024-12-15,North,Wholesale,21,452.58,15
100304,2025-07-31,North,Retail,about 39 (est. 13),1271.68,0
100305,2025-11-19,West,Wholesale,20,482.57,10
100306,2024-03-12,South,Retail,22,618.07,15
100307,2025-06-14,South,Wholesale,50,1190.88,20
100308,2024-01-15,West,Wholesale,49,945.97,10
100309,2025-07-30,North,Online,53,1592.31,0
100310,2025-06-03,North,Wholesale,56,1226.37,0
100311,split delivery 311,West,Wholesale,37,756.39,0
100312,2025-07-17,West,Wholesale,37,892.28,0
100313,2024-03-15,West,Online,9,233.02,0
100314,2025-08-20,East,Wholesale,36,853.04,0
100315,2025-01-28,South,Online,52,1397.60,20
100316,2024-10-03,West,Wholesale,33,729.62,0
100317,2025-10-11,North,Online,about 56 (est. 26),1709.63,15
100318,2025-01-26,South,Retail,58,1864.99,0
100319,2024-10-04,East,Retail,15,456.46,0
100320,2025-11-04,South,Wholesale,57,1384.67,0
100321,2024-02-27,East,Retail,19,525.66,5
100322,"backorder, see batch 322",North,Online,5,155.87,15
100323,2025-10-23,East,Retail,42,1469.58,10
100324,2024-05-12,West,Wholesale,39,747.26,0
100325,2025-10-26,South,Wholesale,47,1090.53,0
100326,2024-06-10,North,Retail,21,626.93,0
100327,2025-09-01,North,Online,52,1554.83,20
100328,2025-05-10,East,Online,29,869.51,10
100329,2024-04-25,North,Online,58,1419.77,10
100330,2025-11-16,North,Online,about 45 (est. 39),1373.01,0
100331,2025-11-24,West,Wholesale,6,141.83,20
100332,2024-01-08,South,Retail,30,822.67,15
100333,reissued invoice 333,North,Wholesale,37,784.84,0
100334,2025-06-26,West,Wholesale,25,592.13,20
100335,2024-04-22,South,Wholesale,32,604.98,5
100336,2024-11-24,East,Wholesale,11,229.04,0
100337,2025-04-09,South,Wholesale,48,1111.37,10
100338,2025-01-16,North,Wholesale,30,674.38,0
100339,2025-03-26,East,Wholesale,3,68.55,10
100340,2024-07-26,South,Wholesale,47,947.33,0
100341,2024-10-19,East,Online,27,743.90,10
100342,2025-04-07,East,Online,9,251.90,20
100343,2025-05-11,East,Wholesale,about 34 (est. 52),786.56,0
100344,awaiting ship date 344,South,Retail,1,33.65,5
100345,2025-04-23,East,Wholesale,17,371.85,20
100346,2024-03-07,South,Online,48,1183.28,0
100347,2025-06-28,East,Retail,3,96.44,15
100348,2025-11-11,South,Wholesale,33,761.63,20
100349,2025-01-08,South,Wholesale,14,295.67,15
100350,2024-02-15,South,Retail,10,277.75,10
100351,2024-01-21,East,Wholesale,14,256.18,5
100352,2024-03-17,South,Wholesale,13,265.84,5
100353,2024-09-01,South,Retail,56,1669.65,15
100354,2025-05-11,East,Online,44,1207.89,10
100355,customer to confirm 355,South,Wholesale,10,192.89,0
100356,2024-04-27,West,Wholesale,about 41 (est. 65),823.22,5
100357,2025-01-08,North,Online,29,800.94,15
100358,2025-09-13,East,Wholesale,55,1254.91,5
100359,2024-10-02,West,Retail,51,1595.32,15
100360,2024-02-20,North,Wholesale,32,638.28,0
100361,2024-01-26,South,Wholesale,55,1039.11,0
100362,2025-01-21,North,Retail,18,549.47,10
100363,2025-03-05,West,Retail,40,1332.99,0
100364,2024-11-10,West,Online,7,190.78,10
100365,2024-06-11,East,Wholesale,42,848.22,10
100366,pending carrier scan 366,East,Retail,36,1262.13,20
100367,2025-01-07,East,Online,43,1222.79,15
100368,2024-10-22,North,Online,13,352.67,0
100369,2025-10-26,North,Wholesale,about 52 (est. 78),1302.03,10
100370,2025-05-08,South,Retail,8,253.80,0
100371,2025-06-16,West,Online,50,1525.75,0
100372,2025-11-30,North,Wholesale,26,602.67,0
100373,2024-10-26,West,Online,18,474.93,0
100374,2025-11-12,West,Wholesale,51,1199.13,10
100375,2024-08-06,East,Wholesale,16,329.99,5
100376,2024-02-06,East,Retail,47,1317.86,5
100377,date on paper form 377,East,Wholesale,12,243.19,0
100378,2024-09-27,South,Online,14,353.75,5
100379,2024-04-19,West,Online,34,838.10,20
100380,2025-09-15,South,Online,15,445.09,0
100381,2024-01-16,North,Online,51,1182.98,5
100382,2024-11-15,West,Online,about 4 (est. 91),109.54,0
100383,2024-08-07,East,Wholesale,12,239.89,0
100384,2025-10-13,East,Retail,49,1689.90,0
100385,2025-08-01,North,Online,14,412.94,0
100386,2024-12-06,West,Retail,47,1403.35,10
100387,2024-01-01,South,Retail,20,576.09,5
100388,held at depot 388,East,Online,53,1428.65,15
100389,2024-06-22,West,Retail,59,1783.32,0
100390,2025-10-28,West,Wholesale,35,880.65,0
100391,2025-01-05,South,Wholesale,13,294.46,20
100392,2025-09-08,East,Retail,57,2007.60,0
100393,2024-08-18,West,Wholesale,23,489.14,5
100394,2025-09-04,South,Online,32,937.32,0
100395,2025-05-02,South,Wholesale,about 43 (est. 7),958.95,20
100396,2025-01-29,West,Online,53,1421.25,0
100397,2025-08-02,West,Online,51,1437.60,20
100398,2025-09-14,North,Wholesale,13,301.90,10
100399,split delivery 399,East,Wholesale,26,551.90,10
100400,2024-08-02,East,Retail,24,730.11,5
100401,2024-12-25,North,Wholesale,25,564.50,15
100402,2024-05-04,West,Online,26,634.10,15
100403,2024-02-15,West,Retail,56,1581.37,15
100404,2025-05-05,South,Retail,38,1195.31,10
100405,2025-02-25,West,Wholesale,3,64.48,20
100406,2025-09-04,West,Online,7,203.19,0
100407,2025-02-18,South,Online,3,85.09,10
100408,2025-06-14,West,Wholesale,about 21 (est. 20),480.21,0
100409,2025-08-07,South,Wholesale,31,740.49,10
100410,"backorder, see batch 410",West,Online,38,1101.49,20
100411,2024-09-18,South,Online,49,1345.46,15
100412,2024-03-23,North,Retail,20,590.21,5
100413,2024-07-27,North,Online,32,848.78,5
100414,2025-09-10,West,Retail,59,2043.52,5
100415,2024-10-29,North,Online,36,984.26,10
100416,2024-03-14,South,Wholesale,29,573.46,20
100417,2025-08-27,West,Online,23,674.70,5
100418,2025-10-19,West,Wholesale,48,1128.66,0
100419,2025-09-28,West,Retail,36,1285.09,5
100420,2024-04-23,East,Online,20,487.55,0
100421,reissued invoice 421,South,Retail,about 37 (est. 33),1095.50,10
100422,2025-04-07,North,Online,29,859.50,20
100423,2024-09-12,East,Wholesale,1,20.18,15
100424,2024-10-31,East,Retail,11,322.67,10
100425,2024-10-22,West,Wholesale,52,1087.80,10
100426,2024-12-16,East,Retail,28,899.46,10
100427,2025-09-21,East,Wholesale,52,1242.02,10
100428,2024-10-01,South,Retail,11,339.60,0
100429,2024-08-24,West,Online,3,77.50,10
100430,2024-06-14,West,Online,11,283.83,0
100431,2024-12-08,East,Retail,6,195.15,5
100432,awaiting ship date 432,East,Online,32,1006.99,20
100433,2024-12-06,East,Retail,7,223.63,0
100434,2025-06-14,East,Retail,about 39 (est. 46),1345.23,0
100435,2024-06-20,East,Online,4,101.15,5
100436,2025-01-01,East,Online,29,829.89,0
100437,2024-01-22,North,Online,22,558.92,0
100438,2025-08-24,West,Retail,60,2057.55,20
100439,2024-12-30,South,Retail,9,283.39,0
100440,2024-08-29,West,Retail,44,1287.89,15
100441,2024-02-21,South,Retail,38,1064.87,5
100442,2025-04-06,West,Online,55,1520.14,0
100443,customer to confirm 443,East,Online,6,177.39,0
100444,2024-11-06,East,Online,33,901.47,0
100445,2024-10-29,South,Wholesale,26,552.69,5
100446,2025-10-23,East,Wholesale,32,804.58,0
100447,2025-09-26,South,Retail,about 51 (est. 59),1676.23,0
100448,2025-02-23,North,Wholesale,31,659.16,0
100449,2025-02-23,West,Retail,60,2020.35,5
100450,2025-04-22,East,Wholesale,47,1014.48,10
100451,2024-10-05,East,Wholesale,14,287.49,5
100452,2025-11-14,West,Online,47,1504.90,0
100453,2025-08-16,South,Wholesale,44,1056.37,0
100454,pending carrier scan 454,South,Wholesale,18,347.95,20
100455,2025-04-09,West,Online,2,55.06,0
100456,2025-05-24,West,Retail,6,192.52,0
100457,2024-09-14,South,Online,59,1500.48,20
100458,2025-02-01,North,Online,56,1521.95,5
100459,2025-01-17,East,Retail,12,380.05,20
100460,2024-05-15,South,Retail,about 7 (est. 72),204.07,0
100461,2025-09-27,South,Online,12,361.11,15
100462,2025-09-15,East,Retail,39,1313.45,0
100463,2024-03-29,West,Online,45,1105.00,10
100464,2025-11-02,West,Online,43,1245.50,10
100465,date on paper form 465,North,Retail,58,1604.49,0
100466,2024-07-27,West,Wholesale,14,289.57,0
100467,2024-07-11,North,Wholesale,60,1169.20,10
100468,2025-04-30,West,Online,56,1619.92,10
100469,2025-03-18,South,Retail,54,1780.07,15
100470,2025-06-26,North,Retail,15,496.69,5
100471,2025-05-31,South,Online,27,769.91,0
100472,2025-07-28,East,Online,59,1693.21,0
100473,2025-01-05,North,Retail,about 40 (est. 85),1283.13,0
100474,2024-01-02,East,Retail,4,109.45,0
100475,2025-04-20,East,Online,56,1639.70,20
100476,held at depot 476,West,Wholesale,20,443.26,0
100477,2024-06-16,North,Retail,39,1090.34,0
100478,2024-01-02,West,Retail,30,833.59,0
100479,2024-01-21,North,Wholesale,39,715.25,0
100480,2024-08-29,West,Wholesale,20,400.20,10
100481,2025-01-02,South,Retail,37,1181.49,0
100482,2025-08-10,East,Wholesale,39,935.13,10
100483,2024-12-18,East,Online,3,85.63,0
100484,2025-01-13,West,Wholesale,12,273.37,0
100485,2024-06-27,North,Online,57,1518.41,10
100486,2025-03-26,South,Retail,about 13 (est. 1),440.40,5
100487,split delivery 487,North,Wholesale,17,368.82,20
100488,2025-01-11,East,Wholesale,43,898.07,10
100489,2024-03-27,East,Wholesale,7,142.68,5
100490,2025-01-05,West,Retail,59,1809.77,0
100491,2025-03-04,West,Retail,51,1577.07,0
100492,2024-07-15,East,Wholesale,28,548.13,0
100493,2024-07-11,South,Online,31,787.64,10
100494,2024-12-05,West,Online,21,569.84,15
100495,2025-03-21,West,Online,57,1665.79,15
100496,2025-11-28,West,Retail,12,419.28,20
100497,2024-03-21,West,Retail,57,1580.64,0
100498,"backorder, see batch 498",South,Wholesale,29,592.27,0
100499,2024-08-14,East,Online,about 12 (est. 14),308.26,0
100500,2024-07-24,North,Wholesale,35,694.03,20
100501,2025-08-24,South,Retail,20,707.72,0
100502,2025-05-09,North,Online,58,1685.69,10
100503,2025-06-26,East,Retail,31,1006.39,5
100504,2024-06-16,West,Online,13,327.21,20
100505,2025-07-08,East,Wholesale,41,905.55,0
100506,2025-01-12,East,Online,40,1133.54,15
100507,2025-02-16,South,Wholesale,48,1038.97,0
100508,2025-10-25,North,Retail,56,1868.16,0
100509,reissued invoice 509,North,Wholesale,13,278.16,10
100510,2025-06-26,West,Retail,5,163.32,5
100511,2025-05-02,East,Online,1,28.38,0
100512,2025-03-09,South,Wholesale,about 44 (est. 27),1026.71,10
100513,2024-04-12,West,Wholesale,17,351.48,5
100514,2025-10-30,East,Retail,42,1525.22,15
100515,2024-12-02,North,Retail,13,416.82,0
100516,2025-11-12,West,Retail,35,1168.36,5
100517,2024-11-05,South,Retail,13,385.08,5
100518,2025-05-01,East,Online,58,1600.65,10
100519,2025-11-21,East,Online,10,295.91,0
100520,awaiting ship date 520,North,Retail,48,1576.68,10
100521,2024-04-09,East,Wholesale,43,819.97,0
100522,2024-11-12,West,Wholesale,3,66.30,5
100523,2025-11-28,West,Online,24,768.80,5
100524,2024-01-06,West,Online,14,325.32,10
100525,2024-05-10,East,Retail,about 10 (est. 40),288.04,0
100526,2024-11-17,North,Wholesale,17,381.08,10
100527,2025-11-15,West,Retail,29,1022.38,0
100528,2024-01-12,East,Retail,14,388.66,0
100529,2025-05-01,South,Retail,16,525.69,10
100530,2024-10-12,North,Retail,34,1043.70,20
100531,customer to confirm 531,West,Wholesale,4,87.13,10
100532,2025-03-30,North,Retail,24,800.38,5
100533,2024-12-16,South,Wholesale,28,631.82,0
100534,2024-11-05,South,Wholesale,7,147.56,0
100535,2024-07-13,South,Retail,56,1674.82,20
100536,2024-04-23,West,Retail,54,1615.23,0
100537,2025-04-02,East,Wholesale,18,389.28,15
100538,2024-04-17,South,Online,about 32 (est. 53),763.56,0
100539,2024-01-04,West,Online,31,767.12,20
100540,2024-07-31,East,Retail,24,694.94,0
100541,2024-12-07,West,Wholesale,32,705.92,20
100542,pending carrier scan 542,East,Wholesale,47,1016.72,20
100543,2025-02-23,North,Wholesale,53,1192.61,5
100544,2025-04-13,East,Wholesale,43,1003.46,0
100545,2025-03-10,West,Online,40,1156.75,5
100546,2024-08-30,North,Retail,57,1731.48,10
100547,2024-12-23,North,Retail,23,733.40,0
100548,2024-06-19,North,Wholesale,47,923.85,15
100549,2025-04-21,West,Wholesale,15,354.10,10
100550,2025-11-13,West,Online,28,830.45,15
100551,2025-11-17,South,Retail,about 47 (est. 66),1681.40,0
100552,2025-04-01,North,Retail,2,66.49,15
100553,date on paper form 553,South,Online,7,167.62,10
100554,2025-08-15,North,Wholesale,36,820.25,15
100555,2024-04-18,North,Online,32,821.54,5
100556,2024-06-06,East,Wholesale,2,41.46,0
100557,2024-09-14,East,Online,49,1323.41,20
100558,2024-03-18,South,Online,20,493.56,0
100559,2025-05-16,South,Retail,4,126.05,5
100560,2025-02-24,South,Retail,43,1316.55,0
100561,2025-01-30,West,Retail,39,1298.37,0
100562,2025-11-13,South,Wholesale,38,882.61,10
100563,2025-09-17,East,Retail,54,1885.91,0
100564,held at depot 564,East,Retail,about 51 (est. 79),1399.15,10
100565,2024-04-20,East,Online,13,309.71,5
100566,2025-10-17,East,Wholesale,1,23.59,5
100567,2025-04-17,East,Wholesale,1,22.83,10
100568,2024-08-18,South,Online,3,79.34,10
100569,2025-03-18,West,Wholesale,41,900.38,20
100570,2024-12-16,North,Retail,2,62.70,5
100571,2025-04-11,East,Retail,57,1934.11,15
100572,2024-12-04,South,Wholesale,14,296.67,10
100573,2025-03-10,West,Wholesale,34,738.28,0
100574,2024-04-08,South,Online,5,126.97,15
100575,split delivery 575,West,Retail,22,606.63,20
100576,2024-11-01,North,Online,27,759.64,5
100577,2025-06-11,North,Online,about 54 (est. 92),1629.07,15
100578,2024-01-19,West,Wholesale,55,1034.10,0
100579,2024-04-11,West,Wholesale,4,78.53,5
100580,2024-08-18,South,Retail,45,1391.55,0
100581,2025-01-01,North,Wholesale,36,751.29,5
100582,2024-05-22,North,Wholesale,38,791.23,10
100583,2025-07-23,East,Retail,30,1060.22,15
100584,2024-05-23,East,Wholesale,10,191.52,0
100585,2025-04-09,West,Online,47,1356.69,20
100586,"backorder, see batch 586",North,Online,57,1458.87,0
100587,2024-06-05,East,Wholesale,18,378.90,0
100588,2025-08-12,South,Online,13,394.49,0
100589,2025-01-20,West,Wholesale,59,1249.55,20
100590,2025-01-12,East,Retail,about 40 (est. 8),1238.23,20
100591,2024-12-10,North,Retail,2,62.97,15
100592,2025-11-01,West,Online,40,1252.21,0
100593,2025-10-09,South,Wholesale,52,1257.26,20
100594,2024-06-09,East,Wholesale,52,1011.02,0
100595,2025-06-23,North,Retail,53,1683.58,0
100596,2025-04-02,West,Wholesale,30,643.63,10
100597,reissued invoice 597,East,Retail,40,1313.40,15
100598,2025-05-25,East,Online,25,727.20,15
100599,2025-06-03,West,Retail,13,451.20,10
100600,2025-07-19,East,Wholesale,46,1037.19,5
100601,2024-11-25,West,Online,46,1217.13,5
100602,2024-06-07,South,Retail,14,429.39,0
100603,2024-11-03,South,Retail,about 52 (est. 21),1530.89,0
100604,2025-02-08,North,Online,28,754.21,5
100605,2025-02-26,West,Wholesale,48,1049.01,10
100606,2025-08-11,East,Wholesale,30,680.34,10
100607,2024-07-25,West,Retail,12,351.71,10
100608,awaiting ship date 608,West,Online,13,358.48,20
100609,2025-10-03,North,Wholesale,60,1496.45,10
100610,2024-02-06,East,Wholesale,52,996.04,0
100611,2024-06-21,East,Wholesale,56,1113.69,0
100612,2025-08-15,South,Retail,57,2003.16,10
100613,2024-11-19,West,Online,47,1331.94,0
100614,2024-06-05,West,Online,19,477.28,10
100615,2025-03-04,South,Online,40,1176.32,0
100616,2025-06-10,West,Online,about 30 (est. 34),886.13,15
100617,2025-06-24,West,Retail,38,1238.63,0
100618,2024-11-20,West,Wholesale,19,394.22,5
100619,customer to confirm 619,North,Wholesale,5,103.27,15
100620,2024-06-28,West,Retail,42,1200.48,5
100621,2024-02-24,North,Online,20,488.71,0
100622,2024-02-08,North,Retail,28,815.56,20
100623,2025-10-13,East,Wholesale,29,706.41,10
100624,2025-08-14,North,Retail,49,1612.21,20
100625,2024-01-02,North,Wholesale,11,199.89,0
100626,2025-11-21,North,Retail,43,1502.16,15
100627,2024-09-11,South,Wholesale,58,1203.69,20
100628,2025-10-04,North,Online,19,590.24,15
100629,2024-06-19,North,Online,about 45 (est. 47),1178.43,10
100630,pending carrier scan 630,East,Retail,47,1350.69,0
100631,2024-11-05,West,Wholesale,25,550.07,0
100632,2025-03-14,West,Wholesale,28,605.66,20
100633,2024-09-17,West,Retail,13,376.36,0
100634,2025-11-16,South,Retail,42,1490.81,0
100635,2024-02-15,South,Wholesale,44,885.63,20
100636,2025-07-13,West,Retail,6,201.20,5
100637,2024-07-13,South,Online,13,343.72,5
100638,2025-03-13,West,Wholesale,48,1047.74,20
100639,2024-01-14,East,Online,12,279.15,20
100640,2025-01-24,West,Retail,42,1280.45,15
100641,date on paper form 641,East,Wholesale,42,934.52,0
100642,2024-11-30,North,Wholesale,about 15 (est. 60),331.00,0
100643,2024-12-03,North,Retail,2,62.73,0
100644,2025-07-20,West,Retail,25,844.87,20
100645,2025-11-16,South,Wholesale,9,217.76,15
100646,2024-12-29,South,Online,56,1560.58,0
100647,2025-02-21,East,Retail,2,62.45,0
100648,2024-03-25,East,Retail,14,384.99,10
100649,2024-01-15,South,Online,12,292.04,20
100650,2025-01-22,North,Online,31,822.72,5
100651,2025-11-20,West,Online,11,335.10,10
100652,held at depot 652,North,Retail,3,106.62,20
100653,2024-11-10,West,Wholesale,15,307.15,5
100654,2025-08-16,North,Online,36,1029.73,0
100655,2025-06-06,East,Retail,about 39 (est. 73),1281.07,0
100656,2024-04-22,North,Retail,12,349.09,20
100657,2025-09-16,East,Wholesale,25,612.89,15
100658,2024-01-25,South,Online,34,837.78,0
100659,2025-07-29,West,Wholesale,38,871.46,5
100660,2025-09-18,North,Wholesale,38,886.90,0
100661,2024-04-14,West,Wholesale,49,951.90,15
100662,2024-10-06,East,Wholesale,11,237.87,0
100663,split delivery 663,West,Wholesale,46,1121.30,20
100664,2025-02-06,West,Retail,48,1475.46,10
100665,2025-02-01,South,Wholesale,6,133.13,5
100666,2024-02-23,North,Online,19,468.88,5
100667,2024-02-28,North,Wholesale,35,666.03,0
100668,2024-12-14,West,Wholesale,about 56 (est. 86),1233.35,5
100669,2025-11-16,West,Retail,5,175.53,15
100670,2025-09-04,West,Retail,19,637.16,20
100671,2024-07-16,North,Retail,16,452.51,0
100672,2025-05-22,West,Online,58,1632.44,0
100673,2024-11-06,West,Retail,39,1244.36,0
100674,"backorder, see batch 674",West,Wholesale,41,937.76,20
100675,2025-11-12,West,Online,45,1407.82,0
100676,2024-02-17,South,Online,14,357.28,20
100677,2024-12-03,South,Wholesale,60,1312.51,5
100678,2025-04-29,East,Retail,56,1753.69,0
100679,2025-05-27,West,Wholesale,36,861.23,10
100680,2024-11-18,East,Wholesale,40,890.26,10
100681,2024-05-04,West,Retail,about 22 (est. 2),663.84,0
100682,2025-08-06,West,Online,46,1341.55,5
100683,2024-07-20,North,Wholesale,36,708.95,5
100684,2025-06-02,East,Wholesale,50,1186.72,0
100685,reissued invoice 685,East,Retail,39,1237.54,0
100686,2025-05-13,West,Retail,24,826.99,20
100687,2024-09-05,East,Online,27,725.57,0
100688,2024-07-17,North,Online,32,820.89,0
100689,2025-07-15,South,Wholesale,26,580.98,15
100690,2024-09-19,South,Online,33,832.62,20
100691,2025-09-11,North,Retail,19,635.02,0
100692,2025-06-06,South,Wholesale,19,426.58,0
100693,2025-07-10,West,Wholesale,23,537.07,5
100694,2024-04-11,South,Wholesale,about 10 (est. 15),194.21,0
100695,2024-11-23,East,Wholesale,40,897.32,0
100696,awaiting ship date 696,North,Retail,58,1941.66,0
100697,2024-06-28,East,Online,60,1615.86,10
100698,2024-01-15,East,Retail,54,1430.53,0
100699,2025-08-15,South,Retail,31,1006.02,0
100700,2025-04-05,South,Retail,56,1787.10,0
100701,2024-08-15,West,Retail,58,1804.51,20
100702,2024-06-15,North,Online,35,933.79,20
100703,2025-11-22,South,Wholesale,27,648.67,10
100704,2024-02-28,South,Wholesale,35,696.60,0
100705,2024-08-01,South,Retail,5,142.76,0
100706,2024-07-23,South,Wholesale,14,284.09,0
100707,customer to confirm 707,North,Wholesale,about 60 (est. 28),1250.58,0
100708,2025-05-12,North,Retail,43,1360.26,0
100709,2024-08-25,East,Wholesale,32,636.35,0
100710,2024-12-06,West,Online,54,1446.68,20
100711,2024-06-22,West,Retail,36,1009.39,0
100712,2025-02-03,South,Wholesale,39,857.67,15
100713,2025-06-13,East,Wholesale,51,1224.85,0
100714,2025-09-04,West,Online,51,1575.79,0
100715,2025-05-12,South,Online,47,1325.68,15
100716,2024-10-02,East,Online,47,1214.30,10
100717,2024-09-03,South,Online,24,648.08,0
100718,pending carrier scan 718,North,Online,47,1288.00,10
100719,2024-11-14,West,Online,15,423.07,0
100720,2024-07-23,East,Online,about 44 (est. 41),1154.35,5
100721,2025-08-31,East,Wholesale,19,460.78,0
100722,2025-02-02,West,Wholesale,49,1057.38,0
100723,2025-02-16,South,Retail,32,1076.13,0
100724,2025-05-02,West,Online,39,1165.13,20
100725,2025-03-13,East,Online,28,769.08,0
100726,2024-01-04,South,Retail,16,427.37,10
100727,2025-04-29,West,Wholesale,50,1154.44,0
100728,2025-09-02,North,Retail,30,987.80,15
100729,date on paper form 729,East,Online,10,290.58,5
100730,2024-05-09,East,Retail,3,87.86,0
100731,2025-07-03,North,Wholesale,4,89.75,20
100732,2025-05-21,West,Retail,48,1562.20,0
100733,2025-07-10,East,Wholesale,about 6 (est. 54),132.58,10
100734,2024-01-11,North,Wholesale,22,425.77,0
100735,2024-06-24,West,Online,30,762.80,5
100736,2024-12-03,North,Wholesale,38,810.61,5
100737,2024-08-08,East,Online,28,720.63,20
100738,2024-07-02,South,Retail,53,1514.03,0
100739,2025-04-08,West,Wholesale,23,504.33,15
100740,held at depot 740,West,Retail,12,385.51,0
100741,2024-07-10,South,Wholesale,49,959.26,0
100742,2025-06-28,West,Retail,37,1249.39,10
100743,2024-01-02,South,Online,60,1431.65,10
100744,2025-10-26,West,Retail,53,1818.66,15
100745,2025-09-28,South,Wholesale,50,1180.46,15
100746,2025-05-10,North,Wholesale,about 27 (est. 67),637.23,5
100747,2024-05-29,North,Online,46,1200.45,10
100748,2024-09-14,West,Wholesale,3,64.28,10
100749,2024-02-13,North,Retail,52,1437.84,0
100750,2024-06-09,South,Wholesale,52,1043.35,15
100751,split delivery 751,South,Online,53,1390.58,0
100752,2025-07-26,North,Wholesale,15,335.89,0
100753,2025-10-29,West,Wholesale,53,1335.91,10
100754,2025-07-16,North,Wholesale,59,1392.07,0
100755,2024-07-12,West,Retail,50,1488.69,0
100756,2024-08-27,North,Retail,11,337.13,0
100757,2025-07-14,East,Wholesale,42,964.81,0
100758,2024-01-23,South,Online,37,867.29,0
100759,2024-09-22,East,Retail,about 47 (est. 80),1413.68,0
100760,2024-08-02,West,Online,45,1188.83,20
100761,2024-04-16,North,Retail,52,1529.37,5
100762,"backorder, see batch 762",North,Wholesale,9,206.14,0
100763,2024-04-13,West,Online,38,955.73,0
100764,2024-02-23,North,Retail,34,945.19,15
100765,2024-06-03,West,Wholesale,10,192.65,5
100766,2025-07-24,West,Wholesale,36,870.83,15
100767,2025-01-11,South,Online,22,604.50,0
100768,2024-08-07,East,Wholesale,12,250.56,0
100769,2024-12-07,South,Retail,41,1271.05,15
100770,2024-05-06,East,Online,37,931.97,10
100771,2025-07-20,West,Retail,40,1345.99,10
100772,2025-07-07,East,Retail,about 26 (est. 93),873.50,0
100773,reissued invoice 773,West,Online,40,1020.93,5
100774,2025-01-03,West,Retail,19,624.20,10
100775,2024-09-13,North,Online,51,1337.05,15
100776,2024-11-18,East,Online,33,881.76,10
100777,2025-05-01,East,Retail,40,1259.24,10
100778,2024-03-02,South,Online,51,1195.65,15
100779,2024-10-24,South,Online,28,742.59,15
100780,2024-06-05,South,Retail,9,257.04,10
100781,2025-01-08,West,Online,44,1243.48,20
100782,2024-03-09,East,Online,32,800.45,0
100783,2025-03-12,East,Online,39,1121.22,10
100784,awaiting ship date 784,North,Online,22,556.49,20
100785,2025-03-10,South,Wholesale,about 22 (est. 9),471.47,10
100786,2024-11-28,South,Wholesale,29,649.48,0
100787,2025-09-14,East,Wholesale,18,415.15,15
100788,2024-01-17,West,Online,14,338.02,0
100789,2024-04-21,North,Online,59,1532.26,0
100790,2024-05-25,West,Wholesale,57,1172.43,0
100791,2025-08-14,West,Online,36,1110.82,15
100792,2024-05-13,West,Retail,34,1032.60,20
100793,2024-11-27,West,Online,30,820.94,10
100794,2024-02-08,South,Wholesale,29,550.32,5
100795,customer to confirm 795,East,Online,24,597.31,15
100796,2024-05-22,North,Retail,10,283.19,5
100797,2025-03-31,South,Retail,49,1651.90,0
100798,2025-10-09,North,Wholesale,about 6 (est. 22),145.95,10
100799,2024-11-27,South,Online,60,1566.89,5
100800,2025-10-06,West,Online,48,1475.85,0
100801,2024-09-03,East,Online,55,1413.96,15
100802,2025-07-16,North,Online,34,981.04,0
100803,2025-08-24,East,Wholesale,15,365.44,20
100804,2024-08-30,North,Online,9,232.35,15
100805,2024-11-10,South,Wholesale,1,21.53,15
100806,pending carrier scan 806,East,Retail,49,1465.99,5
100807,2025-07-15,South,Wholesale,38,907.20,5
100808,2024-06-22,North,Retail,17,477.15,10
100809,2024-02-29,West,Wholesale,45,892.76,10
100810,2025-01-19,South,Online,2,57.52,20
100811,2025-07-28,South,Online,about 8 (est. 35),241.15,0
100812,2024-04-24,South,Wholesale,35,680.57,10
100813,2025-07-15,West,Wholesale,37,871.73,0
100814,2024-03-02,South,Retail,15,407.75,20
100815,2025-04-11,West,Wholesale,27,635.31,0
100816,2024-03-12,West,Online,36,901.04,5
100817,date on paper form 817,South,Retail,7,213.59,0
100818,2024-02-06,West,Online,37,898.90,0
100819,2025-11-02,West,Online,25,795.21,0
100820,2024-05-05,East,Wholesale,10,194.22,20
100821,2024-02-08,South,Retail,35,1001.12,5
100822,2024-11-03,East,Wholesale,49,1054.23,10
100823,2024-01-06,West,Online,32,804.93,15
100824,2025-02-11,West,Online,about 49 (est. 48),1372.74,15
100825,2025-05-06,South,Online,53,1557.91,10
100826,2024-01-03,West,Online,16,399.56,10
100827,2025-09-27,East,Retail,55,1818.13,0
100828,held at depot 828,North,Wholesale,44,937.94,0
100829,2025-01-31,East,Retail,30,1000.71,20
100830,2025-11-18,East,Wholesale,2,50.41,0
100831,2024-09-16,East,Retail,26,753.73,0
100832,2025-05-31,East,Online,54,1496.68,15
100833,2025-08-04,South,Retail,19,656.05,0
100834,2024-04-18,North,Retail,15,423.63,0
100835,2025-06-14,North,Online,52,1520.58,0
100836,2024-10-20,East,Retail,41,1249.46,0
100837,2024-10-23,East,Online,about 48 (est. 61),1352.53,20
100838,2024-11-28,South,Online,50,1405.93,0
100839,split delivery 839,North,Wholesale,49,1045.23,0
100840,2025-08-05,East,Wholesale,17,387.31,15
100841,2025-06-30,South,Online,46,1389.45,15
100842,2025-07-27,South,Retail,17,595.33,5
100843,2024-01-10,West,Online,2,46.90,0
100844,2024-07-20,South,Wholesale,18,387.48,0
100845,2024-08-05,North,Online,24,639.17,15
100846,2024-07-15,West,Online,11,297.14,15
100847,2024-08-25,South,Wholesale,57,1243.33,10
100848,2024-01-13,South,Retail,40,1081.91,0
100849,2024-02-07,South,Online,46,1140.11,0
100850,"backorder, see batch 850",East,Wholesale,about 38 (est. 74),789.38,15
100851,2025-05-09,West,Online,56,1629.31,0
100852,2024-10-24,North,Retail,53,1587.15,0
100853,2025-02-12,South,Retail,31,969.14,10
100854,2025-01-03,East,Retail,41,1324.47,0
100855,2025-09-10,North,Wholesale,1,24.86,20
100856,2024-12-03,North,Wholesale,5,111.44,0
100857,2025-08-01,North,Wholesale,13,306.22,15
100858,2024-08-06,South,Wholesale,49,994.93,0
100859,2024-04-23,South,Online,35,872.57,0
100860,2025-03-15,South,Retail,17,543.49,0
100861,reissued invoice 861,South,Retail,55,1939.14,5
100862,2025-09-28,East,Online,55,1649.91,10
100863,2025-05-20,West,Retail,about 42 (est. 87),1406.00,0
100864,2024-08-22,North,Wholesale,18,368.08,0
100865,2025-02-22,East,Online,15,404.42,0
100866,2024-04-03,West,Online,6,150.50,0
100867,2024-06-01,North,Online,48,1193.10,15
100868,2025-04-26,South,Retail,12,380.36,15
100869,2024-08-22,North,Retail,12,371.91,0
100870,2025-02-19,West,Online,34,919.46,20
100871,2025-11-12,South,Wholesale,60,1433.68,5
100872,awaiting ship date 872,West,Online,19,506.36,0
100873,2025-10-21,South,Retail,42,1518.08,5
100874,2024-10-09,North,Retail,4,122.66,0
100875,2024-02-04,East,Wholesale,6,121.28,10
100876,2025-10-02,East,Retail,about 17 (est. 3),593.50,0
100877,2024-08-05,North,Retail,2,58.28,0
100878,2024-11-07,South,Online,23,621.94,0
100879,2024-05-23,South,Online,6,149.40,10
100880,2024-09-10,West,Online,43,1189.75,0
100881,2024-02-20,West,Wholesale,59,1131.00,20
100882,2024-03-08,East,Wholesale,57,1157.94,0
100883,customer to confirm 883,South,Retail,5,152.37,20
100884,2025-10-14,North,Wholesale,12,292.15,0
100885,2025-08-24,West,Retail,40,1375.08,20
100886,2025-08-28,West,Wholesale,20,486.14,5
100887,2024-02-28,North,Wholesale,22,437.98,0
100888,2025-08-15,West,Wholesale,38,887.52,0
100889,2025-08-01,West,Wholesale,about 6 (est. 16),134.51,0
100890,2024-06-08,North,Retail,43,1195.14,20
100891,2024-11-27,East,Online,54,1412.01,0
100892,2025-02-04,South,Retail,32,1039.37,10
100893,2024-03-17,West,Wholesale,16,305.47,20
100894,pending carrier scan 894,West,Retail,59,1654.21,10
100895,2024-04-02,North,Retail,19,556.49,20
100896,2025-10-26,West,Online,23,728.62,5
100897,2024-03-17,East,Online,2,51.39,0
100898,2024-03-28,North,Wholesale,14,287.25,15
100899,2024-11-07,North,Wholesale,36,739.82,0
100900,2024-03-26,North,Wholesale,31,615.15,10
100901,2025-02-19,North,Online,11,306.52,20
100902,2025-05-16,North,Online,about 56 (est. 29),1606.42,0
100903,2025-09-22,West,Wholesale,58,1441.21,10
100904,2025-02-07,North,Retail,53,1705.65,0
100905,date on paper form 905,South,Wholesale,14,313.45,20
100906,2024-08-29,South,Retail,31,920.09,15
100907,2024-08-13,South,Retail,57,1662.28,5
100908,2025-10-05,North,Online,4,122.06,0
100909,2024-09-05,East,Wholesale,57,1172.31,5
100910,2024-04-05,South,Online,32,775.15,0
100911,2025-07-09,South,Wholesale,44,1068.40,5
100912,2025-07-16,North,Retail,49,1718.00,20
100913,2024-01-13,East,Online,43,1003.56,20
100914,2025-04-03,East,Wholesale,24,554.46,20
100915,2024-02-05,West,Online,about 20 (est. 42),470.32,10
100916,held at depot 916,North,Retail,17,502.84,0
100917,2024-09-17,East,Wholesale,53,1166.34,20
100918,2025-03-11,North,Retail,49,1548.50,15
100919,2024-08-25,West,Online,30,750.18,0
100920,2024-01-01,West,Wholesale,40,784.64,5
100921,2025-09-07,East,Wholesale,6,138.08,0
100922,2024-04-08,East,Wholesale,32,652.66,0
100923,2024-01-22,North,Online,26,645.33,20
100924,2024-01-19,East,Wholesale,56,1055.08,20
100925,2025-01-12,North,Wholesale,44,1008.74,10
100926,2024-03-04,North,Wholesale,20,377.97,0
100927,split delivery 927,East,Wholesale,43,962.77,15
100928,2025-04-23,West,Retail,about 7 (est. 55),225.71,5
100929,2025-02-02,North,Retail,20,628.70,15
100930,2025-09-16,North,Wholesale,21,481.16,5
100931,2024-05-17,North,Retail,31,890.75,20
100932,2024-10-22,North,Online,54,1497.48,0
100933,2025-10-31,South,Wholesale,1,23.41,0
100934,2024-02-09,West,Online,48,1160.99,10
100935,2024-05-07,South,Online,42,1035.88,0
100936,2024-10-21,North,Wholesale,16,336.31,15
100937,2024-12-02,South,Online,12,311.71,10
100938,"backorder, see batch 938",West,Wholesale,18,377.77,5
100939,2025-04-07,North,Wholesale,15,337.42,20
100940,2024-09-28,South,Online,13,333.51,20
100941,2025-09-03,North,Online,about 27 (est. 68),811.42,0
100942,2025-07-11,East,Online,2,60.78,5
100943,2024-07-23,East,Wholesale,45,887.82,0
100944,2025-02-04,North,Retail,25,787.21,15
100945,2025-04-17,South,Online,9,269.45,0
100946,2024-10-08,North,Wholesale,42,904.89,15
100947,2025-07-04,North,Online,7,209.59,0
100948,2024-11-20,North,Online,14,376.77,20
100949,reissued invoice 949,South,Retail,50,1739.64,10
100950,2025-07-23,East,Online,58,1650.29,0
100951,2025-07-09,East,Retail,30,964.45,0
100952,2024-02-01,East,Retail,36,1023.43,0
100953,2024-06-15,East,Online,26,657.67,0
100954,2025-11-26,South,Online,about 51 (est. 81),1597.56,5
100955,2024-08-21,North,Online,2,52.65,5
100956,2025-04-18,East,Retail,29,940.21,5
100957,2024-12-12,North,Retail,34,1053.37,0
100958,2024-12-28,South,Online,4,105.11,0
100959,2024-12-11,South,Online,26,736.63,10
100960,awaiting ship date 960,East,Online,59,1729.76,0
100961,2025-02-22,North,Wholesale,8,177.74,20
100962,2025-06-19,North,Retail,9,311.37,0
100963,2025-09-02,West,Wholesale,26,628.87,15
100964,2025-10-11,West,Wholesale,24,551.03,5
100965,2025-11-24,North,Wholesale,50,1206.94,0
100966,2024-08-24,North,Online,17,464.85,0
100967,2025-03-24,West,Retail,about 30 (est. 94),965.41,20
100968,2024-05-05,East,Online,31,749.51,20
100969,2025-10-03,North,Retail,60,2059.11,20
100970,2024-12-17,South,Wholesale,54,1129.77,0
100971,customer to confirm 971,South,Retail,21,605.10,0
100972,2024-02-13,West,Wholesale,27,531.08,0
100973,2025-05-29,West,Online,48,1445.32,0
100974,2025-08-22,North,Retail,19,665.00,15
100975,2024-08-08,North,Wholesale,55,1105.96,0
100976,2025-01-20,West,Wholesale,48,1059.16,0
100977,2025-01-29,South,Online,32,844.72,0
100978,2025-05-02,West,Wholesale,28,663.88,20
100979,2024-11-15,North,Wholesale,38,784.50,20
100980,2025-01-11,West,Retail,about 40 (est. 10),1208.36,0
100981,2025-09-22,South,Wholesale,44,1047.27,0
100982,pending carrier scan 982,West,Retail,19,538.28,0
100983,2025-06-18,West,Retail,19,623.63,10
100984,2025-09-11,North,Online,35,1079.86,0
100985,2024-02-27,North,Retail,2,55.96,5
100986,2024-03-28,West,Retail,40,1150.24,0
100987,2024-08-14,South,Online,16,404.85,15
100988,2024-08-03,East,Wholesale,17,351.01,0
100989,2025-02-26,South,Retail,20,643.30,5
100990,2024-11-10,North,Retail,54,1735.41,15
100991,2025-08-12,North,Online,56,1732.64,15
100992,2024-02-09,North,Retail,57,1566.95,0
100993,date on paper form 993,North,Retail,about 35 (est. 23),1244.86,20
100994,2024-01-22,East,Online,14,338.94,0
100995,2024-08-05,East,Wholesale,39,773.51,20
100996,2024-03-25,East,Online,16,409.80,20
100997,2025-02-12,East,Retail,9,298.47,0
100998,2024-09-24,North,Online,28,722.37,15
100999,2025-11-19,West,Wholesale,26,632.42,0
101000,2025-04-29,North,Wholesale,34,736.33,5
101001,2024-01-14,South,Retail,44,1165.47,5
101002,2024-02-17,North,Retail,54,1539.73,0
101003,2025-01-15,North,Retail,33,1041.12,20
101004,held at depot 1004,West,Online,24,721.22,10
101005,2024-06-14,West,Retail,25,728.45,0
101006,2024-05-29,North,Wholesale,about 57 (est. 36),1169.45,10
101007,2025-01-26,East,Retail,13,407.19,0
101008,2024-03-29,East,Online,31,735.12,15
101009,2025-01-23,North,Online,31,835.66,10
101010,2025-11-01,West,Retail,25,834.24,20
101011,2024-10-22,North,Wholesale,3,65.28,0
101012,2025-08-22,North,Retail,43,1392.54,0
101013,2024-10-21,West,Online,43,1202.83,10
101014,2024-03-24,East,Wholesale,19,388.65,0
101015,split delivery 1015,West,Wholesale,6,115.84,0
101016,2025-08-10,East,Online,50,1447.01,0
101017,2024-11-21,East,Wholesale,39,865.09,15
101018,2025-09-11,West,Retail,10,354.45,5
101019,2025-07-30,South,Wholesale,about 31 (est. 49),737.45,10
101020,2024-09-03,South,Online,25,684.53,15
101021,2025-09-03,South,Retail,16,531.10,0
101022,2024-04-05,East,Retail,55,1577.13,10
101023,2024-12-09,South,Wholesale,47,1034.76,0
101024,2025-01-26,South,Wholesale,26,575.54,0
101025,2025-03-12,South,Wholesale,18,416.26,15
101026,"backorder, see batch 1026",North,Retail,41,1135.16,0
101027,2025-08-14,West,Wholesale,56,1369.99,0
101028,2024-05-28,East,Retail,60,1664.61,0
101029,2024-04-08,South,Wholesale,39,793.30,5
101030,2024-10-01,South,Online,48,1248.04,20
101031,2025-05-24,North,Wholesale,7,158.70,15
101032,2025-09-09,South,Retail,about 20 (est. 62),703.39,15
101033,2024-09-29,South,Wholesale,17,350.96,5
101034,2024-03-01,North,Retail,27,744.10,0
101035,2025-05-10,South,Online,37,1113.24,0
101036,2025-05-10,North,Retail,12,385.15,10
101037,reissued invoice 1037,East,Online,5,138.43,15
101038,2024-06-13,North,Retail,36,1068.87,0
101039,2025-03-09,East,Retail,12,372.74,10
101040,2024-05-26,South,Retail,3,88.29,0
101041,2024-10-12,North,Online,23,619.47,20
101042,2024-12-20,South,Online,58,1575.54,0
101043,2024-07-12,North,Wholesale,14,300.28,10
101044,2025-08-26,South,Retail,25,880.52,0
101045,2024-01-24,South,Online,about 28 (est. 75),683.01,0
101046,2025-01-02,North,Online,19,516.88,5
101047,2025-11-15,North,Retail,40,1410.94,10
101048,awaiting ship date 1048,North,Online,25,765.89,20
101049,2024-11-17,West,Retail,40,1249.66,0
101050,2024-11-07,South,Retail,31,967.64,0
101051,2024-08-22,North,Retail,15,442.13,0
101052,2025-07-27,East,Wholesale,51,1169.48,5
101053,2025-05-14,North,Wholesale,46,1018.43,5
101054,2025-09-30,South,Online,15,469.90,15
101055,2025-07-14,East,Online,7,200.51,0
101056,2025-07-16,North,Online,19,570.69,0
101057,2024-01-10,West,Online,18,444.81,0
101058,2025-10-10,South,Wholesale,about 45 (est. 88),1119.79,20
101059,customer to confirm 1059,East,Retail,58,1972.00,0
101060,2025-05-31,South,Online,5,140.82,5
101061,2024-02-22,South,Retail,52,1395.12,10
101062,2024-03-28,South,Retail,24,652.30,0
101063,2024-11-27,South,Retail,11,341.81,0
101064,2024-06-03,East,Wholesale,31,599.76,5
101065,2025-02-15,North,Retail,59,1834.53,15
101066,2024-06-15,West,Online,28,718.12,10
101067,2024-02-18,South,Online,39,956.64,20
101068,2024-02-12,South,Online,55,1275.40,10
101069,2025-09-24,South,Online,52,1513.77,20
101070,pending carrier scan 1070,South,Wholesale,53,1059.82,15
101071,2024-09-24,West,Wholesale,about 50 (est. 4),1047.34,5
101072,2024-05-08,North,Online,8,200.39,0
101073,2024-03-29,East,Wholesale,39,764.03,10
101074,2024-11-21,South,Wholesale,26,584.31,5
101075,2025-09-16,North,Online,51,1494.90,10
101076,2024-02-18,West,Online,59,1404.45,0
101077,2025-01-06,North,Retail,32,1009.51,0
101078,2025-04-01,North,Wholesale,17,375.33,15
101079,2024-10-23,East,Wholesale,53,1080.47,20
101080,2025-11-19,South,Retail,31,1076.02,5
101081,date on paper form 1081,West,Wholesale,36,811.44,10
101082,2024-11-06,South,Online,15,387.19,0
101083,2024-05-18,North,Online,49,1215.49,5
101084,2024-07-27,East,Retail,about 43 (est. 17),1282.21,20
101085,2024-01-15,East,Retail,53,1429.17,20
101086,2025-10-05,West,Wholesale,10,243.67,15
101087,2025-01-27,East,Retail,58,1827.21,0
101088,2024-02-09,South,Online,48,1155.87,5
101089,2025-03-04,North,Retail,20,642.83,15
101090,2025-08-21,East,Retail,1,33.20,20
101091,2024-09-14,East,Wholesale,36,766.18,0
101092,held at depot 1092,West,Wholesale,27,554.05,0
101093,2024-09-22,East,Retail,5,151.05,15
101094,2025-02-06,North,Online,31,904.66,10
101095,2024-12-22,South,Wholesale,33,686.17,10
101096,2024-03-18,North,Online,2,50.98,10
101097,2024-04-14,West,Online,about 22 (est. 30),566.89,0
101098,2025-03-22,North,Retail,17,550.81,20
101099,2025-06-07,West,Online,1,30.47,0
101100,2024-11-12,West,Online,59,1526.97,0
101101,2024-09-30,South,Wholesale,5,105.11,0
101102,2025-10-27,North,Online,53,1582.94,0
101103,split delivery 1103,East,Retail,49,1461.19,10
101104,2024-01-16,South,Online,1,24.71,5
101105,2025-11-29,North,Wholesale,33,777.90,5
101106,2024-09-12,East,Wholesale,15,307.64,5
101107,2024-03-01,North,Wholesale,57,1087.96,10
101108,2024-04-17,South,Retail,43,1191.24,10
101109,2024-12-17,North,Online,31,871.27,15
101110,2025-10-02,West,Wholesale,about 43 (est. 43),1021.87,15
101111,2025-08-23,West,Online,40,1220.84,5
101112,2025-01-16,East,Online,52,1495.33,5
101113,2025-01-12,East,Wholesale,18,389.49,10
101114,"backorder, see batch 1114",South,Retail,52,1602.54,15
101115,2025-02-18,South,Online,39,1068.15,20
101116,2024-10-24,East,Wholesale,15,312.55,0
101117,2025-11-29,East,Online,41,1269.25,0
101118,2024-04-26,North,Online,28,722.18,5
101119,2025-10-09,East,Retail,6,197.41,0
101120,2025-04-02,West,Wholesale,32,693.10,20
101121,2025-11-08,North,Wholesale,30,756.45,5
101122,2025-05-25,East,Online,5,138.69,0
101123,2024-07-28,East,Retail,about 24 (est. 56),747.83,5
101124,2024-02-05,North,Online,15,348.01,0
101125,reissued invoice 1125,East,Online,6,187.97,0
101126,2024-02-27,East,Retail,23,657.79,10
101127,2024-02-02,South,Wholesale,37,686.18,10
101128,2024-08-24,West,Retail,1,30.62,20
101129,2024-02-24,East,Online,26,664.66,0
101130,2024-10-30,West,Online,16,423.26,5
101131,2025-11-30,South,Retail,13,443.63,20
101132,2025-09-10,South,Wholesale,49,1203.83,10
101133,2025-07-30,South,Online,44,1261.20,10
101134,2024-01-12,West,Wholesale,22,400.98,15
101135,2025-09-05,East,Retail,9,293.11,20
101136,awaiting ship date 1136,West,Wholesale,about 26 (est. 69),521.53,20
101137,2025-07-07,North,Online,46,1298.41,15
101138,2025-08-06,West,Wholesale,12,282.97,15
101139,2024-03-13,West,Retail,47,1313.57,15
101140,2025-03-03,East,Wholesale,9,193.08,10
101141,2024-09-27,South,Retail,40,1203.18,0
101142,2025-01-02,East,Retail,41,1276.27,10
101143,2024-05-08,South,Wholesale,28,556.45,10
101144,2025-04-18,South,Retail,53,1671.74,0
101145,2024-12-09,West,Wholesale,35,784.93,10
101146,2024-04-25,West,Retail,54,1484.72,5
101147,customer to confirm 1147,North,Online,55,1491.10,20
101148,2024-12-01,South,Online,14,367.38,0
101149,2025-03-15,East,Wholesale,about 42 (est. 82),934.62,0
101150,2024-04-21,West,Online,37,937.40,0
101151,2025-11-07,West,Retail,1,34.70,0
101152,2025-05-27,South,Wholesale,46,1083.79,0
101153,2024-09-19,North,Online,59,1493.51,0
101154,2024-10-30,South,Wholesale,11,232.74,20
101155,2024-09-18,East,Online,31,783.40,20
101156,2025-06-18,West,Retail,22,761.09,15
101157,2025-03-17,East,Online,34,952.52,5
101158,pending carrier scan 1158,South,Retail,2,55.86,5
101159,2025-05-10,West,Wholesale,51,1140.96,0
101160,2025-02-06,East,Online,29,805.90,0
101161,2025-01-22,West,Retail,35,1116.28,0
101162,2024-11-04,East,Online,about 14 (est. 95),395.72,5
101163,2025-03-28,West,Wholesale,27,589.51,0
101164,2025-01-13,West,Retail,31,1000.41,0
101165,2024-09-13,North,Wholesale,15,317.43,20
101166,2025-05-15,South,Online,22,653.34,10
101167,2024-07-09,East,Retail,32,932.85,0
101168,2025-02-02,North,Wholesale,42,952.35,5
101169,date on paper form 1169,East,Retail,40,1071.79,5
101170,2025-10-02,West,Online,8,231.04,0
101171,2025-07-01,South,Online,3,89.75,0
101172,2024-11-06,North,Wholesale,10,208.78,10
101173,2024-06-09,East,Retail,6,170.38,0
101174,2024-04-15,North,Retail,18,512.24,20
101175,2024-10-01,South,Retail,about 53 (est. 11),1617.59,10
101176,2024-09-18,East,Online,33,850.25,15
101177,2025-11-03,West,Retail,10,347.16,15
101178,2025-09-29,West,Online,24,716.36,15
101179,2024-04-21,North,Online,7,167.19,0
101180,held at depot 1180,North,Wholesale,28,640.08,20
101181,2025-04-07,North,Wholesale,34,767.66,0
101182,2025-04-03,East,Wholesale,1,22.70,20
101183,2025-07-18,East,Online,59,1680.59,0
101184,2024-04-07,North,Wholesale,6,115.03,0
101185,2024-06-20,North,Online,31,762.77,20
101186,2024-02-11,South,Retail,32,864.93,0
101187,2024-09-11,North,Online,13,339.12,15
101188,2025-08-25,East,Retail,about 4 (est. 24),132.79,0
101189,2025-01-15,West,Wholesale,45,972.81,20
101190,2025-11-10,West,Online,6,185.07,5
101191,split delivery 1191,South,Wholesale,18,373.55,10
101192,2025-10-02,North,Wholesale,18,415.24,0
101193,2025-02-14,South,Retail,14,443.79,5
101194,2024-10-15,West,Retail,59,1852.50,5
101195,2024-03-24,South,Online,59,1489.50,0
101196,2025-11-02,East,Retail,31,1046.73,5
101197,2025-10-21,West,Wholesale,37,925.19,10
101198,2025-04-05,North,Retail,58,1796.37,20
101199,2024-03-18,East,Wholesale,50,957.18,5
101200,2025-06-03,South,Wholesale,33,773.47,10
101201,2024-12-23,West,Online,about 31 (est. 37),857.02,15
101202,"backorder, see batch 1202",West,Online,54,1389.29,5
101203,2024-09-05,North,Retail,58,1832.06,20
101204,2025-08-09,North,Retail,2,69.05,15
101205,2024-04-11,South,Wholesale,31,593.00,10
101206,2025-03-28,East,Retail,18,594.60,10
101207,2024-08-09,West,Retail,6,184.93,20
101208,2024-09-30,East,Wholesale,35,723.68,5
101209,2024-05-22,West,Online,45,1106.10,0
101210,2025-10-03,North,Online,42,1205.33,10
101211,2025-04-27,West,Retail,7,237.94,10
101212,2024-10-29,North,Online,36,964.48,0
101213,reissued invoice 1213,South,Online,47,1255.00,15
101214,2025-09-14,North,Wholesale,about 36 (est. 50),894.32,0
101215,2025-09-21,North,Wholesale,56,1362.21,0
101216,2024-11-11,West,Online,20,538.32,20
101217,2024-08-08,South,Online,60,1594.53,10
101218,2024-01-30,West,Wholesale,51,994.13,20
101219,2024-04-25,North,Online,44,1068.70,10
101220,2025-04-30,West,Online,50,1384.94,0
101221,2025-05-04,East,Wholesale,3,70.92,15
101222,2024-03-24,East,Retail,11,302.08,10
101223,2024-04-21,West,Online,56,1347.80,15
101224,awaiting ship date 1224,South,Online,3,81.22,5
101225,2024-05-25,West,Online,6,153.31,5
101226,2024-01-09,West,Online,27,648.25,10
101227,2024-07-01,South,Retail,about 50 (est. 63),1498.57,10
101228,2025-09-17,West,Retail,3,102.80,15
101229,2025-03-11,East,Wholesale,60,1369.41,5
101230,2025-03-30,West,Online,25,730.00,0
101231,2025-11-15,East,Online,11,337.62,15
101232,2024-01-11,North,Online,5,115.37,5
101233,2025-01-04,North,Online,11,311.09,0
101234,2024-08-21,South,Online,29,741.96,0
101235,customer to confirm 1235,West,Online,39,951.17,15
101236,2025-10-15,East,Wholesale,25,587.05,15
101237,2025-09-22,North,Online,6,189.20,0
101238,2025-06-27,East,Wholesale,4,90.76,10
101239,2024-10-09,North,Wholesale,14,296.55,0
101240,2025-02-18,South,Wholesale,about 15 (est. 76),341.41,0
101241,2025-03-07,West,Online,43,1261.07,0
101242,2025-11-01,North,Wholesale,49,1134.60,5
101243,2024-07-08,West,Wholesale,44,873.08,15
101244,2025-05-14,North,Wholesale,27,619.69,15
101245,2024-04-14,West,Retail,41,1198.49,20
101246,pending carrier scan 1246,East,Retail,10,306.02,0
101247,2024-03-13,East,Retail,55,1575.77,0
101248,2024-11-09,South,Retail,28,871.86,15
101249,2025-10-25,West,Retail,52,1869.36,10
101250,2024-06-14,East,Wholesale,16,314.41,10
101251,2024-07-18,East,Online,44,1095.72,15
101252,2024-10-26,South,Wholesale,18,372.33,15
101253,2025-01-15,North,Online,about 36 (est. 89),950.83,20
101254,2024-03-28,South,Wholesale,53,992.78,5
101255,2024-02-10,East,Retail,8,231.54,5
101256,2024-09-14,East,Online,18,453.73,15
101257,date on paper form 1257,South,Online,30,863.10,15
101258,2024-03-30,East,Retail,22,625.06,0
101259,2025-06-24,South,Retail,11,379.19,5
101260,2024-06-21,North,Online,43,1125.27,0
101261,2024-12-08,North,Wholesale,2,43.03,20
101262,2025-03-22,South,Online,21,577.65,10
101263,2025-02-10,North,Wholesale,36,760.36,20
101264,2024-10-10,South,Wholesale,24,506.35,15
101265,2024-06-09,South,Retail,14,408.81,0
101266,2024-06-06,South,Online,about 43 (est. 5),1082.71,5
101267,2024-01-02,West,Wholesale,11,210.36,5
101268,held at depot 1268,South,Online,15,460.49,0
101269,2025-05-13,East,Wholesale,8,182.37,0
101270,2025-02-09,South,Wholesale,25,525.29,10
101271,2025-06-14,West,Retail,41,1307.80,15
101272,2024-01-01,South,Online,55,1339.17,0
101273,2024-07-01,North,Wholesale,54,1082.72,20
101274,2024-02-21,West,Retail,51,1442.86,0
101275,2024-10-25,East,Retail,19,590.63,5
101276,2025-10-06,North,Retail,22,743.00,10
101277,2025-10-12,South,Wholesale,9,221.00,15
101278,2024-11-16,East,Wholesale,2,40.84,0
101279,split delivery 1279,West,Retail,about 10 (est. 18),273.26,10
101280,2025-03-25,West,Retail,48,1607.85,0
101281,2025-01-30,South,Wholesale,39,860.29,20
101282,2024-12-14,West,Wholesale,13,283.87,5
101283,2025-03-11,East,Retail,9,296.92,0
101284,2024-05-18,West,Retail,45,1302.20,10
101285,2024-02-15,North,Online,53,1307.98,15
101286,2024-07-01,West,Online,35,904.72,0
101287,2025-04-05,East,Online,40,1145.51,0
101288,2024-01-28,East,Online,59,1502.34,0
101289,2025-03-08,East,Retail,28,906.94,0
101290,"backorder, see batch 1290",South,Retail,37,1160.85,0
101291,2025-05-23,North,Wholesale,7,163.46,0
101292,2025-03-31,South,Wholesale,about 29 (est. 31),665.12,0
101293,2025-04-09,South,Online,17,507.18,10
101294,2024-10-04,South,Retail,54,1624.42,5
101295,2024-04-19,West,Online,6,153.29,20
101296,2024-08-24,West,Retail,36,1103.15,15
101297,2025-04-06,West,Wholesale,25,584.94,20
101298,2025-01-17,East,Online,27,764.61,20
101299,2024-11-07,North,Wholesale,18,400.95,20
101300,2024-12-30,South,Online,47,1294.75,5
101301,reissued invoice 1301,West,Wholesale,48,1099.55,10
101302,2025-06-29,South,Wholesale,4,93.21,0
101303,2025-06-18,North,Retail,45,1576.50,0
101304,2024-06-21,East,Online,26,651.90,20
101305,2025-08-27,North,Online,about 56 (est. 44),1681.55,0
101306,2024-06-27,North,Wholesale,37,771.88,5
101307,2024-09-11,North,Wholesale,10,208.02,5
101308,2024-12-05,South,Wholesale,3,63.03,0
101309,2025-04-07,West,Retail,25,839.31,10
101310,2025-07-20,East,Online,39,1148.74,20
101311,2025-05-10,West,Retail,36,1240.32,20
101312,awaiting ship date 1312,West,Retail,41,1307.05,5
101313,2024-08-09,West,Retail,10,302.61,0
101314,2025-03-30,North,Retail,36,1199.19,10
101315,2024-10-04,West,Online,40,1069.73,0
101316,2024-05-23,West,Retail,23,665.14,15
101317,2024-10-28,North,Online,51,1341.60,10
101318,2025-11-17,North,Online,about 48 (est. 57),1419.39,0
101319,2024-01-06,East,Retail,26,746.20,0
101320,2025-03-18,South,Wholesale,27,609.17,20
101321,2025-07-09,East,Wholesale,29,653.53,10
101322,2024-11-10,East,Wholesale,29,628.02,0
101323,customer to confirm 1323,East,Online,2,54.97,20
101324,2024-05-19,North,Online,35,873.38,0
101325,2025-03-23,South,Retail,4,126.21,15
101326,2024-10-25,North,Retail,4,118.34,10
101327,2024-06-20,West,Wholesale,8,157.43,20
101328,2024-02-06,West,Retail,22,598.01,20
101329,2024-11-08,South,Retail,6,182.23,20
101330,2025-10-25,North,Retail,27,933.26,15
101331,2025-04-19,North,Wholesale,about 58 (est. 70),1308.19,0
101332,2024-10-20,North,Retail,9,282.74,0
101333,2024-11-08,North,Online,6,160.59,15
101334,pending carrier scan 1334,South,Wholesale,33,638.10,0
101335,2024-08-09,North,Online,36,936.79,0
101336,2024-05-06,East,Wholesale,56,1168.60,10
101337,2024-01-25,South,Retail,44,1165.22,0
101338,2024-08-29,West,Wholesale,28,560.89,0
101339,2025-05-18,South,Wholesale,55,1288.69,0
101340,2025-11-23,East,Online,34,1084.18,0
101341,2024-02-24,East,Online,57,1415.28,5
101342,2025-01-03,East,Retail,35,1064.65,10
101343,2025-04-09,North,Online,50,1456.27,5
101344,2024-10-26,North,Wholesale,about 13 (est. 83),275.20,5
101345,date on paper form 1345,West,Retail,31,886.75,20
101346,2024-01-02,West,Online,53,1209.05,0
101347,2025-05-11,South,Wholesale,41,899.28,5
101348,2025-02-21,South,Wholesale,51,1175.49,10
101349,2024-09-15,South,Online,13,352.39,0
101350,2025-10-19,South,Wholesale,56,1365.68,5
101351,2025-01-10,North,Wholesale,25,552.55,0
101352,2025-02-09,North,Wholesale,47,1072.19,10
101353,2025-08-06,North,Retail,35,1139.09,15
101354,2025-05-30,North,Online,5,144.63,0
101355,2024-02-29,South,Wholesale,60,1144.83,15
101356,held at depot 1356,East,Wholesale,20,417.03,20
101357,2025-06-11,East,Retail,about 30 (est. 96),1039.12,20
101358,2024-11-20,East,Retail,59,1774.79,20
101359,2025-08-07,South,Online,46,1426.76,0
101360,2025-04-24,East,Wholesale,12,270.35,0
101361,2025-08-01,North,Retail,58,1957.25,20
101362,2025-11-29,South,Wholesale,14,335.77,10
101363,2024-12-25,South,Wholesale,11,241.48,0
101364,2025-06-20,East,Wholesale,19,444.56,0
101365,2025-02-21,North,Online,40,1148.02,0
101366,2024-12-03,East,Online,32,862.06,15
101367,split delivery 1367,South,Retail,31,902.22,0
101368,2024-06-25,East,Retail,58,1749.93,0
101369,2024-08-18,East,Online,25,675.63,20
101370,2024-05-03,East,Online,about 7 (est. 12),181.04,20
101371,2025-05-11,West,Retail,2,64.20,0
101372,2024-01-23,West,Retail,26,693.98,20
101373,2025-09-23,East,Wholesale,42,1007.37,10
101374,2024-04-11,South,Wholesale,25,481.33,5
101375,2024-01-11,North,Retail,7,195.67,0
101376,2025-03-23,West,Retail,46,1464.49,10
101377,2025-09-19,South,Wholesale,28,658.67,5
101378,"backorder, see batch 1378",North,Online,25,738.01,20
101379,2024-06-24,South,Retail,6,170.20,15
101380,2025-01-16,East,Wholesale,43,969.68,10
101381,2024-12-17,East,Retail,38,1187.99,0
101382,2025-11-05,West,Online,2,63.81,0
101383,2025-07-01,East,Wholesale,about 54 (est. 25),1281.33,0
101384,2024-04-20,East,Wholesale,40,825.57,15
101385,2024-12-21,West,Wholesale,41,874.56,0
101386,2024-07-27,East,Online,15,376.58,20
101387,2024-09-24,South,Retail,33,995.04,0
101388,2025-03-28,East,Online,16,461.95,20
101389,reissued invoice 1389,South,Wholesale,53,1174.16,0
101390,2025-10-04,East,Wholesale,9,223.50,20
101391,2025-09-19,East,Wholesale,11,263.76,0
101392,2025-10-02,North,Online,46,1427.77,10
101393,2024-05-29,South,Wholesale,21,409.33,15
101394,2024-09-09,North,Retail,56,1724.41,0
101395,2025-10-08,East,Retail,38,1300.51,0
101396,2024-02-21,East,Online,about 10 (est. 38),249.21,0
101397,2025-01-20,North,Online,23,609.84,5
101398,2024-12-24,West,Wholesale,28,620.85,0
101399,2024-03-28,North,Online,4,103.93,5
