month,region,sales,units
2016-01,North,49292.52,1082
2016-01,South,40591.53,920
2016-01,East,64701.97,1389
2016-02,North,51585.69,1179
2016-02,South,40054.87,880
2016-02,East,63951.30,1364
2016-03,North,52802.50,1179
2016-03,South,44340.03,973
2016-03,East,66779.96,1509
2016-04,North,52911.23,1224
2016-04,South,42895.51,933
2016-04,East,68206.88,1470
2016-05,North,55982.72,1237
2016-05,South,43525.44,1001
2016-05,East,65534.39,1396
2016-06,North,52174.55,1189
2016-06,South,44887.54,975
2016-06,East,66479.56,1501
2016-07,North,52208.51,1184
2016-07,South,40544.70,899
2016-07,East,68389.29,1534
2016-08,North,52138.68,1200
2016-08,South,40917.58,880
2016-08,East,72530.14,1603
2016-09,North,52036.11,1193
2016-09,South,41606.97,939
2016-09,East,67083.77,1521
2016-10,North,52853.95,1207
2016-10,South,44655.25,996
2016-10,East,71023.66,1598
2016-11,North,58700.74,1272
2016-11,South,45664.87,1055
2016-11,East,75783.74,1702
2016-12,North,60735.75,1398
2016-12,South,49108.81,1140
2016-12,East,76772.45,1714
2017-01,North,51238.18,1100
2017-01,South,42936.12,983
2017-01,East,68077.80,1497
2017-02,North,49742.93,1147
2017-02,South,42668.75,929
2017-02,East,68193.73,1525
2017-03,North,56414.98,1280
2017-03,South,47131.72,1006
2017-03,East,73119.29,1697
2017-04,North,55980.18,1211
2017-04,South,44391.53,1022
2017-04,East,70901.07,1546
2017-05,North,57826.49,1309
2017-05,South,46269.71,1004
2017-05,East,78233.64,1688
2017-06,North,56849.94,1229
2017-06,South,48183.46,1036
2017-06,East,76734.42,1692
2017-07,North,57695.14,1243
2017-07,South,46784.56,1019
2017-07,East,72455.29,1670
2017-08,North,56331.65,1242
2017-08,South,46748.31,1067
2017-08,East,72492.38,1548
2017-09,North,55245.32,1182
2017-09,South,48112.94,1062
2017-09,East,80214.53,1754
2017-10,North,55086.52,1178
2017-10,South,46354.91,993
2017-10,East,78984.15,1813
2017-11,North,58949.23,1368
2017-11,South,51597.68,1117
2017-11,East,78467.21,1805
2017-12,North,61721.65,1336
2017-12,South,51631.10,1111
2017-12,East,86124.54,1871
2018-01,North,58170.71,1350
2018-01,South,42085.58,906
2018-01,East,73729.88,1664
2018-02,North,53704.10,1211
2018-02,South,44101.52,980
2018-02,East,72635.86,1658
2018-03,North,57097.17,1303
2018-03,South,45944.25,1058
2018-03,East,77343.95,1777
2018-04,North,62599.42,1385
2018-04,South,48107.69,1055
2018-04,East,76052.23,1764
2018-05,North,57665.06,1300
2018-05,South,47779.72,1085
2018-05,East,77122.88,1664
2018-06,North,57448.35,1282
2018-06,South,48152.56,1091
2018-06,East,81503.57,1856
2018-07,North,57989.77,1328
2018-07,South,51905.68,1169
2018-07,East,76102.53,1623
2018-08,North,62745.15,1339
2018-08,South,48339.25,1045
2018-08,East,75761.21,1723
2018-09,North,64175.67,1424
2018-09,South,51309.30,1151
2018-09,East,84218.47,1944
2018-10,North,63219.21,1444
2018-10,South,48039.21,1032
2018-10,East,80305.01,1736
2018-11,North,64644.02,1407
2018-11,South,55687.55,1223
2018-11,East,83526.02,1828
2018-12,North,70303.58,1521
2018-12,South,52997.29,1188
2018-12,East,82527.35,1791
2019-01,North,57000.58,1299
2019-01,South,44886.26,1028
2019-01,East,76191.50,1696
2019-02,North,57403.58,1284
2019-02,South,49264.93,1135
2019-02,East,74253.32,1646
2019-03,North,66951.08,1434
2019-03,South,51508.71,1187
2019-03,East,86735.89,1846
2019-04,North,67242.68,1490
2019-04,South,50611.47,1116
2019-04,East,86326.25,1837
2019-05,North,64430.36,1430
2019-05,South,50411.29,1116
2019-05,East,84263.26,1909
2019-06,North,64467.44,1381
2019-06,South,50191.23,1140
2019-06,East,82254.59,1771
2019-07,North,63566.96,1372
2019-07,South,54763.70,1177
2019-07,East,87726.25,2003
2019-08,North,65026.60,1404
2019-08,South,50736.63,1117
2019-08,East,88826.65,1900
2019-09,North,64549.84,1484
2019-09,South,49623.07,1121
2019-09,East,85929.79,1947
2019-10,North,68606.45,1504
2019-10,South,53600.22,1157
2019-10,East,84084.21,1843
2019-11,North,69073.98,1564
2019-11,South,53664.68,1162
2019-11,East,95826.00,2222
2019-12,North,72500.08,1676
2019-12,South,55972.12,1264
2019-12,East,96303.31,2152
2020-01,North,63038.63,1419
2020-01,South,48883.13,1111
2020-01,East,77545.83,1800
2020-02,North,63631.11,1384
2020-02,South,51635.97,1172
2020-02,East,87044.32,2009
2020-03,North,67045.63,1512
2020-03,South,51999.08,1110
2020-03,East,90148.98,2071
2020-04,North,65279.85,1411
2020-04,South,53498.45,1210
2020-04,East,86131.24,1944
2020-05,North,68951.36,1558
2020-05,South,55181.35,1275
2020-05,East,89066.31,1964
2020-06,North,67053.98,1442
2020-06,South,57646.16,1263
2020-06,East,88152.25,2018
2020-07,North,69885.81,1582
2020-07,South,52863.99,1171
2020-07,East,86282.19,1893
2020-08,North,71315.48,1656
2020-08,South,56208.32,1284
2020-08,East,88149.12,1920
2020-09,North,73351.06,1657
2020-09,South,57275.06,1290
2020-09,East,95088.75,2176
2020-10,North,71165.01,1642
2020-10,South,56228.50,1223
2020-10,East,95217.95,2067
2020-11,North,74744.19,1675
2020-11,South,60368.61,1324
2020-11,East,97881.08,2134
2020-12,North,76829.50,1643
2020-12,South,60570.33,1302
2020-12,East,99820.47,2242
2021-01,North,68889.80,1549
2021-01,South,55278.84,1188
2021-01,East,90534.94,1941
2021-02,North,68311.83,1518
2021-02,South,52060.67,1142
2021-02,East,90890.37,2045
2021-03,North,68865.11,1496
2021-03,South,59879.51,1366
2021-03,East,88729.93,2042
2021-04,North,72102.02,1556
2021-04,South,55588.89,1204
2021-04,East,88083.08,2009
2021-05,North,72372.01,1572
2021-05,South,57531.32,1257
2021-05,East,91981.74,2066
2021-06,North,72460.74,1684
2021-06,South,55745.75,1255
2021-06,East,95727.56,2186
2021-07,North,70358.22,1498
2021-07,South,59124.50,1324
2021-07,East,97574.85,2127
2021-08,North,75676.33,1672
2021-08,South,59124.55,1362
2021-08,East,93963.46,2108
2021-09,North,71072.31,1598
2021-09,South,61286.07,1396
2021-09,East,90769.05,2047
2021-10,North,70609.97,1638
2021-10,South,61736.75,1366
2021-10,East,90155.96,1997
2021-11,North,75209.90,1673
2021-11,South,65959.88,1406
2021-11,East,100501.39,2178
2021-12,North,78533.76,1812
2021-12,South,62129.62,1343
2021-12,East,105587.67,2300
2022-01,North,74093.70,1664
2022-01,South,57357.80,1239
2022-01,East,95628.72,2057
2022-02,North,73434.52,1655
2022-02,South,55407.79,1218
2022-02,East,87208.31,1971
2022-03,North,73924.61,1686
2022-03,South,57801.63,1267
2022-03,East,95384.06,2206
2022-04,North,78096.68,1669
2022-04,South,58320.82,1275
2022-04,East,93117.68,2121
2022-05,North,72662.54,1594
2022-05,South,60997.15,1317
2022-05,East,100311.21,2179
2022-06,North,79442.24,1752
2022-06,South,58815.32,1347
2022-06,East,103060.32,2226
2022-07,North,77670.62,1659
2022-07,South,63333.55,1419
2022-07,East,95496.52,2136
2022-08,North,80486.77,1728
2022-08,South,57684.75,1340
2022-08,East,99004.66,2122
2022-09,North,80457.33,1736
2022-09,South,58383.71,1332
2022-09,East,103337.28,2308
2022-10,North,75595.24,1613
2022-10,South,58240.68,1295
2022-10,East,105062.34,2293
2022-11,North,86071.60,1952
2022-11,South,66269.87,1412
2022-11,East,102195.19,2285
2022-12,North,87437.96,2003
2022-12,South,68225.22,1483
2022-12,East,104220.91,2219
2023-01,North,75991.46,1745
2023-01,South,62270.24,1338
2023-01,East,95334.15,2211
2023-02,North,76327.08,1683
2023-02,South,60777.56,1403
2023-02,East,95716.87,2070
2023-03,North,80992.70,1853
2023-03,South,61776.41,1378
2023-03,East,101980.18,2171
2023-04,North,83260.83,1936
2023-04,South,64212.58,1474
2023-04,East,107388.76,2380
2023-05,North,83247.96,1785
2023-05,South,66878.11,1531
2023-05,East,97890.80,2123
2023-06,North,79436.00,1722
2023-06,South,63372.72,1419
2023-06,East,106611.62,2397
2023-07,North,80044.70,1795
2023-07,South,65409.24,1511
2023-07,East,103634.40,2286
2023-08,North,82176.87,1763
2023-08,South,63320.30,1351
2023-08,East,107053.42,2403
2023-09,North,81302.90,1829
2023-09,South,65746.73,1525
2023-09,East,109918.89,2473
2023-10,North,76268.28,1759
2023-10,South,63562.42,1442
2023-10,East,109588.27,2462
2023-11,North,90515.87,2051
2023-11,South,67683.11,1446
2023-11,East,116893.25,2500
2023-12,North,82535.64,1907
2023-12,South,70848.69,1597
2023-12,East,107165.08,2470
2024-01,North,75397.33,1704
2024-01,South,62840.23,1338
2024-01,East,96168.57,2082
2024-02,North,78202.69,1682
2024-02,South,65514.04,1403
2024-02,East,96085.60,2090
2024-03,North,85289.70,1915
2024-03,South,62349.45,1354
2024-03,East,108993.89,2367
2024-04,North,85433.50,1859
2024-04,South,62676.55,1340
2024-04,East,113645.35,2558
2024-05,North,86052.15,1840
2024-05,South,66014.28,1488
2024-05,East,109482.47,2373
2024-06,North,82636.06,1804
2024-06,South,70452.03,1583
2024-06,East,113907.28,2614
2024-07,North,84764.24,1829
2024-07,South,66294.75,1502
2024-07,East,106063.79,2385
2024-08,North,83029.19,1859
2024-08,South,65241.96,1437
2024-08,East,105729.78,2400
2024-09,North,84096.24,1803
2024-09,South,65736.73,1503
2024-09,East,113402.24,2501
2024-10,North,80899.46,1725
2024-10,South,65371.10,1435
2024-10,East,106730.35,2304
2024-11,North,88768.98,1950
2024-11,South,74699.25,1630
2024-11,East,114565.30,2591
2024-12,North,91407.17,2026
2024-12,South,74266.48,1716
2024-12,East,111508.65,2592
2025-01,North,83502.62,1910
2025-01,South,66394.56,1481
2025-01,East,110431.43,2424
2025-02,North,84203.16,1940
2025-02,South,67733.45,1521
2025-02,East,99329.76,2139
2025-03,North,83562.19,1831
2025-03,South,65054.22,1453
2025-03,East,111748.24,2494
2025-04,North,90026.98,2039
2025-04,South,72726.50,1666
2025-04,East,118943.49,2694
2025-05,North,88803.82,1900
2025-05,South,71061.03,1531
2025-05,East,107429.51,2292
2025-06,North,82448.66,1803
2025-06,South,72520.04,1574
2025-06,East,116527.88,2565
2025-07,North,92687.29,2111
2025-07,South,73503.01,1590
2025-07,East,109625.80,2444
2025-08,North,87201.58,2000
2025-08,South,73278.77,1578
2025-08,East,117682.81,2728
2025-09,North,90624.62,1940
2025-09,South,72400.46,1549
2025-09,East,120979.53,2640
2025-10,North,91076.27,2060
2025-10,South,73114.77,1652
2025-10,East,111821.39,2523
2025-11,North,91986.54,2131
2025-11,South,72153.26,1635
2025-11,East,118230.16,2744
2025-12,North,97148.45,2098
2025-12,South,74061.34,1615
2025-12,East,128254.42,2974
