blank_date,real_date,amount,share,blank_id,grp
,2025-01-01,inf,84.0%,,x
,2025-02-02,6.55,NaN%,,y
,2025-03-03,nan,,,x
,2025-04-04,7.80,NaN%,,y
,2025-05-05,NaN,28.9%,,x
,2025-06-06,48.46,29.9%,,y
,2025-07-07,inf,NaN%,,x
,2025-08-08,16.19,18.5%,,y
,2025-09-09,3.79,,,x
,2025-10-10,inf,70.8%,,y
,2025-11-11,41.16,35.5%,,x
,2025-12-12,39.00,NaN%,,y
,2025-01-13,NaN,NaN%,,x
,2025-02-14,-inf,72.1%,,y
,2025-03-15,8.91,74.1%,,x
,2025-04-16,inf,,,y
,2025-05-17,NaN,NaN%,,x
,2025-06-18,19.28,29.5%,,y
,2025-07-19,48.82,,,x
,2025-08-20,NaN,49.9%,,y
,2025-09-21,9.83,79.5%,,x
,2025-10-22,35.04,,,y
,2025-11-23,13.98,NaN%,,x
,2025-12-24,nan,81.7%,,y
,2025-01-25,32.56,,,x
,2025-02-26,NaN,,,y
,2025-03-27,4.86,,,x
,2025-04-28,nan,72.0%,,y
,2025-05-01,NaN,,,x
,2025-06-02,-inf,31.7%,,y
,2025-07-03,-inf,23.8%,,x
,2025-08-04,20.86,68.9%,,y
,2025-09-05,nan,33.9%,,x
,2025-10-06,47.96,,,y
,2025-11-07,-inf,NaN%,,x
,2025-12-08,NaN,,,y
,2025-01-09,25.18,97.2%,,x
,2025-02-10,49.07,2.0%,,y
,2025-03-11,-inf,66.0%,,x
,2025-04-12,inf,48.0%,,y
,2025-05-13,nan,72.1%,,x
,2025-06-14,-inf,12.6%,,y
,2025-07-15,inf,46.4%,,x
,2025-08-16,-inf,NaN%,,y
,2025-09-17,30.15,,,x
,2025-10-18,nan,75.8%,,y
,2025-11-19,nan,47.2%,,x
,2025-12-20,27.91,,,y
,2025-01-21,1e999,NaN%,,x
,2025-02-22,-inf,NaN%,,y
,2025-03-23,-inf,13.5%,,x
,2025-04-24,NaN,41.4%,,y
,2025-05-25,-inf,NaN%,,x
,2025-06-26,44.04,,,y
,2025-07-27,inf,29.5%,,x
,2025-08-28,nan,23.6%,,y
,2025-09-01,26.33,45.3%,,x
,2025-10-02,inf,,,y
,2025-11-03,12.69,,,x
,2025-12-04,1e999,,,y
,2025-01-05,41.21,29.0%,,x
,2025-02-06,40.01,,,y
,2025-03-07,1e999,NaN%,,x
,2025-04-08,10.58,48.1%,,y
,2025-05-09,24.04,32.3%,,x
,2025-06-10,8.79,47.0%,,y
,2025-07-11,1e999,89.6%,,x
,2025-08-12,inf,67.4%,,y
,2025-09-13,1e999,72.9%,,x
,2025-10-14,29.16,70.7%,,y
,2025-11-15,4.28,16.3%,,x
,2025-12-16,nan,,,y
,2025-01-17,9.32,94.0%,,x
,2025-02-18,inf,,,y
,2025-03-19,3.95,NaN%,,x
,2025-04-20,10.53,23.4%,,y
,2025-05-21,NaN,59.8%,,x
,2025-06-22,22.62,57.1%,,y
,2025-07-23,16.07,NaN%,,x
,2025-08-24,nan,81.9%,,y
,2025-09-25,24.11,66.6%,,x
,2025-10-26,1e999,NaN%,,y
,2025-11-27,inf,89.6%,,x
,2025-12-28,inf,70.1%,,y
,2025-01-01,6.22,16.9%,,x
,2025-02-02,inf,2.7%,,y
,2025-03-03,inf,42.9%,,x
,2025-04-04,NaN,72.7%,,y
,2025-05-05,8.06,11.8%,,x
,2025-06-06,NaN,44.1%,,y
,2025-07-07,-inf,NaN%,,x
,2025-08-08,1e999,,,y
,2025-09-09,nan,56.2%,,x
,2025-10-10,inf,61.8%,,y
,2025-11-11,-inf,9.9%,,x
,2025-12-12,45.11,NaN%,,y
,2025-01-13,NaN,NaN%,,x
,2025-02-14,26.17,NaN%,,y
,2025-03-15,inf,52.2%,,x
,2025-04-16,2.34,92.9%,,y
,2025-05-17,-inf,95.7%,,x
,2025-06-18,1e999,NaN%,,y
,2025-07-19,48.76,,,x
,2025-08-20,9.73,10.9%,,y
,2025-09-21,nan,79.7%,,x
,2025-10-22,-inf,,,y
,2025-11-23,1e999,28.1%,,x
,2025-12-24,NaN,NaN%,,y
,2025-01-25,inf,NaN%,,x
,2025-02-26,1e999,,,y
,2025-03-27,-inf,NaN%,,x
,2025-04-28,NaN,NaN%,,y
,2025-05-01,18.90,NaN%,,x
,2025-06-02,inf,59.7%,,y
,2025-07-03,7.50,7.2%,,x
,2025-08-04,1e999,38.2%,,y
,2025-09-05,-inf,29.6%,,x
,2025-10-06,1e999,NaN%,,y
,2025-11-07,48.41,,,x
,2025-12-08,NaN,81.1%,,y
,2025-01-09,13.29,NaN%,,x
,2025-02-10,48.74,51.9%,,y
,2025-03-11,inf,,,x
,2025-04-12,inf,,,y
,2025-05-13,41.36,1.5%,,x
,2025-06-14,8.26,7.7%,,y
,2025-07-15,14.27,NaN%,,x
,2025-08-16,38.14,3.6%,,y
,2025-09-17,10.63,59.9%,,x
,2025-10-18,inf,42.9%,,y
,2025-11-19,1e999,NaN%,,x
,2025-12-20,nan,,,y
,2025-01-21,nan,,,x
,2025-02-22,inf,1.5%,,y
,2025-03-23,inf,,,x
,2025-04-24,28.33,65.5%,,y
,2025-05-25,14.51,98.8%,,x
,2025-06-26,inf,,,y
,2025-07-27,5.82,13.8%,,x
,2025-08-28,28.67,NaN%,,y
,2025-09-01,nan,81.5%,,x
,2025-10-02,nan,38.9%,,y
,2025-11-03,NaN,56.6%,,x
,2025-12-04,3.12,NaN%,,y
,2025-01-05,36.33,NaN%,,x
,2025-02-06,inf,NaN%,,y
,2025-03-07,34.31,25.9%,,x
,2025-04-08,16.82,46.6%,,y
,2025-05-09,30.97,NaN%,,x
,2025-06-10,22.45,,,y
,2025-07-11,9.32,14.5%,,x
,2025-08-12,1e999,,,y
,2025-09-13,-inf,42.5%,,x
,2025-10-14,-inf,NaN%,,y
,2025-11-15,NaN,,,x
,2025-12-16,-inf,NaN%,,y
,2025-01-17,15.34,6.3%,,x
,2025-02-18,5.63,10.4%,,y
,2025-03-19,-inf,32.3%,,x
,2025-04-20,1e999,NaN%,,y
,2025-05-21,-inf,,,x
,2025-06-22,NaN,38.2%,,y
,2025-07-23,NaN,,,x
,2025-08-24,nan,74.4%,,y
,2025-09-25,-inf,NaN%,,x
,2025-10-26,-inf,,,y
,2025-11-27,-inf,88.5%,,x
,2025-12-28,1e999,,,y
,2025-01-01,nan,5.8%,,x
,2025-02-02,NaN,NaN%,,y
,2025-03-03,47.24,,,x
,2025-04-04,inf,NaN%,,y
,2025-05-05,27.41,,,x
,2025-06-06,NaN,,,y
,2025-07-07,1e999,64.6%,,x
,2025-08-08,33.18,NaN%,,y
,2025-09-09,38.12,72.7%,,x
,2025-10-10,21.86,NaN%,,y
,2025-11-11,45.04,NaN%,,x
,2025-12-12,31.02,83.5%,,y
,2025-01-13,1e999,96.8%,,x
,2025-02-14,1e999,NaN%,,y
,2025-03-15,NaN,,,x
,2025-04-16,20.73,96.1%,,y
,2025-05-17,nan,,,x
,2025-06-18,33.33,20.3%,,y
,2025-07-19,NaN,,,x
,2025-08-20,inf,NaN%,,y
,2025-09-21,37.40,,,x
,2025-10-22,8.37,,,y
,2025-11-23,17.13,,,x
,2025-12-24,-inf,,,y
,2025-01-25,-inf,8.1%,,x
,2025-02-26,nan,NaN%,,y
,2025-03-27,-inf,,,x
,2025-04-28,21.79,57.2%,,y
,2025-05-01,-inf,NaN%,,x
,2025-06-02,8.83,NaN%,,y
,2025-07-03,23.62,NaN%,,x
,2025-08-04,16.17,50.2%,,y
