date,team,revenue
2025-01-01,A,417.24
2025-02-02,B,125.55
2025-03-03,A,6.79
2025-04-04,B,8.1k
2025-05-05,A,499.29
2025-06-06,B,37.77
2025-07-07,A,633.43
2025-08-08,B,6.5k
2025-09-09,A,2.1k
2025-10-10,B,456.14
2025-11-11,A,531.80
2025-12-12,B,345.91
2025-01-13,A,92.40
2025-02-14,B,607.14
2025-03-15,A,3.8k
2025-04-16,B,240.79
2025-05-17,A,253.78
2025-06-18,B,180.34
2025-07-19,A,7.9k
2025-08-20,B,341.56
2025-09-21,A,22.11
2025-10-22,B,8.2k
2025-11-23,A,5.4k
2025-12-24,B,521.25
2025-01-25,A,1.8k
2025-02-26,B,76.07
2025-03-27,A,0.2k
2025-04-28,B,447.57
2025-05-01,A,378.68
2025-06-02,B,5.8k
2025-07-03,A,5.2k
2025-08-04,B,548.39
2025-09-05,A,49.70
2025-10-06,B,5.5k
2025-11-07,A,242.21
2025-12-08,B,9.0k
2025-01-09,A,635.22
2025-02-10,B,213.87
2025-03-11,A,39.68
2025-04-12,B,607.04
2025-05-13,A,7.0k
2025-06-14,B,313.13
2025-07-15,A,526.14
2025-08-16,B,362.55
2025-09-17,A,5.2k
2025-10-18,B,719.63
2025-11-19,A,390.78
2025-12-20,B,400.17
2025-01-21,A,80.85
2025-02-22,B,93.66
2025-03-23,A,23.83
2025-04-24,B,726.99
2025-05-25,A,638.79
2025-06-26,B,664.12
2025-07-27,A,208.63
2025-08-28,B,361.41
2025-09-01,A,774.05
2025-10-02,B,6.0k
2025-11-03,A,759.10
2025-12-04,B,46.40
2025-01-05,A,156.31
2025-02-06,B,887.56
2025-03-07,A,0.1k
2025-04-08,B,188.53
2025-05-09,A,550.78
2025-06-10,B,3.2k
2025-07-11,A,5.1k
2025-08-12,B,78.84
2025-09-13,A,6.3k
2025-10-14,B,406.81
2025-11-15,A,687.99
2025-12-16,B,8.0k
2025-01-17,A,644.20
2025-02-18,B,792.35
2025-03-19,A,0.9k
2025-04-20,B,4.8k
2025-05-21,A,5.7k
2025-06-22,B,702.35
2025-07-23,A,0.1k
2025-08-24,B,411.57
2025-09-25,A,3.5k
2025-10-26,B,434.37
2025-11-27,A,482.35
2025-12-28,B,26.87
2025-01-01,A,800.21
2025-02-02,B,471.62
2025-03-03,A,8.2k
2025-04-04,B,578.89
2025-05-05,A,270.99
2025-06-06,B,6.5k
2025-07-07,A,629.87
2025-08-08,B,441.70
2025-09-09,A,48.60
2025-10-10,B,336.46
2025-11-11,A,208.76
2025-12-12,B,656.90
2025-01-13,A,7.9k
2025-02-14,B,537.67
2025-03-15,A,610.57
2025-04-16,B,0.6k
2025-05-17,A,5.5k
2025-06-18,B,59.32
2025-07-19,A,423.75
2025-08-20,B,24.35
2025-09-21,A,301.11
2025-10-22,B,8.70
2025-11-23,A,531.63
2025-12-24,B,887.70
2025-01-25,A,96.51
2025-02-26,B,208.95
2025-03-27,A,173.75
2025-04-28,B,1.0k
2025-05-01,A,844.38
2025-06-02,B,335.81
2025-07-03,A,421.29
2025-08-04,B,333.17
2025-09-05,A,213.30
2025-10-06,B,4.7k
2025-11-07,A,395.89
2025-12-08,B,0.2k
2025-01-09,A,7.2k
2025-02-10,B,226.86
2025-03-11,A,545.12
2025-04-12,B,53.69
2025-05-13,A,270.83
2025-06-14,B,878.02
2025-07-15,A,811.67
2025-08-16,B,789.04
2025-09-17,A,8.7k
2025-10-18,B,286.59
2025-11-19,A,544.15
2025-12-20,B,312.90
2025-01-21,A,359.78
2025-02-22,B,249.47
2025-03-23,A,549.81
2025-04-24,B,4.0k
2025-05-25,A,362.55
2025-06-26,B,154.34
2025-07-27,A,170.52
2025-08-28,B,5.9k
2025-09-01,A,563.21
2025-10-02,B,402.92
2025-11-03,A,685.68
2025-12-04,B,660.46
2025-01-05,A,488.20
2025-02-06,B,18.19
2025-03-07,A,424.07
2025-04-08,B,292.00
2025-05-09,A,4.6k
2025-06-10,B,645.51
2025-07-11,A,4.8k
2025-08-12,B,10.71
2025-09-13,A,0.4k
2025-10-14,B,1.5k
2025-11-15,A,741.84
2025-12-16,B,584.62
2025-01-17,A,799.70
2025-02-18,B,122.22
2025-03-19,A,323.74
2025-04-20,B,289.08
2025-05-21,A,165.01
2025-06-22,B,781.70
2025-07-23,A,9.50
2025-08-24,B,19.09
2025-09-25,A,779.30
2025-10-26,B,817.48
2025-11-27,A,2.5k
2025-12-28,B,406.88
2025-01-01,A,209.62
2025-02-02,B,673.56
2025-03-03,A,541.20
2025-04-04,B,8.4k
2025-05-05,A,168.58
2025-06-06,B,6.0k
2025-07-07,A,121.96
2025-08-08,B,489.28
2025-09-09,A,195.71
2025-10-10,B,617.52
2025-11-11,A,762.16
2025-12-12,B,842.61
2025-01-13,A,4.5k
2025-02-14,B,727.51
2025-03-15,A,417.78
2025-04-16,B,867.70
2025-05-17,A,826.18
2025-06-18,B,77.31
2025-07-19,A,799.78
2025-08-20,B,8.7k
2025-09-21,A,478.52
2025-10-22,B,486.30
2025-11-23,A,8.8k
2025-12-24,B,51.79
2025-01-25,A,523.38
2025-02-26,B,749.25
2025-03-27,A,117.66
2025-04-28,B,33.42
2025-05-01,A,701.83
2025-06-02,B,8.7k
2025-07-03,A,1.6k
2025-08-04,B,5.2k
2025-09-05,A,600.86
2025-10-06,B,523.17
2025-11-07,A,711.08
2025-12-08,B,137.72
2025-01-09,A,864.40
2025-02-10,B,257.70
2025-03-11,A,163.61
2025-04-12,B,5.7k
2025-05-13,A,867.88
2025-06-14,B,229.09
2025-07-15,A,854.68
2025-08-16,B,0.1k
2025-09-17,A,53.73
2025-10-18,B,281.03
2025-11-19,A,1.9k
2025-12-20,B,4.2k
2025-01-21,A,280.08
2025-02-22,B,161.19
2025-03-23,A,842.65
2025-04-24,B,575.07
2025-05-25,A,823.63
2025-06-26,B,27.32
2025-07-27,A,1.9k
2025-08-28,B,18.41
2025-09-01,A,639.15
2025-10-02,B,502.30
2025-11-03,A,68.86
2025-12-04,B,638.18
2025-01-05,A,54.15
2025-02-06,B,457.90
2025-03-07,A,328.32
2025-04-08,B,807.43
2025-05-09,A,464.34
2025-06-10,B,31.67
2025-07-11,A,282.38
2025-08-12,B,259.60
2025-09-13,A,479.86
2025-10-14,B,94.36
2025-11-15,A,738.94
2025-12-16,B,201.28
2025-01-17,A,4.1k
2025-02-18,B,858.26
2025-03-19,A,8.6k
2025-04-20,B,583.60
2025-05-21,A,580.42
2025-06-22,B,18.19
2025-07-23,A,351.71
2025-08-24,B,876.24
2025-09-25,A,8.8k
2025-10-26,B,27.67
2025-11-27,A,0.1k
2025-12-28,B,519.89
2025-01-01,A,550.05
2025-02-02,B,247.39
2025-03-03,A,168.46
2025-04-04,B,474.62
2025-05-05,A,130.46
2025-06-06,B,8.0k
2025-07-07,A,426.03
2025-08-08,B,427.75
2025-09-09,A,580.24
2025-10-10,B,613.28
2025-11-11,A,417.60
2025-12-12,B,571.53
2025-01-13,A,80.84
2025-02-14,B,700.42
2025-03-15,A,67.70
2025-04-16,B,529.37
2025-05-17,A,135.65
2025-06-18,B,627.92
2025-07-19,A,845.71
2025-08-20,B,12.06
2025-09-21,A,6.3k
2025-10-22,B,868.55
2025-11-23,A,6.9k
2025-12-24,B,7.09
2025-01-25,A,460.38
2025-02-26,B,466.97
2025-03-27,A,335.88
2025-04-28,B,146.56
2025-05-01,A,626.60
2025-06-02,B,429.90
2025-07-03,A,293.71
2025-08-04,B,818.42
2025-09-05,A,230.91
2025-10-06,B,548.18
2025-11-07,A,63.49
2025-12-08,B,406.96
2025-01-09,A,4.1k
2025-02-10,B,189.06
2025-03-11,A,794.70
2025-04-12,B,72.72
2025-05-13,A,779.72
2025-06-14,B,434.19
2025-07-15,A,49.07
2025-08-16,B,1.4k
2025-09-17,A,8.2k
2025-10-18,B,683.99
2025-11-19,A,226.45
2025-12-20,B,201.42
