order_date,region,amount
2015-01-01,North,165.41
2015-01-02,South,$75.87
2015-01-03,East,$429.82
2015-01-04,North,$241.55
2015-01-05,South,397.55
2015-02-06,East,$483.34
2015-02-07,North,$90.63
2015-02-08,South,$261.65
2015-02-09,East,30.42
2015-02-10,North,337.62
2015-03-11,South,$301.76
2015-03-12,East,$355.20
2015-03-13,North,117.73
2015-03-14,South,112.66
2015-03-15,East,$267.45
2015-04-16,North,see note
2015-04-17,South,81.68
2015-04-18,East,$70.87
2015-04-19,North,42.72
2015-04-20,South,$261.97
2015-05-21,East,$91.03
2015-05-22,North,222.33
2015-05-23,South,$254.72
2015-05-24,East,368.13
2015-05-25,North,360.25
2015-06-26,South,134.46
2015-06-27,East,$283.11
2015-06-28,North,$42.97
2015-06-01,South,$298.13
2015-06-02,East,$233.48
2015-07-03,North,329.62
2015-07-04,South,pending
2015-07-05,East,$40.02
2015-07-06,North,336.12
2015-07-07,South,$44.91
2015-08-08,East,$234.46
2015-08-09,North,$305.11
2015-08-10,South,TBD
2015-08-11,East,($86.75)
2015-08-12,North,$132.70
2015-09-13,South,$275.50
2015-09-14,East,$60.10
2015-09-15,North,$345.32
2015-09-16,South,$329.30
2015-09-17,East,99.87
2015-10-18,North,N/A
2015-10-19,South,($24.32)
2015-10-20,East,$140.04
2015-10-21,North,$235.25
2015-10-22,South,$339.94
2015-11-23,East,$161.47
2015-11-24,North,$289.88
2015-11-25,South,306.39
2015-11-26,East,$507.23
2015-11-27,North,$238.95
2015-12-28,South,$218.53
2015-12-01,East,121.03
2015-12-02,North,183.25
2015-12-03,South,386.21
2015-12-04,East,66.64
2016-01-05,North,$118.04
2016-01-06,South,$252.13
2016-01-07,East,call customer
2016-01-08,North,$171.58
2016-01-09,South,$242.89
2016-02-10,East,167.32
2016-02-11,North,see note
2016-02-12,South,32.08
2016-02-13,East,63.10
2016-02-14,North,252.77
2016-03-15,South,void?
2016-03-16,East,442.54
2016-03-17,North,88.67
2016-03-18,South,$337.50
2016-03-19,East,TBD
2016-04-20,North,86.10
2016-04-21,South,$241.41
2016-04-22,East,$427.92
2016-04-23,North,$221.85
2016-04-24,South,40.26
2016-05-25,East,360.04
2016-05-26,North,156.05
2016-05-27,South,see note
2016-05-28,East,190.22
2016-05-01,North,90.34
2016-06-02,South,260.51
2016-06-03,East,N/A
2016-06-04,North,353.49
2016-06-05,South,$393.16
2016-06-06,East,349.21
2016-07-07,North,see note
2016-07-08,South,$275.10
2016-07-09,East,89.22
2016-07-10,North,$63.07
2016-07-11,South,$192.02
2016-08-12,East,$339.66
2016-08-13,North,314.51
2016-08-14,South,call customer
2016-08-15,East,283.15
2016-08-16,North,324.09
2016-09-17,South,60.00
2016-09-18,East,67.25
2016-09-19,North,see note
2016-09-20,South,$258.24
2016-09-21,East,void?
2016-10-22,North,148.75
2016-10-23,South,$321.90
2016-10-24,East,$134.79
2016-10-25,North,336.69
2016-10-26,South,refund issued
2016-11-27,East,void?
2016-11-28,North,$186.83
2016-11-01,South,62.10
2016-11-02,East,$512.32
2016-11-03,North,$217.68
2016-12-04,South,$320.46
2016-12-05,East,94.50
2016-12-06,North,$66.66
2016-12-07,South,$374.02
2016-12-08,East,$201.71
2017-01-09,North,$121.18
2017-01-10,South,$222.75
2017-01-11,East,455.64
2017-01-12,North,333.28
2017-01-13,South,$395.25
2017-02-14,East,173.22
2017-02-15,North,$74.08
2017-02-16,South,$333.07
2017-02-17,East,$395.80
2017-02-18,North,330.63
2017-03-19,South,-$78.83
2017-03-20,East,$315.08
2017-03-21,North,383.47
2017-03-22,South,258.01
2017-03-23,East,255.94
2017-04-24,North,105.82
2017-04-25,South,330.42
2017-04-26,East,TBD
2017-04-27,North,$50.29
2017-04-28,South,TBD
2017-05-01,East,$242.10
2017-05-02,North,357.82
2017-05-03,South,159.58
2017-05-04,East,$465.33
2017-05-05,North,195.25
2017-06-06,South,$262.23
2017-06-07,East,$510.03
2017-06-08,North,186.86
2017-06-09,South,N/A
2017-06-10,East,N/A
2017-07-11,North,$347.93
2017-07-12,South,$65.13
2017-07-13,East,64.30
2017-07-14,North,see note
2017-07-15,South,$341.52
2017-08-16,East,$167.81
2017-08-17,North,90.33
2017-08-18,South,$275.02
2017-08-19,East,void?
2017-08-20,North,refund issued
2017-09-21,South,250.14
2017-09-22,East,404.77
2017-09-23,North,see note
2017-09-24,South,see note
2017-09-25,East,refund issued
2017-10-26,North,$99.53
2017-10-27,South,$187.04
2017-10-28,East,$148.66
2017-10-01,North,110.66
2017-10-02,South,$349.90
2017-11-03,East,414.22
2017-11-04,North,$348.10
2017-11-05,South,283.01
2017-11-06,East,$208.62
2017-11-07,North,$229.00
2017-12-08,South,$323.60
2017-12-09,East,$519.42
2017-12-10,North,312.24
2017-12-11,South,111.84
2017-12-12,East,505.08
2018-01-13,North,394.20
2018-01-14,South,$158.07
2018-01-15,East,$217.05
2018-01-16,North,$383.64
2018-01-17,South,pending
2018-02-18,East,$315.79
2018-02-19,North,$186.37
2018-02-20,South,$28.04
2018-02-21,East,301.99
2018-02-22,North,$248.03
2018-03-23,South,138.69
2018-03-24,East,279.29
2018-03-25,North,368.86
2018-03-26,South,$293.72
2018-03-27,East,$112.88
2018-04-28,North,302.95
2018-04-01,South,$71.44
2018-04-02,East,246.08
2018-04-03,North,115.61
2018-04-04,South,328.28
2018-05-05,East,$250.41
2018-05-06,North,293.93
2018-05-07,South,248.94
2018-05-08,East,$414.03
2018-05-09,North,$83.41
2018-06-10,South,239.80
2018-06-11,East,$177.28
2018-06-12,North,see note
2018-06-13,South,$124.37
2018-06-14,East,-$51.93
2018-07-15,North,$321.11
2018-07-16,South,243.91
2018-07-17,East,($90.22)
2018-07-18,North,N/A
2018-07-19,South,$210.33
2018-08-20,East,pending
2018-08-21,North,234.89
2018-08-22,South,98.00
2018-08-23,East,$498.41
2018-08-24,North,$334.17
2018-09-25,South,$23.16
2018-09-26,East,TBD
2018-09-27,North,$154.03
2018-09-28,South,$332.12
2018-09-01,East,$144.31
2018-10-02,North,$184.58
2018-10-03,South,$116.57
2018-10-04,East,N/A
2018-10-05,North,71.12
2018-10-06,South,$214.70
2018-11-07,East,406.28
2018-11-08,North,$165.55
2018-11-09,South,390.50
2018-11-10,East,call customer
2018-11-11,North,$52.11
2018-12-12,South,386.91
2018-12-13,East,$469.37
2018-12-14,North,$259.91
2018-12-15,South,$198.27
2018-12-16,East,116.60
2019-01-17,North,$335.58
2019-01-18,South,$345.99
2019-01-19,East,call customer
2019-01-20,North,64.02
2019-01-21,South,-$138.63
2019-02-22,East,$506.41
2019-02-23,North,N/A
2019-02-24,South,$177.92
2019-02-25,East,$119.07
2019-02-26,North,$358.73
2019-03-27,South,260.86
2019-03-28,East,75.97
2019-03-01,North,$122.43
2019-03-02,South,N/A
2019-03-03,East,310.83
2019-04-04,North,pending
2019-04-05,South,$360.47
2019-04-06,East,$364.01
2019-04-07,North,325.69
2019-04-08,South,285.65
2019-05-09,East,see note
2019-05-10,North,$60.91
2019-05-11,South,$136.39
2019-05-12,East,$445.77
2019-05-13,North,37.64
2019-06-14,South,$217.35
2019-06-15,East,165.51
2019-06-16,North,pending
2019-06-17,South,$103.48
2019-06-18,East,448.47
2019-07-19,North,87.06
2019-07-20,South,$197.72
2019-07-21,East,$495.52
2019-07-22,North,60.76
2019-07-23,South,$171.76
2019-08-24,East,38.07
2019-08-25,North,TBD
2019-08-26,South,368.56
2019-08-27,East,261.20
2019-08-28,North,287.12
2019-09-01,South,$189.96
2019-09-02,East,$59.48
2019-09-03,North,$207.13
2019-09-04,South,refund issued
2019-09-05,East,461.10
2019-10-06,North,refund issued
2019-10-07,South,$251.73
2019-10-08,East,$340.85
2019-10-09,North,372.63
2019-10-10,South,370.84
2019-11-11,East,254.40
2019-11-12,North,void?
2019-11-13,South,65.38
2019-11-14,East,69.03
2019-11-15,North,$141.82
2019-12-16,South,refund issued
2019-12-17,East,-$67.89
2019-12-18,North,164.98
2019-12-19,South,$79.56
2019-12-20,East,see note
2020-01-21,North,306.80
2020-01-22,South,343.69
2020-01-23,East,$445.64
2020-01-24,North,$167.36
2020-01-25,South,$189.56
2020-02-26,East,494.66
2020-02-27,North,$92.23
2020-02-28,South,$357.61
2020-02-01,East,$71.88
2020-02-02,North,270.17
2020-03-03,South,376.24
2020-03-04,East,124.47
2020-03-05,North,$67.71
2020-03-06,South,$340.60
2020-03-07,East,48.94
2020-04-08,North,$100.19
2020-04-09,South,25.03
2020-04-10,East,319.13
2020-04-11,North,$21.18
2020-04-12,South,TBD
2020-05-13,East,$494.79
2020-05-14,North,$81.77
2020-05-15,South,161.70
2020-05-16,East,128.78
2020-05-17,North,311.26
2020-06-18,South,($131.88)
2020-06-19,East,462.11
2020-06-20,North,273.18
2020-06-21,South,-$53.67
2020-06-22,East,$81.39
2020-07-23,North,call customer
2020-07-24,South,283.12
2020-07-25,East,$460.15
2020-07-26,North,221.73
2020-07-27,South,$163.06
2020-08-28,East,427.49
2020-08-01,North,216.86
2020-08-02,South,$190.24
2020-08-03,East,43.96
2020-08-04,North,$226.77
2020-09-05,South,$153.22
2020-09-06,East,$247.18
2020-09-07,North,-$135.90
2020-09-08,South,$303.30
2020-09-09,East,417.69
2020-10-10,North,214.88
2020-10-11,South,$67.56
2020-10-12,East,$226.07
2020-10-13,North,179.50
2020-10-14,South,$39.23
2020-11-15,East,$511.86
2020-11-16,North,153.47
2020-11-17,South,217.22
2020-11-18,East,TBD
2020-11-19,North,$111.84
2020-12-20,South,379.96
2020-12-21,East,$384.53
2020-12-22,North,183.04
2020-12-23,South,$302.40
2020-12-24,East,485.48
2021-01-25,North,387.43
2021-01-26,South,188.83
2021-01-27,East,$98.40
2021-01-28,North,$142.69
2021-01-01,South,320.28
2021-02-02,East,$429.09
2021-02-03,North,$129.77
2021-02-04,South,389.45
2021-02-05,East,-$132.49
2021-02-06,North,see note
2021-03-07,South,130.87
2021-03-08,East,$45.13
2021-03-09,North,$385.83
2021-03-10,South,$219.36
2021-03-11,East,497.84
2021-04-12,North,322.50
2021-04-13,South,refund issued
2021-04-14,East,$42.07
2021-04-15,North,$196.94
2021-04-16,South,$190.91
2021-05-17,East,320.86
2021-05-18,North,261.92
2021-05-19,South,void?
2021-05-20,East,317.46
2021-05-21,North,62.74
2021-06-22,South,389.70
2021-06-23,East,void?
2021-06-24,North,TBD
2021-06-25,South,277.93
2021-06-26,East,refund issued
2021-07-27,North,$286.56
2021-07-28,South,$253.53
2021-07-01,East,$129.84
2021-07-02,North,334.15
2021-07-03,South,-$75.89
2021-08-04,East,$143.21
2021-08-05,North,see note
2021-08-06,South,$107.39
2021-08-07,East,$107.06
2021-08-08,North,399.31
2021-09-09,South,371.56
2021-09-10,East,497.58
2021-09-11,North,$149.11
2021-09-12,South,void?
2021-09-13,East,TBD
2021-10-14,North,$324.13
2021-10-15,South,$96.28
2021-10-16,East,$67.30
2021-10-17,North,$395.45
2021-10-18,South,pending
2021-11-19,East,253.61
2021-11-20,North,($38.14)
2021-11-21,South,$157.52
2021-11-22,East,$294.31
2021-11-23,North,360.43
2021-12-24,South,391.90
2021-12-25,East,$229.50
2021-12-26,North,-$70.08
2021-12-27,South,$313.26
2021-12-28,East,273.57
2022-01-01,North,$244.92
2022-01-02,South,refund issued
2022-01-03,East,-$149.50
2022-01-04,North,143.68
2022-01-05,South,$171.89
2022-02-06,East,462.40
2022-02-07,North,$383.87
2022-02-08,South,$366.83
2022-02-09,East,$411.09
2022-02-10,North,$54.57
2022-03-11,South,225.01
2022-03-12,East,$296.79
2022-03-13,North,$146.48
2022-03-14,South,185.14
2022-03-15,East,N/A
2022-04-16,North,call customer
2022-04-17,South,$60.37
2022-04-18,East,$310.25
2022-04-19,North,$378.68
2022-04-20,South,$340.57
2022-05-21,East,$473.40
2022-05-22,North,$72.38
2022-05-23,South,$113.76
2022-05-24,East,void?
2022-05-25,North,339.46
2022-06-26,South,$118.10
2022-06-27,East,$385.19
2022-06-28,North,$125.86
2022-06-01,South,274.38
2022-06-02,East,456.25
2022-07-03,North,371.66
2022-07-04,South,$125.61
2022-07-05,East,$291.09
2022-07-06,North,48.11
2022-07-07,South,TBD
2022-08-08,East,310.28
2022-08-09,North,167.80
2022-08-10,South,$388.66
2022-08-11,East,154.67
2022-08-12,North,$158.27
2022-09-13,South,197.33
2022-09-14,East,297.24
2022-09-15,North,$50.40
2022-09-16,South,397.40
2022-09-17,East,$439.22
2022-10-18,North,298.97
2022-10-19,South,TBD
2022-10-20,East,165.52
2022-10-21,North,177.90
2022-10-22,South,337.41
2022-11-23,East,104.88
2022-11-24,North,45.44
2022-11-25,South,$367.62
2022-11-26,East,$473.34
2022-11-27,North,$399.87
2022-12-28,South,-$19.88
2022-12-01,East,$246.48
2022-12-02,North,$378.12
2022-12-03,South,see note
2022-12-04,East,171.46
2023-01-05,North,388.06
2023-01-06,South,$334.42
2023-01-07,East,364.18
2023-01-08,North,-$89.69
2023-01-09,South,$248.69
2023-02-10,East,$303.16
2023-02-11,North,void?
2023-02-12,South,$319.32
2023-02-13,East,$365.92
2023-02-14,North,void?
2023-03-15,South,$36.57
2023-03-16,East,147.11
2023-03-17,North,TBD
2023-03-18,South,64.22
2023-03-19,East,326.41
2023-04-20,North,98.14
2023-04-21,South,276.97
2023-04-22,East,382.01
2023-04-23,North,287.14
2023-04-24,South,63.90
2023-05-25,East,$300.77
2023-05-26,North,254.71
2023-05-27,South,321.85
2023-05-28,East,$86.62
2023-05-01,North,372.78
2023-06-02,South,$245.33
2023-06-03,East,$333.42
2023-06-04,North,$93.87
2023-06-05,South,379.97
2023-06-06,East,241.62
2023-07-07,North,327.46
2023-07-08,South,169.79
2023-07-09,East,$77.35
2023-07-10,North,397.14
2023-07-11,South,239.35
2023-08-12,East,$212.90
2023-08-13,North,359.38
2023-08-14,South,($73.17)
2023-08-15,East,$56.54
2023-08-16,North,25.00
2023-09-17,South,121.26
2023-09-18,East,451.04
2023-09-19,North,see note
2023-09-20,South,TBD
2023-09-21,East,201.25
2023-10-22,North,130.89
2023-10-23,South,N/A
2023-10-24,East,342.73
2023-10-25,North,186.67
2023-10-26,South,187.10
2023-11-27,East,332.06
2023-11-28,North,96.90
2023-11-01,South,214.97
2023-11-02,East,$98.18
2023-11-03,North,$93.25
2023-12-04,South,93.74
2023-12-05,East,$74.24
2023-12-06,North,$142.42
2023-12-07,South,61.81
2023-12-08,East,see note
2024-01-09,North,192.06
2024-01-10,South,$74.26
2024-01-11,East,125.47
2024-01-12,North,$61.45
2024-01-13,South,$322.14
2024-02-14,East,337.36
2024-02-15,North,$344.34
2024-02-16,South,void?
2024-02-17,East,refund issued
2024-02-18,North,$395.86
2024-03-19,South,TBD
2024-03-20,East,345.88
2024-03-21,North,$99.79
2024-03-22,South,258.23
2024-03-23,East,$508.64
2024-04-24,North,$164.45
2024-04-25,South,133.04
2024-04-26,East,$499.56
2024-04-27,North,328.65
2024-04-28,South,204.63
2024-05-01,East,$477.80
2024-05-02,North,see note
2024-05-03,South,39.31
2024-05-04,East,$58.31
2024-05-05,North,$359.60
2024-06-06,South,92.29
2024-06-07,East,334.46
2024-06-08,North,$345.55
2024-06-09,South,$22.91
2024-06-10,East,$493.12
2024-07-11,North,$86.41
2024-07-12,South,176.66
2024-07-13,East,$243.92
2024-07-14,North,$43.91
2024-07-15,South,23.32
2024-08-16,East,155.41
2024-08-17,North,$129.87
2024-08-18,South,381.07
2024-08-19,East,$144.97
2024-08-20,North,67.57
2024-09-21,South,298.68
2024-09-22,East,pending
2024-09-23,North,107.90
2024-09-24,South,$194.86
2024-09-25,East,call customer
2024-10-26,North,$354.57
2024-10-27,South,N/A
2024-10-28,East,218.57
2024-10-01,North,$240.70
2024-10-02,South,-$78.80
2024-11-03,East,514.41
2024-11-04,North,251.28
2024-11-05,South,42.14
2024-11-06,East,323.14
2024-11-07,North,162.32
2024-12-08,South,$233.34
2024-12-09,East,442.73
2024-12-10,North,N/A
2024-12-11,South,$176.22
2024-12-12,East,$324.46
