date,branch,sales
11/02/2019,US,1477.8
09/10/2021,EU,1519.3
26/10/2019,EU,1459.9
08/03/2017,EU,1126.4
07/26/2018,US,1322.8
11/11/2017,EU,1399.7
04/18/2019,US,1278.6
08/07/2023,EU,1535.9
06/09/2016,EU,1298.1
05/06/2023,US,1513.1
12/12/2016,EU,1340.8
25/06/2019,EU,1349.2
02/08/2019,EU,1399.6
11/03/2018,US,1453.8
01/04/2017,US,1092.4
06/11/2020,US,1395.4
02/21/2023,US,1439.3
02/13/2019,US,1159.9
19/02/2018,EU,1134.3
21/10/2018,EU,1395.1
09/11/2023,EU,1662.4
07/04/2021,EU,1377.2
02/08/2024,US,1432.8
15/06/2016,EU,1173.5
12/12/2022,EU,1662.0
08/05/2019,US,1388.8
01/19/2024,US,1411.5
03/09/2020,EU,1462.2
04/11/2019,EU,1488.9
05/01/2024,EU,1457.3
22/09/2021,EU,1543.7
08/05/2021,EU,1375.2
07/02/2020,EU,1248.8
05/08/2017,US,1207.3
07/04/2020,US,1406.0
04/03/2020,EU,1293.1
16/12/2018,EU,1456.4
11/28/2021,US,1606.4
06/08/2016,EU,1258.7
08/05/2023,EU,1502.2
03/20/2021,US,1356.3
09/27/2020,US,1459.2
10/08/2022,US,1611.9
16/05/2017,EU,1210.4
08/05/2024,US,1620.3
12/15/2023,US,1685.4
08/02/2021,EU,1320.4
27/09/2022,EU,1598.0
01/05/2018,US,1088.1
01/15/2020,US,1244.6
12/08/2016,US,1386.7
19/07/2016,EU,1229.3
19/12/2023,EU,1695.6
25/11/2018,EU,1421.9
23/04/2018,EU,1235.4
01/16/2019,US,1151.3
04/14/2016,US,1118.4
20/03/2022,EU,1426.8
02/06/2018,EU,1288.8
10/13/2020,US,1484.5
26/02/2022,EU,1353.0
06/10/2018,US,1284.5
22/09/2019,EU,1397.9
03/22/2016,US,1106.2
20/11/2020,EU,1508.5
07/26/2017,US,1287.0
12/01/2019,EU,1192.9
02/03/2023,EU,1435.9
01/01/2022,US,1334.6
17/08/2022,EU,1551.5
08/22/2020,US,1425.5
10/08/2018,US,1379.5
05/11/2022,EU,1630.9
02/15/2016,US,1019.7
06/14/2023,US,1563.2
07/05/2018,EU,1256.7
22/03/2018,EU,1188.4
04/02/2023,US,1482.3
01/20/2021,US,1296.7
13/04/2024,EU,1508.6
18/12/2020,EU,1588.8
01/03/2021,EU,1322.2
12/19/2017,US,1386.7
11/21/2017,US,1377.8
06/03/2019,US,1336.4
08/13/2021,US,1494.1
28/11/2024,EU,1721.0
07/03/2024,EU,1452.6
02/01/2021,EU,1257.4
17/06/2021,EU,1426.2
19/04/2019,EU,1262.9
27/12/2019,EU,1549.7
03/27/2022,US,1372.3
04/14/2024,US,1533.3
12/10/2024,US,1792.9
01/20/2016,US,1011.1
14/08/2017,EU,1301.9
08/14/2018,US,1319.0
03/23/2018,US,1193.0
06/20/2024,US,1581.4
04/13/2018,US,1228.2
10/16/2023,US,1677.5
09/06/2020,EU,1338.6
10/12/2021,US,1562.3
08/15/2022,US,1536.5
01/11/2016,EU,1316.3
27/05/2020,EU,1353.2
04/01/2022,US,1380.3
05/18/2016,US,1180.0
27/12/2017,EU,1417.7
12/15/2022,US,1670.3
14/04/2016,EU,1159.2
07/20/2019,US,1352.0
06/13/2016,US,1241.8
18/04/2017,EU,1165.4
19/04/2023,EU,1469.7
09/14/2017,US,1308.1
04/07/2020,EU,1428.3
06/24/2022,US,1499.7
09/16/2021,US,1545.7
01/09/2024,EU,1670.6
07/10/2021,US,1473.8
04/06/2024,EU,1617.4
16/07/2024,EU,1625.0
04/08/2020,EU,1428.2
11/08/2018,EU,1306.3
06/05/2016,EU,1162.7
22/07/2017,EU,1246.3
09/01/2023,US,1611.3
11/22/2016,US,1325.2
09/04/2019,US,1421.7
05/10/2016,EU,1292.1
03/14/2019,US,1238.1
04/22/2017,US,1193.9
07/04/2016,US,1233.9
07/28/2023,US,1582.5
15/06/2023,EU,1526.1
02/03/2022,US,1373.2
07/04/2022,EU,1433.0
16/04/2020,EU,1357.4
20/11/2021,EU,1558.7
09/15/2018,US,1336.8
03/17/2023,US,1426.4
08/12/2017,US,1320.5
28/07/2019,EU,1351.3
19/02/2016,EU,1064.7
23/05/2019,EU,1344.5
17/01/2018,EU,1106.1
11/09/2024,US,1748.7
05/27/2018,US,1232.1
08/26/2016,US,1248.3
11/07/2020,US,1547.5
12/14/2019,US,1520.8
12/26/2020,US,1568.4
07/08/2024,US,1592.1
11/08/2023,EU,1583.8
06/28/2021,US,1447.5
26/12/2024,EU,1767.1
27/01/2020,EU,1214.9
18/01/2023,EU,1381.2
09/28/2024,US,1663.8
10/15/2017,US,1365.9
07/02/2023,EU,1397.1
02/16/2018,US,1127.2
13/09/2017,EU,1297.2
05/10/2017,EU,1364.5
28/03/2019,EU,1251.3
16/01/2022,EU,1325.1
14/10/2023,EU,1682.3
10/09/2024,US,1699.7
03/26/2017,US,1169.7
06/10/2017,US,1238.2
08/17/2023,US,1586.1
11/15/2022,US,1613.1
01/24/2023,US,1366.2
10/24/2019,US,1460.4
07/06/2017,EU,1217.1
28/07/2021,EU,1436.7
13/02/2017,EU,1062.4
04/20/2021,US,1376.9
10/24/2016,US,1258.4
05/27/2021,US,1417.3
03/24/2024,US,1507.8
05/20/2019,US,1321.6
17/01/2017,EU,1083.5
22/07/2018,EU,1304.2
12/09/2018,EU,1400.9
14/10/2020,EU,1508.7
27/08/2024,EU,1634.5
09/05/2022,US,1585.0
09/18/2016,US,1291.2
16/10/2024,EU,1713.4
26/10/2022,EU,1624.8
12/18/2018,US,1449.6
14/02/2019,EU,1228.7
05/13/2024,US,1535.4
05/14/2020,US,1316.0
02/09/2023,EU,1591.4
21/12/2021,EU,1640.4
14/03/2016,EU,1096.6
02/21/2020,US,1249.6
11/13/2023,US,1692.1
06/05/2024,EU,1534.7
04/01/2020,US,1322.1
21/07/2022,EU,1514.9
02/14/2021,US,1323.4
06/05/2022,EU,1407.6
14/02/2024,EU,1432.2
12/17/2021,US,1613.1
03/02/2020,US,1294.6
13/08/2021,EU,1522.3
02/07/2017,US,1147.2
12/01/2016,EU,982.3
09/06/2022,EU,1473.0
05/13/2022,US,1431.5
07/11/2022,US,1521.8
