order_id,order_date,amount
ORD-00000,2025-01-01,188.1
ORD-00001,2025-02-02,236.21
ORD-00002,2025-03-03,128.82
ORD-00003,2025-04-04,151.72
ORD-00004,2025-05-05,148.91
ORD-00005,2025-06-06,156.43
ORD-00006,2025-07-07,66.49
ORD-00007,2025-08-08,128.68
ORD-00008,2025-09-09,135.11
ORD-00009,2025-10-10,98.52
ORD-00010,2025-11-11,127.5
ORD-00011,2025-12-12,287.69
ORD-00012,2025-01-13,112.59
ORD-00013,2025-02-14,25.09
ORD-00014,2025-03-15,102.25
ORD-00015,2025-04-16,64.28
ORD-00016,2025-05-17,152.78
ORD-00017,2025-06-18,268.32
ORD-00018,2025-07-19,121.44
ORD-00019,2025-08-20,294.18
ORD-00020,2025-09-21,64.54
ORD-00021,2025-10-22,88.49
ORD-00022,2025-11-23,97.76
ORD-00023,2025-12-24,115.76
ORD-00024,2025-01-25,148.39
ORD-00025,2025-02-26,131.49
ORD-00026,2025-03-27,173.32
ORD-00027,2025-04-28,259.19
ORD-00028,2025-05-01,249.84
ORD-00029,2025-06-02,231.51
ORD-00030,2025-07-03,126.37
ORD-00031,2025-08-04,94.86
ORD-00032,2025-09-05,177.0
ORD-00033,2025-10-06,207.77
ORD-00034,2025-11-07,158.56
ORD-00035,2025-12-08,62.23
ORD-00036,2025-01-09,142.23
ORD-00037,2025-02-10,42.77
ORD-00038,2025-03-11,272.17
ORD-00039,2025-04-12,253.76
ORD-00040,2025-05-13,86.15
ORD-00041,2025-06-14,59.4
ORD-00042,2025-07-15,286.86
ORD-00043,2025-08-16,262.16
ORD-00044,2025-09-17,265.58
ORD-00045,2025-10-18,260.75
ORD-00046,2025-11-19,279.0
ORD-00047,2025-12-20,196.71
ORD-00048,2025-01-21,254.91
ORD-00049,2025-02-22,156.98
ORD-00050,2025-03-23,255.34
ORD-00051,2025-04-24,33.04
ORD-00052,2025-05-25,199.29
ORD-00053,2025-06-26,107.99
ORD-00054,2025-07-27,184.19
ORD-00055,2025-08-28,170.86
ORD-00056,2025-09-01,283.95
ORD-00057,2025-10-02,271.86
ORD-00058,2025-11-03,204.21
ORD-00059,2025-12-04,292.79
ORD-00060,2025-01-05,222.31
ORD-00061,2025-02-06,238.54
ORD-00062,2025-03-07,151.84
ORD-00063,2025-04-08,198.47
ORD-00064,2025-05-09,125.28
ORD-00065,2025-06-10,282.8
ORD-00066,2025-07-11,229.42
ORD-00067,2025-08-12,166.45
ORD-00068,2025-09-13,48.81
ORD-00069,2025-10-14,42.97
ORD-00070,2025-11-15,283.19
ORD-00071,2025-12-16,297.63
ORD-00072,2025-01-17,74.63
ORD-00073,2025-02-18,111.8
ORD-00074,2025-03-19,280.69
ORD-00075,2025-04-20,137.55
ORD-00076,2025-05-21,53.97
ORD-00077,2025-06-22,116.3
ORD-00078,2025-07-23,181.61
ORD-00079,2025-08-24,99.53
ORD-00080,2025-09-25,232.38
ORD-00081,2025-10-26,205.4
ORD-00082,2025-11-27,79.1
ORD-00083,2025-12-28,147.8
ORD-00084,2025-01-01,82.15
ORD-00085,2025-02-02,146.1
ORD-00086,2025-03-03,16.69
ORD-00087,2025-04-04,243.08
ORD-00088,2025-05-05,268.22
ORD-00089,2025-06-06,19.96
ORD-00090,2025-07-07,244.01
ORD-00091,2025-08-08,230.32
ORD-00092,2025-09-09,37.61
ORD-00093,2025-10-10,109.68
ORD-00094,2025-11-11,156.27
ORD-00095,2025-12-12,268.45
ORD-00096,2025-01-13,44.92
ORD-00097,2025-02-14,127.4
ORD-00098,2025-03-15,69.08
ORD-00099,2025-04-16,97.83
ORD-00100,2025-05-17,294.84
ORD-00101,2025-06-18,100.91
ORD-00102,2025-07-19,262.05
ORD-00103,2025-08-20,187.3
ORD-00104,2025-09-21,134.66
ORD-00105,2025-10-22,127.49
ORD-00106,2025-11-23,298.61
ORD-00107,2025-12-24,280.22
ORD-00108,2025-01-25,100.3
ORD-00109,2025-02-26,132.62
ORD-00110,2025-03-27,134.05
ORD-00111,2025-04-28,192.68
ORD-00112,2025-05-01,260.43
ORD-00113,2025-06-02,74.7
ORD-00114,2025-07-03,175.26
ORD-00115,2025-08-04,275.77
ORD-00116,2025-09-05,210.54
ORD-00117,2025-10-06,94.94
ORD-00118,2025-11-07,18.03
ORD-00119,2025-12-08,84.9
ORD-00120,2025-01-09,229.61
ORD-00121,2025-02-10,193.56
ORD-00122,2025-03-11,238.64
ORD-00123,2025-04-12,204.41
ORD-00124,2025-05-13,181.15
ORD-00125,2025-06-14,296.46
ORD-00126,2025-07-15,292.54
ORD-00127,2025-08-16,115.48
ORD-00128,2025-09-17,219.74
ORD-00129,2025-10-18,186.9
ORD-00130,2025-11-19,11.83
ORD-00131,2025-12-20,35.34
ORD-00132,2025-01-21,97.5
ORD-00133,2025-02-22,226.29
ORD-00134,2025-03-23,287.74
ORD-00135,2025-04-24,239.97
ORD-00136,2025-05-25,41.59
ORD-00137,2025-06-26,192.77
ORD-00138,2025-07-27,112.85
ORD-00139,2025-08-28,243.73
ORD-00140,2025-09-01,39.35
ORD-00141,2025-10-02,268.82
ORD-00142,2025-11-03,10.13
ORD-00143,2025-12-04,121.66
ORD-00144,2025-01-05,258.14
ORD-00145,2025-02-06,232.82
ORD-00146,2025-03-07,239.43
ORD-00147,2025-04-08,58.23
ORD-00148,2025-05-09,149.8
ORD-00149,2025-06-10,112.36
ORD-00150,2025-07-11,136.68
ORD-00151,2025-08-12,291.08
ORD-00152,2025-09-13,183.36
ORD-00153,2025-10-14,109.08
ORD-00154,2025-11-15,114.59
ORD-00155,2025-12-16,136.59
ORD-00156,2025-01-17,256.74
ORD-00157,2025-02-18,52.36
ORD-00158,2025-03-19,96.34
ORD-00159,2025-04-20,156.94
ORD-00160,2025-05-21,29.05
ORD-00161,2025-06-22,287.89
ORD-00162,2025-07-23,22.7
ORD-00163,2025-08-24,241.73
ORD-00164,2025-09-25,125.29
ORD-00165,2025-10-26,177.33
ORD-00166,2025-11-27,199.06
ORD-00167,2025-12-28,280.38
ORD-00168,2025-01-01,201.57
ORD-00169,2025-02-02,39.64
ORD-00170,2025-03-03,261.02
ORD-00171,2025-04-04,110.17
ORD-00172,2025-05-05,117.52
ORD-00173,2025-06-06,195.48
ORD-00174,2025-07-07,138.08
ORD-00175,2025-08-08,170.63
ORD-00176,2025-09-09,288.83
ORD-00177,2025-10-10,108.86
ORD-00178,2025-11-11,283.28
ORD-00179,2025-12-12,49.0
ORD-00180,2025-01-13,164.81
ORD-00181,2025-02-14,174.52
ORD-00182,2025-03-15,129.02
ORD-00183,2025-04-16,186.64
ORD-00184,2025-05-17,270.4
ORD-00185,2025-06-18,107.57
ORD-00186,2025-07-19,250.33
ORD-00187,2025-08-20,133.77
ORD-00188,2025-09-21,171.85
ORD-00189,2025-10-22,92.26
ORD-00190,2025-11-23,282.77
ORD-00191,2025-12-24,71.32
ORD-00192,2025-01-25,224.77
ORD-00193,2025-02-26,162.25
ORD-00194,2025-03-27,253.41
ORD-00195,2025-04-28,84.51
ORD-00196,2025-05-01,220.54
ORD-00197,2025-06-02,273.96
ORD-00198,2025-07-03,55.47
ORD-00199,2025-08-04,122.08
ORD-00200,2025-09-05,213.66
ORD-00201,2025-10-06,115.09
ORD-00202,2025-11-07,192.43
ORD-00203,2025-12-08,268.86
ORD-00204,2025-01-09,181.82
ORD-00205,2025-02-10,23.89
ORD-00206,2025-03-11,280.39
ORD-00207,2025-04-12,155.88
ORD-00208,2025-05-13,233.31
ORD-00209,2025-06-14,168.16
ORD-00210,2025-07-15,203.41
ORD-00211,2025-08-16,89.55
ORD-00212,2025-09-17,16.76
ORD-00213,2025-10-18,185.04
ORD-00214,2025-11-19,139.46
ORD-00215,2025-12-20,63.11
ORD-00216,2025-01-21,286.9
ORD-00217,2025-02-22,68.14
ORD-00218,2025-03-23,52.31
ORD-00219,2025-04-24,271.53
ORD-00220,2025-05-25,89.78
ORD-00221,2025-06-26,295.69
ORD-00222,2025-07-27,111.22
ORD-00223,2025-08-28,181.83
ORD-00224,2025-09-01,273.26
ORD-00225,2025-10-02,121.12
ORD-00226,2025-11-03,203.12
ORD-00227,2025-12-04,130.66
ORD-00228,2025-01-05,51.16
ORD-00229,2025-02-06,134.94
ORD-00230,2025-03-07,103.32
ORD-00231,2025-04-08,218.54
ORD-00232,2025-05-09,252.75
ORD-00233,2025-06-10,136.66
ORD-00234,2025-07-11,172.92
ORD-00235,2025-08-12,202.91
ORD-00236,2025-09-13,149.74
ORD-00237,2025-10-14,26.79
ORD-00238,2025-11-15,68.91
ORD-00239,2025-12-16,94.03
ORD-00240,2025-01-17,233.02
ORD-00241,2025-02-18,90.16
ORD-00242,2025-03-19,12.47
ORD-00243,2025-04-20,204.55
ORD-00244,2025-05-21,119.38
ORD-00245,2025-06-22,275.33
ORD-00246,2025-07-23,52.57
ORD-00247,2025-08-24,67.11
ORD-00248,2025-09-25,25.07
ORD-00249,2025-10-26,291.56
ORD-00250,2025-11-27,204.41
ORD-00251,2025-12-28,207.45
ORD-00252,2025-01-01,85.83
ORD-00253,2025-02-02,90.66
ORD-00254,2025-03-03,135.64
ORD-00255,2025-04-04,158.07
ORD-00256,2025-05-05,156.69
ORD-00257,2025-06-06,281.89
ORD-00258,2025-07-07,69.76
ORD-00259,2025-08-08,251.24
ORD-00260,2025-09-09,84.16
ORD-00261,2025-10-10,242.32
ORD-00262,2025-11-11,82.55
ORD-00263,2025-12-12,296.79
ORD-00264,2025-01-13,201.53
ORD-00265,2025-02-14,260.08
ORD-00266,2025-03-15,47.67
ORD-00267,2025-04-16,169.22
ORD-00268,2025-05-17,194.58
ORD-00269,2025-06-18,270.4
ORD-00270,2025-07-19,180.96
ORD-00271,2025-08-20,199.49
ORD-00272,2025-09-21,150.96
ORD-00273,2025-10-22,17.17
ORD-00274,2025-11-23,266.56
ORD-00275,2025-12-24,29.59
ORD-00276,2025-01-25,225.59
ORD-00277,2025-02-26,47.83
ORD-00278,2025-03-27,293.42
ORD-00279,2025-04-28,190.94
ORD-00280,2025-05-01,288.84
ORD-00281,2025-06-02,220.08
ORD-00282,2025-07-03,43.54
ORD-00283,2025-08-04,245.28
ORD-00284,2025-09-05,261.14
ORD-00285,2025-10-06,228.13
ORD-00286,2025-11-07,274.14
ORD-00287,2025-12-08,158.78
ORD-00288,2025-01-09,78.45
ORD-00289,2025-02-10,102.58
ORD-00290,2025-03-11,265.81
ORD-00291,2025-04-12,177.0
ORD-00292,2025-05-13,167.6
ORD-00293,2025-06-14,173.5
ORD-00294,2025-07-15,248.91
ORD-00295,2025-08-16,264.1
ORD-00296,2025-09-17,261.18
ORD-00297,2025-10-18,63.15
ORD-00298,2025-11-19,104.36
ORD-00299,2025-12-20,41.27
ORD-00000,2025-01-01,188.1
ORD-00001,2025-02-02,236.21
ORD-00002,2025-03-03,128.82
ORD-00003,2025-04-04,151.72
ORD-00004,2025-05-05,148.91
ORD-00005,2025-06-06,156.43
ORD-00006,2025-07-07,66.49
ORD-00007,2025-08-08,128.68
ORD-00008,2025-09-09,135.11
ORD-00009,2025-10-10,98.52
ORD-00010,2025-11-11,127.5
ORD-00011,2025-12-12,287.69
ORD-00012,2025-01-13,112.59
ORD-00013,2025-02-14,25.09
ORD-00014,2025-03-15,102.25
ORD-00015,2025-04-16,64.28
ORD-00016,2025-05-17,152.78
ORD-00017,2025-06-18,268.32
ORD-00018,2025-07-19,121.44
ORD-00019,2025-08-20,294.18
ORD-00050,2025-03-23,256.34
ORD-00051,2025-04-24,34.04
ORD-00052,2025-05-25,200.29
ORD-00053,2025-06-26,108.99
ORD-00054,2025-07-27,185.19
ORD-00055,2025-08-28,171.86
ORD-00056,2025-09-01,284.95
ORD-00057,2025-10-02,272.86
ORD-00058,2025-11-03,205.21
ORD-00059,2025-12-04,293.79
ORD-00060,2025-01-05,223.31
ORD-00061,2025-02-06,239.54
ORD-00062,2025-03-07,152.84
ORD-00063,2025-04-08,199.47
ORD-00064,2025-05-09,126.28
ORD-00065,2025-06-10,283.8
ORD-00066,2025-07-11,230.42
ORD-00067,2025-08-12,167.45
ORD-00068,2025-09-13,49.81
ORD-00069,2025-10-14,43.97
ORD-00070,2025-11-15,284.19
ORD-00071,2025-12-16,298.63
ORD-00072,2025-01-17,75.63
ORD-00073,2025-02-18,112.8
ORD-00074,2025-03-19,281.69
ORD-00075,2025-04-20,138.55
ORD-00076,2025-05-21,54.97
ORD-00077,2025-06-22,117.3
ORD-00078,2025-07-23,182.61
ORD-00079,2025-08-24,100.53
ORD-00080,2025-09-25,233.38
ORD-00081,2025-10-26,206.4
ORD-00082,2025-11-27,80.1
ORD-00083,2025-12-28,148.8
ORD-00084,2025-01-01,83.15
ORD-00085,2025-02-02,147.1
ORD-00086,2025-03-03,17.69
ORD-00087,2025-04-04,244.08
ORD-00088,2025-05-05,269.22
ORD-00089,2025-06-06,20.96
ORD-00090,2025-07-07,245.01
ORD-00091,2025-08-08,231.32
ORD-00092,2025-09-09,38.61
ORD-00093,2025-10-10,110.68
ORD-00094,2025-11-11,157.27
ORD-00095,2025-12-12,269.45
ORD-00096,2025-01-13,45.92
ORD-00097,2025-02-14,128.4
ORD-00098,2025-03-15,70.08
ORD-00099,2025-04-16,98.83
ORD-00100,2025-05-17,295.84
ORD-00101,2025-06-18,101.91
ORD-00102,2025-07-19,263.05
ORD-00103,2025-08-20,188.3
ORD-00104,2025-09-21,135.66
ORD-00105,2025-10-22,128.49
ORD-00106,2025-11-23,299.61
ORD-00107,2025-12-24,281.22
ORD-00108,2025-01-25,101.3
ORD-00109,2025-02-26,133.62
ORD-00110,2025-03-27,135.05
ORD-00111,2025-04-28,193.68
ORD-00112,2025-05-01,261.43
ORD-00113,2025-06-02,75.7
ORD-00114,2025-07-03,176.26
ORD-00115,2025-08-04,276.77
ORD-00116,2025-09-05,211.54
ORD-00117,2025-10-06,95.94
ORD-00118,2025-11-07,19.03
ORD-00119,2025-12-08,85.9
ORD-00120,2025-01-09,230.61
ORD-00121,2025-02-10,194.56
ORD-00122,2025-03-11,239.64
ORD-00123,2025-04-12,205.41
ORD-00124,2025-05-13,182.15
ORD-00125,2025-06-14,297.46
ORD-00126,2025-07-15,293.54
ORD-00127,2025-08-16,116.48
ORD-00128,2025-09-17,220.74
ORD-00129,2025-10-18,187.9
ORD-00130,2025-11-19,12.83
ORD-00131,2025-12-20,36.34
ORD-00132,2025-01-21,98.5
ORD-00133,2025-02-22,227.29
ORD-00134,2025-03-23,288.74
ORD-00135,2025-04-24,240.97
ORD-00136,2025-05-25,42.59
ORD-00137,2025-06-26,193.77
ORD-00138,2025-07-27,113.85
ORD-00139,2025-08-28,244.73
ORD-00140,2025-09-01,40.35
ORD-00141,2025-10-02,269.82
ORD-00142,2025-11-03,11.13
ORD-00143,2025-12-04,122.66
ORD-00144,2025-01-05,259.14
ORD-00145,2025-02-06,233.82
ORD-00146,2025-03-07,240.43
ORD-00147,2025-04-08,59.23
ORD-00148,2025-05-09,150.8
ORD-00149,2025-06-10,113.36
