country,year,gdp_bn,inflation_pct
Canada,1995,383.91,8.29
Canada,1996,400.66,6.85
Canada,1997,398.88,7.84
Canada,1998,414.72,1.73
Canada,1999,419.77,1.67
Canada,2000,430.01,7.11
Canada,2001,436.49,6.6
Canada,2002,447.63,8.38
Canada,2003,459.16,3.33
Canada,2004,461.88,5.82
Canada,2005,467.4,7.49
Canada,2006,480.34,4.02
Canada,2007,496.35,8.24
Canada,2008,499.69,4.2
Canada,2009,509.3,4.38
Canada,2010,525.52,8.35
Canada,2011,533.35,6.51
Canada,2012,538.46,5.06
Canada,2013,555.22,7.38
Canada,2014,562.14,8.31
Canada,2015,570.08,7.77
Canada,2016,582.73,4.37
Canada,2017,596.7,4.16
Canada,2018,607.51,5.57
Canada,2019,623.45,7.67
Canada,2020,629.98,1.75
Canada,2021,648.09,5.43
Canada,2022,663.59,2.68
Canada,2023,676.9,3.68
Canada,2024,690.61,3.06
Chile,1995,94.16,2.76
Chile,1996,102.52,8.58
Chile,1997,95.92,1.51
Chile,1998,103.16,4.27
Chile,1999,100.61,5.07
Chile,2000,102.17,7.11
Chile,2001,106.83,2.7
Chile,2002,109.21,4.42
Chile,2003,110.51,4.98
Chile,2004,109.89,2.56
Chile,2005,111.99,1.02
Chile,2006,119.58,8.1
Chile,2007,126.0,6.23
Chile,2008,123.52,4.98
Chile,2009,128.5,8.88
Chile,2010,127.9,3.54
Chile,2011,128.18,3.66
Chile,2012,130.17,5.13
Chile,2013,135.2,3.56
Chile,2014,137.29,3.38
Chile,2015,142.42,6.14
Chile,2016,140.93,2.22
Chile,2017,148.8,4.01
Chile,2018,149.36,5.44
Chile,2019,156.8,5.86
Chile,2020,160.12,5.94
Chile,2021,160.86,4.64
Chile,2022,165.01,4.77
Chile,2023,166.25,6.51
Chile,2024,170.31,6.93
Kenya,1995,180.72,4.85
Kenya,1996,185.05,5.34
Kenya,1997,190.97,5.82
Kenya,1998,194.44,7.77
Kenya,1999,205.08,3.24
Kenya,2000,201.75,4.03
Kenya,2001,210.69,1.51
Kenya,2002,207.75,5.11
Kenya,2003,216.53,6.71
Kenya,2004,217.14,7.8
Kenya,2005,222.15,5.27
Kenya,2006,230.13,5.42
Kenya,2007,225.91,1.06
Kenya,2008,239.57,3.17
Kenya,2009,244.03,8.13
Kenya,2010,248.91,5.42
Kenya,2011,255.06,7.47
Kenya,2012,259.46,8.61
Kenya,2013,263.09,7.7
Kenya,2014,272.41,3.67
Kenya,2015,273.5,7.94
Kenya,2016,282.01,4.03
Kenya,2017,284.89,7.5
Kenya,2018,293.73,5.57
Kenya,2019,296.2,4.89
Kenya,2020,305.47,2.69
Kenya,2021,308.45,5.59
Kenya,2022,319.68,7.35
Kenya,2023,318.48,4.1
Kenya,2024,323.83,4.89
Japan,1995,77.57,1.62
Japan,1996,78.58,7.74
Japan,1997,79.12,4.66
Japan,1998,82.04,7.15
Japan,1999,83.84,2.74
Japan,2000,85.68,7.89
Japan,2001,83.97,6.54
Japan,2002,88.36,7.31
Japan,2003,89.96,6.62
Japan,2004,94.17,7.92
Japan,2005,90.67,7.74
Japan,2006,89.14,2.36
Japan,2007,100.35,6.33
Japan,2008,101.36,3.54
Japan,2009,103.61,5.76
Japan,2010,102.87,6.92
Japan,2011,101.66,3.32
Japan,2012,107.54,7.64
Japan,2013,103.92,1.07
Japan,2014,112.43,2.35
Japan,2015,118.49,1.84
Japan,2016,117.17,8.87
Japan,2017,123.19,8.0
Japan,2018,116.63,7.75
Japan,2019,120.17,2.26
Japan,2020,127.74,7.24
Japan,2021,130.35,8.12
Japan,2022,129.89,5.1
Japan,2023,136.57,2.92
Japan,2024,138.04,5.73
Norway,1995,253.92,2.45
Norway,1996,258.63,7.94
Norway,1997,262.05,2.68
Norway,1998,269.69,4.39
Norway,1999,280.03,4.13
Norway,2000,279.27,4.84
Norway,2001,290.38,3.13
Norway,2002,294.16,3.82
Norway,2003,299.35,7.78
Norway,2004,307.11,3.0
Norway,2005,308.82,7.67
Norway,2006,317.68,2.61
Norway,2007,323.21,7.38
Norway,2008,327.9,8.87
Norway,2009,337.99,3.69
Norway,2010,349.67,3.96
Norway,2011,348.93,3.79
Norway,2012,358.35,1.79
Norway,2013,366.55,1.6
Norway,2014,370.58,4.0
Norway,2015,379.09,2.9
Norway,2016,389.61,1.67
Norway,2017,394.24,7.16
Norway,2018,401.19,4.85
Norway,2019,409.75,4.76
Norway,2020,420.7,5.34
Norway,2021,423.88,8.55
Norway,2022,436.15,6.78
Norway,2023,439.13,7.78
Norway,2024,456.45,6.6
Peru,1995,348.34,6.39
Peru,1996,357.27,3.45
Peru,1997,364.92,8.37
Peru,1998,374.77,4.91
Peru,1999,371.65,5.25
Peru,2000,384.63,8.47
Peru,2001,392.26,1.89
Peru,2002,403.44,6.17
Peru,2003,404.83,7.98
Peru,2004,421.05,2.19
Peru,2005,427.2,2.82
Peru,2006,435.85,3.21
Peru,2007,443.82,2.57
Peru,2008,451.11,2.52
Peru,2009,468.33,7.12
Peru,2010,474.7,4.02
Peru,2011,485.79,8.27
Peru,2012,491.26,8.68
Peru,2013,501.68,5.71
Peru,2014,511.68,1.5
Peru,2015,516.48,4.86
Peru,2016,525.0,4.21
Peru,2017,543.74,4.62
Peru,2018,548.74,2.37
Peru,2019,563.99,3.48
Peru,2020,575.16,1.96
Peru,2021,587.25,7.51
Peru,2022,597.22,5.73
Peru,2023,611.23,8.66
Peru,2024,621.79,6.94
