visit_date,clinic,hours
2016-01-01,A,1.5
2016-01-02,B,1.5
2016-01-03,A,3.5
2016-02-04,B,2.0
2016-02-05,A,3.0
2016-02-06,B,3.0
2016-03-07,A,1.5
2016-03-08,B,1.5
2016-03-09,A,3.5
2016-04-10,B,0.5
2016-04-11,A,1.0
2016-04-12,B,3.5
2016-05-13,A,1.5
2016-05-14,B,3.0
2016-05-15,A,1.0
2016-06-16,B,0.5
2016-06-17,A,1.0
2016-06-18,B,0.5
2016-07-19,A,1.0
2016-07-20,B,2.0
2016-07-21,A,1.5
2016-08-22,B,1.5
2016-08-23,A,2.0
2016-08-24,B,1.5
2016-09-25,A,2.0
2016-09-26,B,2.5
2016-09-27,A,1.0
2016-10-28,B,2.5
2016-10-01,A,0.5
2016-10-02,B,1.5
2016-11-03,A,3.0
2016-11-04,B,0.5
2016-11-05,A,3.5
2016-12-06,B,3.0
2016-12-07,A,1.0
2016-12-08,B,2.5
2016-01-09,A,1.5
2016-01-10,B,3.5
2016-01-11,A,2.5
2016-02-12,B,1.5
2017-02-13,A,1.5
2017-02-14,B,1.5
2017-03-15,A,2.5
2017-03-16,B,1.0
2017-03-17,A,0.5
2017-04-18,B,0.5
2017-04-19,A,0.5
2017-04-20,B,2.0
2017-05-21,A,1.0
2017-05-22,B,3.5
2017-05-23,A,3.0
2017-06-24,B,1.5
2017-06-25,A,2.5
2017-06-26,B,3.5
2017-07-27,A,3.5
2017-07-28,B,3.5
2017-07-01,A,1.5
2017-08-02,B,0.5
2017-08-03,A,2.5
2017-08-04,B,1.5
2017-09-05,A,2.0
2017-09-06,B,2.0
2017-09-07,A,3.5
2017-10-08,B,1.0
2017-10-09,A,3.5
2017-10-10,B,3.5
2017-11-11,A,3.0
2017-11-12,B,3.0
2017-11-13,A,3.5
2017-12-14,B,3.0
2017-12-15,A,1.5
2017-12-16,B,2.5
2017-01-17,A,2.0
2017-01-18,B,3.0
2017-01-19,A,0.5
2017-02-20,B,3.5
2017-02-21,A,1.0
2017-02-22,B,0.5
2017-03-23,A,2.0
2017-03-24,B,2.0
2018-03-25,A,1.5
2018-04-26,B,3.0
2018-04-27,A,2.5
2018-04-28,B,2.0
2018-05-01,A,2.5
2018-05-02,B,3.0
2018-05-03,A,2.0
2018-06-04,B,3.5
2018-06-05,A,1.0
2018-06-06,B,1.5
2018-07-07,A,3.5
2018-07-08,B,2.5
2018-07-09,A,3.0
2018-08-10,B,2.0
2018-08-11,A,0.5
2018-08-12,B,1.5
2018-09-13,A,3.0
2018-09-14,B,3.5
2018-09-15,A,1.0
2018-10-16,B,1.5
2018-10-17,A,1.5
2018-10-18,B,1.5
2018-11-19,A,3.5
2018-11-20,B,2.0
2018-11-21,A,1.5
2018-12-22,B,2.5
2018-12-23,A,2.0
2018-12-24,B,1.5
2018-01-25,A,1.0
2018-01-26,B,1.0
2018-01-27,A,0.5
2018-02-28,B,0.5
2018-02-01,A,3.0
2018-02-02,B,2.5
2018-03-03,A,2.0
2018-03-04,B,2.0
2018-03-05,A,2.0
2018-04-06,B,1.5
2018-04-07,A,0.5
2018-04-08,B,2.5
2019-05-09,A,2.5
2019-05-10,B,2.5
2019-05-11,A,1.5
2019-06-12,B,0.5
2019-06-13,A,3.5
2019-06-14,B,3.0
2019-07-15,A,1.0
2019-07-16,B,3.0
2019-07-17,A,2.0
2019-08-18,B,1.5
2019-08-19,A,2.5
2019-08-20,B,1.0
2019-09-21,A,0.5
2019-09-22,B,3.0
2019-09-23,A,3.0
2019-10-24,B,0.5
2019-10-25,A,3.5
2019-10-26,B,1.5
2019-11-27,A,0.5
2019-11-28,B,2.0
2019-11-01,A,3.0
2019-12-02,B,2.0
2019-12-03,A,2.0
2019-12-04,B,2.5
2019-01-05,A,2.0
2019-01-06,B,3.0
2019-01-07,A,1.5
2019-02-08,B,2.5
2019-02-09,A,1.0
2019-02-10,B,2.5
2019-03-11,A,0.5
2019-03-12,B,2.5
2019-03-13,A,1.0
2019-04-14,B,3.0
2019-04-15,A,2.0
2019-04-16,B,1.5
2019-05-17,A,2.5
2019-05-18,B,2.5
2019-05-19,A,2.5
2019-06-20,B,0.5
2020-06-21,A,1.5
2020-06-22,B,3.0
2020-07-23,A,0.5
2020-07-24,B,0.5
2020-07-25,A,3.0
2020-08-26,B,1.5
2020-08-27,A,0.5
2020-08-28,B,1.5
2020-09-01,A,3.5
2020-09-02,B,1.0
2020-09-03,A,0.5
2020-10-04,B,2.0
2020-10-05,A,2.5
2020-10-06,B,3.0
2020-11-07,A,0.5
2020-11-08,B,0.5
2020-11-09,A,2.0
2020-12-10,B,3.0
2020-12-11,A,0.5
2020-12-12,B,1.0
2020-01-13,A,1.5
2020-01-14,B,0.5
2020-01-15,A,3.5
2020-02-16,B,3.0
2020-02-17,A,3.5
2020-02-18,B,0.5
2020-03-19,A,1.0
2020-03-20,B,0.5
2020-03-21,A,3.0
2020-04-22,B,3.5
2020-04-23,A,0.5
2020-04-24,B,2.0
2020-05-25,A,1.0
2020-05-26,B,1.5
2020-05-27,A,1.5
2020-06-28,B,0.5
2020-06-01,A,3.0
2020-06-02,B,1.5
2020-07-03,A,1.5
2020-07-04,B,1.0
2021-07-05,A,3.0
2021-08-06,B,0.5
2021-08-07,A,3.0
2021-08-08,B,3.5
2021-09-09,A,1.5
2021-09-10,B,3.5
2021-09-11,A,2.5
2021-10-12,B,2.5
2021-10-13,A,1.5
2021-10-14,B,0.5
2021-11-15,A,3.0
2021-11-16,B,0.5
2021-11-17,A,0.5
2021-12-18,B,3.5
2021-12-19,A,0.5
2021-12-20,B,0.5
2021-01-21,A,2.0
2021-01-22,B,0.5
2021-01-23,A,0.5
2021-02-24,B,1.5
2021-02-25,A,0.5
2021-02-26,B,0.5
2021-03-27,A,0.5
2021-03-28,B,1.5
2021-03-01,A,1.5
2021-04-02,B,3.5
2021-04-03,A,2.5
2021-04-04,B,2.5
2021-05-05,A,2.5
2021-05-06,B,3.0
2021-05-07,A,2.0
2021-06-08,B,1.0
2021-06-09,A,3.5
2021-06-10,B,2.5
2021-07-11,A,3.5
2021-07-12,B,0.5
2021-07-13,A,3.0
2021-08-14,B,1.5
2021-08-15,A,1.0
2021-08-16,B,1.0
2022-09-17,A,2.5
2022-09-18,B,1.0
2022-09-19,A,2.0
2022-10-20,B,3.5
2022-10-21,A,3.5
2022-10-22,B,3.0
2022-11-23,A,0.5
2022-11-24,B,1.5
2022-11-25,A,2.5
2022-12-26,B,2.5
2022-12-27,A,1.5
2022-12-28,B,0.5
2022-01-01,A,3.5
2022-01-02,B,0.5
2022-01-03,A,1.5
2022-02-04,B,1.0
2022-02-05,A,2.5
2022-02-06,B,3.0
2022-03-07,A,1.0
2022-03-08,B,1.5
2022-03-09,A,0.5
2022-04-10,B,0.5
2022-04-11,A,3.0
2022-04-12,B,1.5
2022-05-13,A,2.5
2022-05-14,B,2.5
2022-05-15,A,1.5
2022-06-16,B,0.5
2022-06-17,A,3.0
2022-06-18,B,1.0
2022-07-19,A,3.0
2022-07-20,B,2.5
2022-07-21,A,1.0
2022-08-22,B,2.5
2022-08-23,A,1.5
2022-08-24,B,3.5
2022-09-25,A,1.5
2022-09-26,B,2.0
2022-09-27,A,1.0
2022-10-28,B,3.0
2023-10-01,A,3.5
2023-10-02,B,2.0
2023-11-03,A,0.5
2023-11-04,B,2.5
2023-11-05,A,1.5
2023-12-06,B,1.5
2023-12-07,A,3.0
2023-12-08,B,2.5
2023-01-09,A,3.0
2023-01-10,B,0.5
2023-01-11,A,1.0
2023-02-12,B,3.0
2023-02-13,A,1.5
2023-02-14,B,3.5
2023-03-15,A,3.5
2023-03-16,B,3.0
2023-03-17,A,2.0
2023-04-18,B,2.0
2023-04-19,A,2.0
2023-04-20,B,1.5
2023-05-21,A,3.0
2023-05-22,B,0.5
2023-05-23,A,1.5
2023-06-24,B,2.0
2023-06-25,A,1.5
2023-06-26,B,2.0
2023-07-27,A,2.0
2023-07-28,B,3.5
2023-07-01,A,1.0
2023-08-02,B,1.5
2023-08-03,A,0.5
2023-08-04,B,2.5
2023-09-05,A,1.5
2023-09-06,B,2.0
2023-09-07,A,3.5
2023-10-08,B,3.5
2023-10-09,A,1.5
2023-10-10,B,3.0
2023-11-11,A,2.0
2023-11-12,B,3.0
2024-11-13,A,1.5
2024-12-14,B,3.5
2024-12-15,A,2.5
2024-12-16,B,2.0
2024-01-17,A,2.5
2024-01-18,B,3.5
2024-01-19,A,3.5
2024-02-20,B,2.5
2024-02-21,A,1.5
2024-02-22,B,3.5
2024-03-23,A,2.5
2024-03-24,B,1.0
2024-03-25,A,1.5
2024-04-26,B,1.0
2024-04-27,A,0.5
2024-04-28,B,2.0
2024-05-01,A,1.5
2024-05-02,B,2.5
2024-05-03,A,3.0
2024-06-04,B,3.5
2024-06-05,A,2.5
2024-06-06,B,2.5
2024-07-07,A,0.5
2024-07-08,B,2.5
2024-07-09,A,0.5
2024-08-10,B,1.0
2024-08-11,A,3.5
2024-08-12,B,0.5
2024-09-13,A,0.5
2024-09-14,B,1.0
2024-09-15,A,0.5
2024-10-16,B,2.0
2024-10-17,A,1.0
2024-10-18,B,3.0
2024-11-19,A,1.5
2024-11-20,B,2.5
2024-11-21,A,3.0
2024-12-22,B,2.5
2024-12-23,A,1.5
2024-12-24,B,1.0
