month,channel,conversion_rate
2015-01-01,web,0.1159
2015-01-01,app,0.1479
2015-02-01,web,0.1209
2015-02-01,app,0.1647
2015-03-01,web,0.165
2015-03-01,app,0.0777
2015-04-01,web,0.1674
2015-04-01,app,0.1095
2015-05-01,web,0.0878
2015-05-01,app,0.1686
2015-06-01,web,0.0847
2015-06-01,app,0.0495
2015-07-01,web,0.0869
2015-07-01,app,0.1097
2015-08-01,web,0.1688
2015-08-01,app,0.0618
2015-09-01,web,0.1391
2015-09-01,app,0.1944
2015-10-01,web,0.11
2015-10-01,app,0.083
2015-11-01,web,0.1277
2015-11-01,app,0.1188
2015-12-01,web,0.1695
2015-12-01,app,0.1727
2016-01-01,web,0.0656
2016-01-01,app,0.1248
2016-02-01,web,0.1178
2016-02-01,app,0.1102
2016-03-01,web,0.0889
2016-03-01,app,0.103
2016-04-01,web,0.1138
2016-04-01,app,0.1406
2016-05-01,web,0.1247
2016-05-01,app,0.0975
2016-06-01,web,0.0856
2016-06-01,app,0.1566
2016-07-01,web,0.0977
2016-07-01,app,0.0604
2016-08-01,web,0.0812
2016-08-01,app,0.1816
2016-09-01,web,0.1543
2016-09-01,app,0.1554
2016-10-01,web,0.1144
2016-10-01,app,0.0904
2016-11-01,web,0.1403
2016-11-01,app,0.1042
2016-12-01,web,0.1507
2016-12-01,app,0.1349
2017-01-01,web,0.1407
2017-01-01,app,0.1304
2017-02-01,web,0.1124
2017-02-01,app,0.1183
2017-03-01,web,0.152
2017-03-01,app,0.1003
2017-04-01,web,0.1683
2017-04-01,app,0.1089
2017-05-01,web,0.114
2017-05-01,app,0.177
2017-06-01,web,0.1226
2017-06-01,app,0.1382
2017-07-01,web,0.1337
2017-07-01,app,0.1014
2017-08-01,web,0.1155
2017-08-01,app,0.1145
2017-09-01,web,0.089
2017-09-01,app,0.1213
2017-10-01,web,0.1673
2017-10-01,app,0.1393
2017-11-01,web,0.097
2017-11-01,app,0.0717
2017-12-01,web,0.1748
2017-12-01,app,0.0739
2018-01-01,web,0.1268
2018-01-01,app,0.1869
2018-02-01,web,0.1782
2018-02-01,app,0.1194
2018-03-01,web,0.1331
2018-03-01,app,0.1624
2018-04-01,web,0.1581
2018-04-01,app,0.1172
2018-05-01,web,0.109
2018-05-01,app,0.1079
2018-06-01,web,0.1926
2018-06-01,app,0.0972
2018-07-01,web,0.1196
2018-07-01,app,0.1369
2018-08-01,web,0.0929
2018-08-01,app,0.1088
2018-09-01,web,0.0948
2018-09-01,app,0.1179
2018-10-01,web,0.1194
2018-10-01,app,0.1296
2018-11-01,web,0.1575
2018-11-01,app,0.1575
2018-12-01,web,0.112
2018-12-01,app,0.1296
2019-01-01,web,0.0777
2019-01-01,app,0.1504
2019-02-01,web,0.1603
2019-02-01,app,0.1665
2019-03-01,web,0.0985
2019-03-01,app,0.1487
2019-04-01,web,0.0953
2019-04-01,app,0.1046
2019-05-01,web,0.1214
2019-05-01,app,0.1405
2019-06-01,web,0.0709
2019-06-01,app,0.1362
2019-07-01,web,0.1806
2019-07-01,app,0.1779
2019-08-01,web,0.1374
2019-08-01,app,0.1297
2019-09-01,web,0.1651
2019-09-01,app,0.1463
2019-10-01,web,0.2141
2019-10-01,app,0.1276
2019-11-01,web,0.1357
2019-11-01,app,0.1012
2019-12-01,web,0.0964
2019-12-01,app,0.1477
2020-01-01,web,0.1265
2020-01-01,app,0.1688
2020-02-01,web,0.1897
2020-02-01,app,0.1368
2020-03-01,web,0.1489
2020-03-01,app,0.116
2020-04-01,web,0.1377
2020-04-01,app,0.151
2020-05-01,web,0.0567
2020-05-01,app,0.1208
2020-06-01,web,0.1832
2020-06-01,app,0.1167
2020-07-01,web,0.1188
2020-07-01,app,0.1191
2020-08-01,web,0.2184
2020-08-01,app,0.1114
2020-09-01,web,0.1068
2020-09-01,app,0.1366
2020-10-01,web,0.1613
2020-10-01,app,0.1281
2020-11-01,web,0.1562
2020-11-01,app,0.1692
2020-12-01,web,0.1234
2020-12-01,app,0.1313
2021-01-01,web,0.1601
2021-01-01,app,0.1681
2021-02-01,web,0.1577
2021-02-01,app,0.1759
2021-03-01,web,0.1854
2021-03-01,app,0.1064
2021-04-01,web,0.1388
2021-04-01,app,0.1573
2021-05-01,web,0.114
2021-05-01,app,0.1773
2021-06-01,web,0.1711
2021-06-01,app,0.154
2021-07-01,web,0.1439
2021-07-01,app,0.1479
2021-08-01,web,0.107
2021-08-01,app,0.1588
2021-09-01,web,0.1921
2021-09-01,app,0.1569
2021-10-01,web,0.1553
2021-10-01,app,0.1554
2021-11-01,web,0.1565
2021-11-01,app,0.1719
2021-12-01,web,0.1857
2021-12-01,app,0.1532
2022-01-01,web,0.1296
2022-01-01,app,0.1691
2022-02-01,web,0.0876
2022-02-01,app,0.1446
2022-03-01,web,0.1052
2022-03-01,app,0.1409
2022-04-01,web,0.14
2022-04-01,app,0.1288
2022-05-01,web,0.1712
2022-05-01,app,0.1356
2022-06-01,web,0.1787
2022-06-01,app,0.177
2022-07-01,web,0.152
2022-07-01,app,0.1108
2022-08-01,web,0.1212
2022-08-01,app,0.175
2022-09-01,web,0.1628
2022-09-01,app,0.1709
2022-10-01,web,0.1971
2022-10-01,app,0.1112
2022-11-01,web,0.1854
2022-11-01,app,0.1689
2022-12-01,web,0.149
2022-12-01,app,0.1316
2023-01-01,web,0.1975
2023-01-01,app,0.1052
2023-02-01,web,0.1329
2023-02-01,app,0.0897
2023-03-01,web,0.1683
2023-03-01,app,0.1709
2023-04-01,web,0.1291
2023-04-01,app,0.1666
2023-05-01,web,0.1811
2023-05-01,app,0.1752
2023-06-01,web,0.1845
2023-06-01,app,0.1483
2023-07-01,web,0.1579
2023-07-01,app,0.1681
2023-08-01,web,0.1507
2023-08-01,app,0.1041
2023-09-01,web,0.1719
2023-09-01,app,0.1711
2023-10-01,web,0.1588
2023-10-01,app,0.061
2023-11-01,web,0.1663
2023-11-01,app,0.1383
2023-12-01,web,0.192
2023-12-01,app,0.1595
2024-01-01,web,0.1859
2024-01-01,app,0.2083
2024-02-01,web,0.143
2024-02-01,app,0.1544
2024-03-01,web,0.1928
2024-03-01,app,0.1182
2024-04-01,web,0.1271
2024-04-01,app,0.1897
2024-05-01,web,0.1913
2024-05-01,app,0.1626
2024-06-01,web,0.1226
2024-06-01,app,0.1465
2024-07-01,web,0.1766
2024-07-01,app,0.1851
2024-08-01,web,0.1673
2024-08-01,app,0.1394
2024-09-01,web,0.1637
2024-09-01,app,0.1934
2024-10-01,web,0.1719
2024-10-01,app,0.2238
2024-11-01,web,0.1424
2024-11-01,app,0.1555
2024-12-01,web,0.1234
2024-12-01,app,0.1297
