date_of_birth,visit_date,service,fee
1940-01-01,2016-01-01,Physio,40
1941-02-02,2016-01-02,Checkup,47
1942-03-03,2016-01-03,Physio,54
1943-04-04,2016-01-04,Checkup,61
1944-05-05,2016-01-05,Physio,68
1945-06-06,2016-02-06,Checkup,75
1946-07-07,2016-02-07,Physio,82
unknown,2016-02-08,Checkup,89
1948-09-09,2016-02-09,Physio,96
1949-10-10,2016-02-10,Checkup,103
1950-11-11,2016-03-11,Physio,110
1951-12-12,2016-03-12,Checkup,117
1952-01-13,2016-03-13,Physio,124
1953-02-14,2016-03-14,Checkup,41
1954-03-15,2016-03-15,Physio,48
1955-04-16,2016-04-16,Checkup,55
1956-05-17,2016-04-17,Physio,62
1957-06-18,2016-04-18,Checkup,69
1958-07-19,2016-04-19,Physio,76
1959-08-20,2016-04-20,Checkup,83
1960-09-21,2016-05-21,Physio,90
1961-10-22,2016-05-22,Checkup,97
1962-11-23,2016-05-23,Physio,104
1963-12-24,2016-05-24,Checkup,111
1964-01-25,2016-05-25,Physio,118
1965-02-26,2016-06-26,Checkup,125
1966-03-27,2016-06-27,Physio,42
1967-04-28,2016-06-28,Checkup,49
1968-05-01,2016-06-01,Physio,56
1969-06-02,2016-06-02,Checkup,63
1970-07-03,2016-07-03,Physio,70
1971-08-04,2016-07-04,Checkup,77
1972-09-05,2016-07-05,Physio,84
1973-10-06,2016-07-06,Checkup,91
1974-11-07,2016-07-07,Physio,98
1975-12-08,2016-08-08,Checkup,105
1976-01-09,2016-08-09,Physio,112
1977-02-10,2016-08-10,Checkup,119
1978-03-11,2016-08-11,Physio,126
1979-04-12,2016-08-12,Checkup,43
1980-05-13,2016-09-13,Physio,50
1981-06-14,2016-09-14,Checkup,57
1982-07-15,2016-09-15,Physio,64
1983-08-16,2016-09-16,Checkup,71
1984-09-17,2016-09-17,Physio,78
1985-10-18,2016-10-18,Checkup,85
1986-11-19,2016-10-19,Physio,92
1987-12-20,2016-10-20,Checkup,99
1988-01-21,2016-10-21,Physio,106
1989-02-22,2016-10-22,Checkup,113
1990-03-23,2016-11-23,Physio,120
1991-04-24,2016-11-24,Checkup,127
1992-05-25,2016-11-25,Physio,44
1993-06-26,2016-11-26,Checkup,51
1994-07-27,2016-11-27,Physio,58
1995-08-28,2016-12-28,Checkup,65
1996-09-01,2016-12-01,Physio,72
unknown,2016-12-02,Checkup,79
1940-11-03,2016-12-03,Physio,86
1941-12-04,2016-12-04,Checkup,93
1942-01-05,2017-01-05,Physio,100
1943-02-06,2017-01-06,Checkup,107
1944-03-07,2017-01-07,Physio,114
1945-04-08,2017-01-08,Checkup,121
1946-05-09,2017-01-09,Physio,128
1947-06-10,2017-02-10,Checkup,45
1948-07-11,2017-02-11,Physio,52
1949-08-12,2017-02-12,Checkup,59
1950-09-13,2017-02-13,Physio,66
1951-10-14,2017-02-14,Checkup,73
1952-11-15,2017-03-15,Physio,80
1953-12-16,2017-03-16,Checkup,87
1954-01-17,2017-03-17,Physio,94
1955-02-18,2017-03-18,Checkup,101
1956-03-19,2017-03-19,Physio,108
1957-04-20,2017-04-20,Checkup,115
1958-05-21,2017-04-21,Physio,122
1959-06-22,2017-04-22,Checkup,129
1960-07-23,2017-04-23,Physio,46
1961-08-24,2017-04-24,Checkup,53
1962-09-25,2017-05-25,Physio,60
1963-10-26,2017-05-26,Checkup,67
1964-11-27,2017-05-27,Physio,74
1965-12-28,2017-05-28,Checkup,81
1966-01-01,2017-05-01,Physio,88
1967-02-02,2017-06-02,Checkup,95
1968-03-03,2017-06-03,Physio,102
1969-04-04,2017-06-04,Checkup,109
1970-05-05,2017-06-05,Physio,116
1971-06-06,2017-06-06,Checkup,123
1972-07-07,2017-07-07,Physio,40
1973-08-08,2017-07-08,Checkup,47
1974-09-09,2017-07-09,Physio,54
1975-10-10,2017-07-10,Checkup,61
1976-11-11,2017-07-11,Physio,68
1977-12-12,2017-08-12,Checkup,75
1978-01-13,2017-08-13,Physio,82
1979-02-14,2017-08-14,Checkup,89
1980-03-15,2017-08-15,Physio,96
1981-04-16,2017-08-16,Checkup,103
1982-05-17,2017-09-17,Physio,110
1983-06-18,2017-09-18,Checkup,117
1984-07-19,2017-09-19,Physio,124
1985-08-20,2017-09-20,Checkup,41
1986-09-21,2017-09-21,Physio,48
1987-10-22,2017-10-22,Checkup,55
1988-11-23,2017-10-23,Physio,62
unknown,2017-10-24,Checkup,69
1990-01-25,2017-10-25,Physio,76
1991-02-26,2017-10-26,Checkup,83
1992-03-27,2017-11-27,Physio,90
1993-04-28,2017-11-28,Checkup,97
1994-05-01,2017-11-01,Physio,104
1995-06-02,2017-11-02,Checkup,111
1996-07-03,2017-11-03,Physio,118
1997-08-04,2017-12-04,Checkup,125
1940-09-05,2017-12-05,Physio,42
1941-10-06,2017-12-06,Checkup,49
1942-11-07,2017-12-07,Physio,56
1943-12-08,2017-12-08,Checkup,63
1944-01-09,2018-01-09,Physio,70
1945-02-10,2018-01-10,Checkup,77
1946-03-11,2018-01-11,Physio,84
1947-04-12,2018-01-12,Checkup,91
1948-05-13,2018-01-13,Physio,98
1949-06-14,2018-02-14,Checkup,105
1950-07-15,2018-02-15,Physio,112
1951-08-16,2018-02-16,Checkup,119
1952-09-17,2018-02-17,Physio,126
1953-10-18,2018-02-18,Checkup,43
1954-11-19,2018-03-19,Physio,50
1955-12-20,2018-03-20,Checkup,57
1956-01-21,2018-03-21,Physio,64
1957-02-22,2018-03-22,Checkup,71
1958-03-23,2018-03-23,Physio,78
1959-04-24,2018-04-24,Checkup,85
1960-05-25,2018-04-25,Physio,92
1961-06-26,2018-04-26,Checkup,99
1962-07-27,2018-04-27,Physio,106
1963-08-28,2018-04-28,Checkup,113
1964-09-01,2018-05-01,Physio,120
1965-10-02,2018-05-02,Checkup,127
1966-11-03,2018-05-03,Physio,44
1967-12-04,2018-05-04,Checkup,51
1968-01-05,2018-05-05,Physio,58
1969-02-06,2018-06-06,Checkup,65
1970-03-07,2018-06-07,Physio,72
1971-04-08,2018-06-08,Checkup,79
1972-05-09,2018-06-09,Physio,86
1973-06-10,2018-06-10,Checkup,93
1974-07-11,2018-07-11,Physio,100
1975-08-12,2018-07-12,Checkup,107
1976-09-13,2018-07-13,Physio,114
1977-10-14,2018-07-14,Checkup,121
1978-11-15,2018-07-15,Physio,128
1979-12-16,2018-08-16,Checkup,45
1980-01-17,2018-08-17,Physio,52
unknown,2018-08-18,Checkup,59
1982-03-19,2018-08-19,Physio,66
1983-04-20,2018-08-20,Checkup,73
1984-05-21,2018-09-21,Physio,80
1985-06-22,2018-09-22,Checkup,87
1986-07-23,2018-09-23,Physio,94
1987-08-24,2018-09-24,Checkup,101
1988-09-25,2018-09-25,Physio,108
1989-10-26,2018-10-26,Checkup,115
1990-11-27,2018-10-27,Physio,122
1991-12-28,2018-10-28,Checkup,129
1992-01-01,2018-10-01,Physio,46
1993-02-02,2018-10-02,Checkup,53
1994-03-03,2018-11-03,Physio,60
1995-04-04,2018-11-04,Checkup,67
1996-05-05,2018-11-05,Physio,74
1997-06-06,2018-11-06,Checkup,81
1940-07-07,2018-11-07,Physio,88
1941-08-08,2018-12-08,Checkup,95
1942-09-09,2018-12-09,Physio,102
1943-10-10,2018-12-10,Checkup,109
1944-11-11,2018-12-11,Physio,116
1945-12-12,2018-12-12,Checkup,123
1946-01-13,2019-01-13,Physio,40
1947-02-14,2019-01-14,Checkup,47
1948-03-15,2019-01-15,Physio,54
1949-04-16,2019-01-16,Checkup,61
1950-05-17,2019-01-17,Physio,68
1951-06-18,2019-02-18,Checkup,75
1952-07-19,2019-02-19,Physio,82
1953-08-20,2019-02-20,Checkup,89
1954-09-21,2019-02-21,Physio,96
1955-10-22,2019-02-22,Checkup,103
1956-11-23,2019-03-23,Physio,110
1957-12-24,2019-03-24,Checkup,117
1958-01-25,2019-03-25,Physio,124
1959-02-26,2019-03-26,Checkup,41
1960-03-27,2019-03-27,Physio,48
1961-04-28,2019-04-28,Checkup,55
1962-05-01,2019-04-01,Physio,62
1963-06-02,2019-04-02,Checkup,69
1964-07-03,2019-04-03,Physio,76
1965-08-04,2019-04-04,Checkup,83
1966-09-05,2019-05-05,Physio,90
1967-10-06,2019-05-06,Checkup,97
1968-11-07,2019-05-07,Physio,104
1969-12-08,2019-05-08,Checkup,111
1970-01-09,2019-05-09,Physio,118
1971-02-10,2019-06-10,Checkup,125
1972-03-11,2019-06-11,Physio,42
unknown,2019-06-12,Checkup,49
1974-05-13,2019-06-13,Physio,56
1975-06-14,2019-06-14,Checkup,63
1976-07-15,2019-07-15,Physio,70
1977-08-16,2019-07-16,Checkup,77
1978-09-17,2019-07-17,Physio,84
1979-10-18,2019-07-18,Checkup,91
1980-11-19,2019-07-19,Physio,98
1981-12-20,2019-08-20,Checkup,105
1982-01-21,2019-08-21,Physio,112
1983-02-22,2019-08-22,Checkup,119
1984-03-23,2019-08-23,Physio,126
1985-04-24,2019-08-24,Checkup,43
1986-05-25,2019-09-25,Physio,50
1987-06-26,2019-09-26,Checkup,57
1988-07-27,2019-09-27,Physio,64
1989-08-28,2019-09-28,Checkup,71
1990-09-01,2019-09-01,Physio,78
1991-10-02,2019-10-02,Checkup,85
1992-11-03,2019-10-03,Physio,92
1993-12-04,2019-10-04,Checkup,99
1994-01-05,2019-10-05,Physio,106
1995-02-06,2019-10-06,Checkup,113
1996-03-07,2019-11-07,Physio,120
1997-04-08,2019-11-08,Checkup,127
1940-05-09,2019-11-09,Physio,44
1941-06-10,2019-11-10,Checkup,51
1942-07-11,2019-11-11,Physio,58
1943-08-12,2019-12-12,Checkup,65
1944-09-13,2019-12-13,Physio,72
1945-10-14,2019-12-14,Checkup,79
1946-11-15,2019-12-15,Physio,86
1947-12-16,2019-12-16,Checkup,93
1948-01-17,2020-01-17,Physio,100
1949-02-18,2020-01-18,Checkup,107
1950-03-19,2020-01-19,Physio,114
1951-04-20,2020-01-20,Checkup,121
1952-05-21,2020-01-21,Physio,128
1953-06-22,2020-02-22,Checkup,45
1954-07-23,2020-02-23,Physio,52
1955-08-24,2020-02-24,Checkup,59
1956-09-25,2020-02-25,Physio,66
1957-10-26,2020-02-26,Checkup,73
1958-11-27,2020-03-27,Physio,80
1959-12-28,2020-03-28,Checkup,87
1960-01-01,2020-03-01,Physio,94
1961-02-02,2020-03-02,Checkup,101
1962-03-03,2020-03-03,Physio,108
1963-04-04,2020-04-04,Checkup,115
1964-05-05,2020-04-05,Physio,122
unknown,2020-04-06,Checkup,129
1966-07-07,2020-04-07,Physio,46
1967-08-08,2020-04-08,Checkup,53
1968-09-09,2020-05-09,Physio,60
1969-10-10,2020-05-10,Checkup,67
1970-11-11,2020-05-11,Physio,74
1971-12-12,2020-05-12,Checkup,81
1972-01-13,2020-05-13,Physio,88
1973-02-14,2020-06-14,Checkup,95
1974-03-15,2020-06-15,Physio,102
1975-04-16,2020-06-16,Checkup,109
1976-05-17,2020-06-17,Physio,116
1977-06-18,2020-06-18,Checkup,123
1978-07-19,2020-07-19,Physio,40
1979-08-20,2020-07-20,Checkup,47
1980-09-21,2020-07-21,Physio,54
1981-10-22,2020-07-22,Checkup,61
1982-11-23,2020-07-23,Physio,68
1983-12-24,2020-08-24,Checkup,75
1984-01-25,2020-08-25,Physio,82
1985-02-26,2020-08-26,Checkup,89
1986-03-27,2020-08-27,Physio,96
1987-04-28,2020-08-28,Checkup,103
1988-05-01,2020-09-01,Physio,110
1989-06-02,2020-09-02,Checkup,117
1990-07-03,2020-09-03,Physio,124
1991-08-04,2020-09-04,Checkup,41
1992-09-05,2020-09-05,Physio,48
1993-10-06,2020-10-06,Checkup,55
1994-11-07,2020-10-07,Physio,62
1995-12-08,2020-10-08,Checkup,69
1996-01-09,2020-10-09,Physio,76
1997-02-10,2020-10-10,Checkup,83
1940-03-11,2020-11-11,Physio,90
1941-04-12,2020-11-12,Checkup,97
1942-05-13,2020-11-13,Physio,104
1943-06-14,2020-11-14,Checkup,111
1944-07-15,2020-11-15,Physio,118
1945-08-16,2020-12-16,Checkup,125
1946-09-17,2020-12-17,Physio,42
1947-10-18,2020-12-18,Checkup,49
1948-11-19,2020-12-19,Physio,56
1949-12-20,2020-12-20,Checkup,63
1950-01-21,2021-01-21,Physio,70
1951-02-22,2021-01-22,Checkup,77
1952-03-23,2021-01-23,Physio,84
1953-04-24,2021-01-24,Checkup,91
1954-05-25,2021-01-25,Physio,98
1955-06-26,2021-02-26,Checkup,105
1956-07-27,2021-02-27,Physio,112
unknown,2021-02-28,Checkup,119
1958-09-01,2021-02-01,Physio,126
1959-10-02,2021-02-02,Checkup,43
1960-11-03,2021-03-03,Physio,50
1961-12-04,2021-03-04,Checkup,57
1962-01-05,2021-03-05,Physio,64
1963-02-06,2021-03-06,Checkup,71
1964-03-07,2021-03-07,Physio,78
1965-04-08,2021-04-08,Checkup,85
1966-05-09,2021-04-09,Physio,92
1967-06-10,2021-04-10,Checkup,99
1968-07-11,2021-04-11,Physio,106
1969-08-12,2021-04-12,Checkup,113
1970-09-13,2021-05-13,Physio,120
1971-10-14,2021-05-14,Checkup,127
1972-11-15,2021-05-15,Physio,44
1973-12-16,2021-05-16,Checkup,51
1974-01-17,2021-05-17,Physio,58
1975-02-18,2021-06-18,Checkup,65
1976-03-19,2021-06-19,Physio,72
1977-04-20,2021-06-20,Checkup,79
1978-05-21,2021-06-21,Physio,86
1979-06-22,2021-06-22,Checkup,93
1980-07-23,2021-07-23,Physio,100
1981-08-24,2021-07-24,Checkup,107
1982-09-25,2021-07-25,Physio,114
1983-10-26,2021-07-26,Checkup,121
1984-11-27,2021-07-27,Physio,128
1985-12-28,2021-08-28,Checkup,45
1986-01-01,2021-08-01,Physio,52
1987-02-02,2021-08-02,Checkup,59
1988-03-03,2021-08-03,Physio,66
1989-04-04,2021-08-04,Checkup,73
1990-05-05,2021-09-05,Physio,80
1991-06-06,2021-09-06,Checkup,87
1992-07-07,2021-09-07,Physio,94
1993-08-08,2021-09-08,Checkup,101
1994-09-09,2021-09-09,Physio,108
1995-10-10,2021-10-10,Checkup,115
1996-11-11,2021-10-11,Physio,122
1997-12-12,2021-10-12,Checkup,129
1940-01-13,2021-10-13,Physio,46
1941-02-14,2021-10-14,Checkup,53
1942-03-15,2021-11-15,Physio,60
1943-04-16,2021-11-16,Checkup,67
1944-05-17,2021-11-17,Physio,74
1945-06-18,2021-11-18,Checkup,81
1946-07-19,2021-11-19,Physio,88
1947-08-20,2021-12-20,Checkup,95
1948-09-21,2021-12-21,Physio,102
unknown,2021-12-22,Checkup,109
1950-11-23,2021-12-23,Physio,116
1951-12-24,2021-12-24,Checkup,123
1952-01-25,2022-01-25,Physio,40
1953-02-26,2022-01-26,Checkup,47
1954-03-27,2022-01-27,Physio,54
1955-04-28,2022-01-28,Checkup,61
1956-05-01,2022-01-01,Physio,68
1957-06-02,2022-02-02,Checkup,75
1958-07-03,2022-02-03,Physio,82
1959-08-04,2022-02-04,Checkup,89
1960-09-05,2022-02-05,Physio,96
1961-10-06,2022-02-06,Checkup,103
1962-11-07,2022-03-07,Physio,110
1963-12-08,2022-03-08,Checkup,117
1964-01-09,2022-03-09,Physio,124
1965-02-10,2022-03-10,Checkup,41
1966-03-11,2022-03-11,Physio,48
1967-04-12,2022-04-12,Checkup,55
1968-05-13,2022-04-13,Physio,62
1969-06-14,2022-04-14,Checkup,69
1970-07-15,2022-04-15,Physio,76
1971-08-16,2022-04-16,Checkup,83
1972-09-17,2022-05-17,Physio,90
1973-10-18,2022-05-18,Checkup,97
1974-11-19,2022-05-19,Physio,104
1975-12-20,2022-05-20,Checkup,111
1976-01-21,2022-05-21,Physio,118
1977-02-22,2022-06-22,Checkup,125
1978-03-23,2022-06-23,Physio,42
1979-04-24,2022-06-24,Checkup,49
1980-05-25,2022-06-25,Physio,56
1981-06-26,2022-06-26,Checkup,63
1982-07-27,2022-07-27,Physio,70
1983-08-28,2022-07-28,Checkup,77
1984-09-01,2022-07-01,Physio,84
1985-10-02,2022-07-02,Checkup,91
1986-11-03,2022-07-03,Physio,98
1987-12-04,2022-08-04,Checkup,105
1988-01-05,2022-08-05,Physio,112
1989-02-06,2022-08-06,Checkup,119
1990-03-07,2022-08-07,Physio,126
1991-04-08,2022-08-08,Checkup,43
1992-05-09,2022-09-09,Physio,50
1993-06-10,2022-09-10,Checkup,57
1994-07-11,2022-09-11,Physio,64
1995-08-12,2022-09-12,Checkup,71
1996-09-13,2022-09-13,Physio,78
1997-10-14,2022-10-14,Checkup,85
1940-11-15,2022-10-15,Physio,92
unknown,2022-10-16,Checkup,99
1942-01-17,2022-10-17,Physio,106
1943-02-18,2022-10-18,Checkup,113
1944-03-19,2022-11-19,Physio,120
1945-04-20,2022-11-20,Checkup,127
1946-05-21,2022-11-21,Physio,44
1947-06-22,2022-11-22,Checkup,51
1948-07-23,2022-11-23,Physio,58
1949-08-24,2022-12-24,Checkup,65
1950-09-25,2022-12-25,Physio,72
1951-10-26,2022-12-26,Checkup,79
1952-11-27,2022-12-27,Physio,86
1953-12-28,2022-12-28,Checkup,93
1954-01-01,2023-01-01,Physio,100
1955-02-02,2023-01-02,Checkup,107
1956-03-03,2023-01-03,Physio,114
1957-04-04,2023-01-04,Checkup,121
1958-05-05,2023-01-05,Physio,128
1959-06-06,2023-02-06,Checkup,45
1960-07-07,2023-02-07,Physio,52
1961-08-08,2023-02-08,Checkup,59
1962-09-09,2023-02-09,Physio,66
1963-10-10,2023-02-10,Checkup,73
1964-11-11,2023-03-11,Physio,80
1965-12-12,2023-03-12,Checkup,87
1966-01-13,2023-03-13,Physio,94
1967-02-14,2023-03-14,Checkup,101
1968-03-15,2023-03-15,Physio,108
1969-04-16,2023-04-16,Checkup,115
1970-05-17,2023-04-17,Physio,122
1971-06-18,2023-04-18,Checkup,129
1972-07-19,2023-04-19,Physio,46
1973-08-20,2023-04-20,Checkup,53
1974-09-21,2023-05-21,Physio,60
1975-10-22,2023-05-22,Checkup,67
1976-11-23,2023-05-23,Physio,74
1977-12-24,2023-05-24,Checkup,81
1978-01-25,2023-05-25,Physio,88
1979-02-26,2023-06-26,Checkup,95
1980-03-27,2023-06-27,Physio,102
1981-04-28,2023-06-28,Checkup,109
1982-05-01,2023-06-01,Physio,116
1983-06-02,2023-06-02,Checkup,123
1984-07-03,2023-07-03,Physio,40
1985-08-04,2023-07-04,Checkup,47
1986-09-05,2023-07-05,Physio,54
1987-10-06,2023-07-06,Checkup,61
1988-11-07,2023-07-07,Physio,68
1989-12-08,2023-08-08,Checkup,75
1990-01-09,2023-08-09,Physio,82
unknown,2023-08-10,Checkup,89
1992-03-11,2023-08-11,Physio,96
1993-04-12,2023-08-12,Checkup,103
1994-05-13,2023-09-13,Physio,110
1995-06-14,2023-09-14,Checkup,117
1996-07-15,2023-09-15,Physio,124
1997-08-16,2023-09-16,Checkup,41
1940-09-17,2023-09-17,Physio,48
1941-10-18,2023-10-18,Checkup,55
1942-11-19,2023-10-19,Physio,62
1943-12-20,2023-10-20,Checkup,69
1944-01-21,2023-10-21,Physio,76
1945-02-22,2023-10-22,Checkup,83
1946-03-23,2023-11-23,Physio,90
1947-04-24,2023-11-24,Checkup,97
1948-05-25,2023-11-25,Physio,104
1949-06-26,2023-11-26,Checkup,111
1950-07-27,2023-11-27,Physio,118
1951-08-28,2023-12-28,Checkup,125
1952-09-01,2023-12-01,Physio,42
1953-10-02,2023-12-02,Checkup,49
1954-11-03,2023-12-03,Physio,56
1955-12-04,2023-12-04,Checkup,63
1956-01-05,2024-01-05,Physio,70
1957-02-06,2024-01-06,Checkup,77
1958-03-07,2024-01-07,Physio,84
1959-04-08,2024-01-08,Checkup,91
1960-05-09,2024-01-09,Physio,98
1961-06-10,2024-02-10,Checkup,105
1962-07-11,2024-02-11,Physio,112
1963-08-12,2024-02-12,Checkup,119
1964-09-13,2024-02-13,Physio,126
1965-10-14,2024-02-14,Checkup,43
1966-11-15,2024-03-15,Physio,50
1967-12-16,2024-03-16,Checkup,57
1968-01-17,2024-03-17,Physio,64
1969-02-18,2024-03-18,Checkup,71
1970-03-19,2024-03-19,Physio,78
1971-04-20,2024-04-20,Checkup,85
1972-05-21,2024-04-21,Physio,92
1973-06-22,2024-04-22,Checkup,99
1974-07-23,2024-04-23,Physio,106
1975-08-24,2024-04-24,Checkup,113
