Date Of Birth,Visit Date,Service,Fee
1980-05-22,2025-01-01,Checkup,58
1974-01-12,2025-02-02,Checkup,75
1991-08-23,2025-03-03,Physio,111
1950-11-20,2025-04-04,Physio,96
1973-03-11,2025-05-05,Physio,47
1986-04-03,2025-06-06,Checkup,127
1975-02-01,2025-07-07,Physio,124
1982-04-03,2025-08-08,Checkup,96
1957-11-14,2025-09-09,Physio,109
1970-10-18,2025-10-10,Physio,129
1953-09-06,2025-11-11,Physio,91
1988-07-22,2025-12-12,Checkup,101
1988-07-18,2025-01-13,Physio,122
1996-02-07,2025-02-14,Checkup,85
1973-12-13,2025-03-15,Checkup,54
1966-04-11,2025-04-16,Checkup,87
1982-10-26,2025-05-17,Physio,43
1974-07-02,2025-06-18,Physio,68
1993-07-02,2025-07-19,Checkup,66
1999-10-04,2025-08-20,Physio,62
1954-12-09,2025-09-21,Physio,95
1967-08-12,2025-10-22,Physio,105
1979-06-07,2025-11-23,Checkup,76
1979-08-23,2025-12-24,Checkup,70
1960-08-18,2025-01-25,Checkup,63
1962-12-08,2025-02-26,Physio,74
1999-06-06,2025-03-27,Physio,41
1982-01-08,2025-04-28,Physio,86
1984-09-05,2025-05-01,Physio,81
1992-05-21,2025-06-02,Physio,69
1983-09-16,2025-07-03,Checkup,120
1972-05-22,2025-08-04,Checkup,60
1978-05-20,2025-09-05,Physio,75
1971-09-21,2025-10-06,Checkup,130
1963-12-10,2025-11-07,Checkup,43
1993-01-23,2025-12-08,Physio,56
1985-05-14,2025-01-09,Physio,70
1962-07-16,2025-02-10,Physio,111
1986-10-24,2025-03-11,Checkup,45
1976-07-19,2025-04-12,Physio,91
1962-10-18,2025-05-13,Checkup,87
1990-12-13,2025-06-14,Physio,42
1994-12-05,2025-07-15,Physio,44
1954-07-18,2025-08-16,Physio,88
1956-12-12,2025-09-17,Physio,79
1967-12-22,2025-10-18,Checkup,119
1989-02-07,2025-11-19,Checkup,114
1965-02-14,2025-12-20,Checkup,81
1955-11-11,2025-01-21,Physio,127
1955-12-10,2025-02-22,Checkup,129
1961-11-22,2025-03-23,Checkup,86
1961-01-07,2025-04-24,Checkup,119
1978-08-06,2025-05-25,Physio,125
1988-06-15,2025-06-26,Physio,81
1956-04-01,2025-07-27,Checkup,86
1967-04-23,2025-08-28,Checkup,77
1964-09-05,2025-09-01,Checkup,60
1982-08-13,2025-10-02,Physio,98
1979-01-27,2025-11-03,Physio,92
1984-12-25,2025-12-04,Checkup,106
1993-08-22,2025-01-05,Physio,53
1985-10-22,2025-02-06,Checkup,84
1998-12-01,2025-03-07,Checkup,103
1973-11-10,2025-04-08,Physio,57
1980-04-26,2025-05-09,Physio,72
1981-01-14,2025-06-10,Checkup,76
1976-11-20,2025-07-11,Checkup,89
1988-06-05,2025-08-12,Physio,73
1991-01-27,2025-09-13,Checkup,92
1977-10-22,2025-10-14,Checkup,83
1976-07-16,2025-11-15,Checkup,91
1961-03-26,2025-12-16,Physio,72
1957-05-17,2025-01-17,Physio,123
1997-12-12,2025-02-18,Checkup,57
1969-04-24,2025-03-19,Physio,111
1969-01-01,2025-04-20,Physio,65
1960-04-23,2025-05-21,Checkup,64
1961-05-18,2025-06-22,Physio,117
1956-06-22,2025-07-23,Checkup,108
1962-08-04,2025-08-24,Physio,123
1958-07-17,2025-09-25,Checkup,121
1968-08-12,2025-10-26,Checkup,93
1983-01-23,2025-11-27,Checkup,42
1959-08-25,2025-12-28,Checkup,128
1956-11-26,2025-01-01,Checkup,110
1975-10-12,2025-02-02,Physio,56
1972-01-08,2025-03-03,Physio,94
1955-01-27,2025-04-04,Physio,71
1951-02-22,2025-05-05,Physio,115
1964-10-26,2025-06-06,Checkup,120
1963-08-25,2025-07-07,Checkup,94
1991-09-27,2025-08-08,Checkup,70
1975-02-21,2025-09-09,Checkup,47
1998-11-12,2025-10-10,Physio,78
1957-08-20,2025-11-11,Physio,125
1967-01-07,2025-12-12,Physio,55
1980-07-24,2025-01-13,Checkup,91
1998-06-11,2025-02-14,Checkup,102
1971-04-20,2025-03-15,Checkup,48
1964-06-13,2025-04-16,Checkup,118
1986-03-27,2025-05-17,Checkup,75
1966-06-14,2025-06-18,Physio,55
1997-10-21,2025-07-19,Checkup,62
1973-09-05,2025-08-20,Checkup,88
1971-05-12,2025-09-21,Checkup,82
1982-10-15,2025-10-22,Physio,62
1989-07-07,2025-11-23,Checkup,119
1973-10-12,2025-12-24,Physio,77
1971-06-22,2025-01-25,Checkup,45
1983-06-21,2025-02-26,Physio,125
1983-02-28,2025-03-27,Checkup,60
1981-02-22,2025-04-28,Checkup,61
1978-04-10,2025-05-01,Physio,128
1964-04-07,2025-06-02,Checkup,121
1957-11-07,2025-07-03,Physio,101
1997-05-15,2025-08-04,Physio,101
1975-08-15,2025-09-05,Checkup,86
1967-12-25,2025-10-06,Physio,70
1987-09-26,2025-11-07,Checkup,104
1992-11-23,2025-12-08,Checkup,85
1975-05-05,2025-01-09,Physio,49
1992-05-13,2025-02-10,Checkup,101
1959-12-27,2025-03-11,Checkup,113
1970-03-09,2025-04-12,Checkup,92
1953-03-02,2025-05-13,Checkup,54
1983-05-08,2025-06-14,Physio,66
1957-09-13,2025-07-15,Checkup,79
1988-02-07,2025-08-16,Physio,69
1974-09-09,2025-09-17,Checkup,64
1958-04-25,2025-10-18,Physio,70
1966-01-18,2025-11-19,Checkup,53
1981-10-17,2025-12-20,Physio,112
1991-01-14,2025-01-21,Checkup,42
1981-07-12,2025-02-22,Checkup,50
1954-09-17,2025-03-23,Checkup,111
1998-09-13,2025-04-24,Physio,104
1973-07-05,2025-05-25,Physio,82
1954-09-22,2025-06-26,Checkup,79
1964-05-14,2025-07-27,Checkup,105
1997-07-17,2025-08-28,Physio,126
1993-01-28,2025-09-01,Checkup,123
1973-12-10,2025-10-02,Checkup,50
1991-02-27,2025-11-03,Physio,54
1959-02-20,2025-12-04,Physio,57
1982-09-06,2025-01-05,Physio,110
1972-04-27,2025-02-06,Checkup,42
1992-03-10,2025-03-07,Checkup,112
1979-12-11,2025-04-08,Physio,72
1998-01-10,2025-05-09,Checkup,95
1963-03-01,2025-06-10,Checkup,85
1968-02-20,2025-07-11,Checkup,87
1976-06-11,2025-08-12,Physio,112
1969-09-28,2025-09-13,Physio,78
1989-09-11,2025-10-14,Physio,47
1970-04-18,2025-11-15,Physio,55
1955-02-20,2025-12-16,Physio,95
1993-06-09,2025-01-17,Physio,95
1964-06-11,2025-02-18,Checkup,46
1990-06-22,2025-03-19,Checkup,66
1964-10-03,2025-04-20,Physio,125
1980-08-26,2025-05-21,Physio,105
1962-11-15,2025-06-22,Checkup,130
1971-04-28,2025-07-23,Physio,115
1993-03-17,2025-08-24,Checkup,97
1959-02-07,2025-09-25,Checkup,67
1961-05-20,2025-10-26,Physio,81
1980-11-15,2025-11-27,Physio,95
1991-07-07,2025-12-28,Physio,113
1991-03-21,2025-01-01,Physio,50
1984-12-06,2025-02-02,Checkup,120
1987-11-06,2025-03-03,Physio,69
1980-12-28,2025-04-04,Checkup,57
1960-02-28,2025-05-05,Checkup,117
1994-09-18,2025-06-06,Physio,59
1981-03-09,2025-07-07,Physio,107
1990-05-09,2025-08-08,Physio,90
1960-09-09,2025-09-09,Physio,94
1988-01-15,2025-10-10,Physio,65
1990-07-25,2025-11-11,Physio,126
1953-11-01,2025-12-12,Physio,55
1996-09-05,2025-01-13,Checkup,78
1985-04-03,2025-02-14,Checkup,123
1995-09-27,2025-03-15,Physio,105
1961-05-03,2025-04-16,Physio,91
1951-06-01,2025-05-17,Physio,53
1955-01-09,2025-06-18,Checkup,73
1969-12-12,2025-07-19,Physio,124
1987-03-15,2025-08-20,Physio,129
1977-07-12,2025-09-21,Checkup,86
1956-02-11,2025-10-22,Checkup,69
1994-06-09,2025-11-23,Checkup,101
1971-01-04,2025-12-24,Physio,91
1950-03-08,2025-01-25,Checkup,103
1993-09-28,2025-02-26,Checkup,129
1998-11-13,2025-03-27,Physio,51
1960-10-15,2025-04-28,Physio,128
1997-08-10,2025-05-01,Checkup,70
1953-01-28,2025-06-02,Physio,80
1981-07-18,2025-07-03,Checkup,62
1958-02-14,2025-08-04,Physio,50
1989-06-13,2025-09-05,Physio,80
1979-05-12,2025-10-06,Physio,79
1971-06-01,2025-11-07,Physio,83
1977-04-09,2025-12-08,Physio,47
1976-03-07,2025-01-09,Physio,69
1968-02-02,2025-02-10,Physio,42
1973-09-28,2025-03-11,Physio,87
1963-03-14,2025-04-12,Physio,51
1955-09-12,2025-05-13,Checkup,63
1958-11-06,2025-06-14,Checkup,83
1977-02-06,2025-07-15,Physio,79
1978-02-02,2025-08-16,Physio,100
1953-01-17,2025-09-17,Physio,80
1995-01-10,2025-10-18,Physio,109
1976-11-14,2025-11-19,Physio,82
1957-01-16,2025-12-20,Physio,47
1980-11-14,2025-01-21,Checkup,122
1983-08-16,2025-02-22,Checkup,114
1965-09-16,2025-03-23,Checkup,56
1990-04-19,2025-04-24,Physio,99
1999-06-06,2025-05-25,Physio,101
1967-09-20,2025-06-26,Physio,66
1959-03-27,2025-07-27,Physio,61
1981-09-26,2025-08-28,Checkup,68
1988-12-14,2025-09-01,Checkup,60
1961-11-12,2025-10-02,Checkup,80
1993-03-15,2025-11-03,Physio,42
1984-02-28,2025-12-04,Physio,117
1966-12-14,2025-01-05,Checkup,97
1971-11-15,2025-02-06,Checkup,124
1954-12-20,2025-03-07,Physio,55
1990-11-23,2025-04-08,Physio,108
1982-09-02,2025-05-09,Physio,65
1984-01-01,2025-06-10,Physio,95
1974-08-20,2025-07-11,Physio,118
1978-07-02,2025-08-12,Physio,84
1953-04-13,2025-09-13,Physio,74
1992-11-18,2025-10-14,Checkup,88
1985-04-22,2025-11-15,Checkup,66
1970-04-04,2025-12-16,Physio,66
1996-08-20,2025-01-17,Checkup,64
1998-03-21,2025-02-18,Physio,109
1953-02-25,2025-03-19,Physio,95
1998-07-12,2025-04-20,Physio,104
1974-10-27,2025-05-21,Checkup,118
1992-07-02,2025-06-22,Physio,58
1967-08-15,2025-07-23,Physio,126
1971-05-01,2025-08-24,Physio,70
1994-09-14,2025-09-25,Physio,51
1952-07-28,2025-10-26,Physio,105
1991-05-10,2025-11-27,Physio,59
1952-01-20,2025-12-28,Checkup,117
1989-08-02,2025-01-01,Checkup,52
1990-01-06,2025-02-02,Checkup,115
1989-10-16,2025-03-03,Physio,57
1981-06-19,2025-04-04,Physio,53
1979-06-11,2025-05-05,Checkup,68
1986-07-28,2025-06-06,Checkup,54
1964-05-16,2025-07-07,Physio,90
1969-11-23,2025-08-08,Physio,48
1994-04-03,2025-09-09,Physio,58
1999-10-14,2025-10-10,Physio,79
1957-12-19,2025-11-11,Physio,74
1977-08-18,2025-12-12,Physio,122
1965-06-14,2025-01-13,Physio,95
1961-11-22,2025-02-14,Physio,109
1988-12-08,2025-03-15,Checkup,79
1968-08-09,2025-04-16,Checkup,56
1967-03-28,2025-05-17,Physio,106
1997-04-07,2025-06-18,Checkup,41
1950-10-28,2025-07-19,Physio,98
1979-03-12,2025-08-20,Checkup,118
1988-11-26,2025-09-21,Physio,79
1984-03-27,2025-10-22,Checkup,91
1976-08-19,2025-11-23,Checkup,81
1973-08-23,2025-12-24,Checkup,123
1997-10-12,2025-01-25,Physio,99
1961-10-21,2025-02-26,Checkup,97
1951-06-18,2025-03-27,Physio,93
1991-09-26,2025-04-28,Checkup,60
1959-11-20,2025-05-01,Checkup,51
1982-10-14,2025-06-02,Physio,57
1969-12-19,2025-07-03,Checkup,105
1976-01-03,2025-08-04,Physio,111
1977-11-16,2025-09-05,Checkup,53
1963-12-13,2025-10-06,Checkup,75
1978-06-20,2025-11-07,Physio,106
1956-10-20,2025-12-08,Checkup,111
1955-03-15,2025-01-09,Physio,95
1980-09-02,2025-02-10,Physio,100
1981-07-19,2025-03-11,Checkup,68
1965-04-24,2025-04-12,Checkup,78
1996-10-24,2025-05-13,Checkup,73
1986-11-26,2025-06-14,Physio,128
1975-07-11,2025-07-15,Physio,130
1963-02-01,2025-08-16,Checkup,51
1960-09-22,2025-09-17,Physio,105
1992-02-02,2025-10-18,Checkup,118
1964-09-27,2025-11-19,Checkup,127
1991-09-01,2025-12-20,Checkup,40
1977-06-19,2025-01-21,Physio,105
1950-06-23,2025-02-22,Checkup,45
1992-01-12,2025-03-23,Checkup,98
1981-01-20,2025-04-24,Checkup,95
1983-12-09,2025-05-25,Checkup,59
1951-09-15,2025-06-26,Checkup,90
1982-07-22,2025-07-27,Physio,86
1985-06-20,2025-08-28,Physio,111
1988-01-12,2025-09-01,Physio,47
1966-09-10,2025-10-02,Physio,53
1988-05-06,2025-11-03,Physio,81
1953-09-19,2025-12-04,Physio,57
1966-07-01,2025-01-05,Physio,92
1973-12-22,2025-02-06,Checkup,52
1982-04-09,2025-03-07,Checkup,123
1990-09-26,2025-04-08,Physio,104
1989-07-12,2025-05-09,Physio,81
1974-01-16,2025-06-10,Physio,108
1992-07-18,2025-07-11,Checkup,119
1957-01-12,2025-08-12,Physio,125
1972-05-27,2025-09-13,Checkup,46
1968-11-08,2025-10-14,Checkup,110
1969-07-03,2025-11-15,Checkup,122
1967-11-12,2025-12-16,Physio,72
1955-09-17,2025-01-17,Checkup,53
1995-02-01,2025-02-18,Checkup,99
1992-01-03,2025-03-19,Checkup,40
1985-06-21,2025-04-20,Physio,82
1986-02-28,2025-05-21,Physio,100
1960-08-28,2025-06-22,Checkup,100
1974-12-11,2025-07-23,Physio,95
1951-10-06,2025-08-24,Physio,69
1954-06-13,2025-09-25,Physio,51
1969-08-21,2025-10-26,Checkup,69
1957-05-15,2025-11-27,Checkup,73
1975-01-06,2025-12-28,Checkup,52
1995-04-18,2025-01-01,Checkup,105
1996-11-10,2025-02-02,Physio,117
1962-11-12,2025-03-03,Physio,112
1965-06-02,2025-04-04,Checkup,107
1956-01-22,2025-05-05,Physio,59
1981-09-16,2025-06-06,Checkup,112
1970-08-17,2025-07-07,Checkup,69
1983-05-08,2025-08-08,Physio,49
1992-04-17,2025-09-09,Physio,109
1970-06-11,2025-10-10,Checkup,40
1974-03-19,2025-11-11,Physio,103
1973-04-15,2025-12-12,Checkup,90
1958-03-19,2025-01-13,Checkup,128
1979-03-21,2025-02-14,Physio,129
1970-05-21,2025-03-15,Physio,54
1956-09-26,2025-04-16,Checkup,119
1980-09-04,2025-05-17,Checkup,127
1956-09-01,2025-06-18,Physio,82
1995-06-10,2025-07-19,Checkup,113
1990-10-07,2025-08-20,Physio,60
1977-05-04,2025-09-21,Physio,114
1976-12-06,2025-10-22,Physio,105
1974-08-13,2025-11-23,Physio,101
1959-01-11,2025-12-24,Physio,110
1958-01-21,2025-01-25,Checkup,66
1969-07-24,2025-02-26,Checkup,61
1966-05-17,2025-03-27,Physio,122
1986-05-22,2025-04-28,Physio,40
1969-03-04,2025-05-01,Checkup,109
1986-09-25,2025-06-02,Physio,103
1974-05-05,2025-07-03,Checkup,49
1982-05-09,2025-08-04,Physio,97
1961-01-11,2025-09-05,Physio,125
1965-11-27,2025-10-06,Physio,103
1958-06-05,2025-11-07,Physio,122
1980-12-28,2025-12-08,Checkup,116
1996-02-08,2025-01-09,Checkup,60
1957-01-18,2025-02-10,Physio,71
1981-03-22,2025-03-11,Physio,51
1979-04-15,2025-04-12,Physio,88
1995-02-06,2025-05-13,Physio,84
1971-04-01,2025-06-14,Physio,108
1961-06-25,2025-07-15,Checkup,92
1966-03-25,2025-08-16,Physio,121
1993-01-08,2025-09-17,Physio,96
1998-03-21,2025-10-18,Checkup,51
1972-10-26,2025-11-19,Physio,109
1991-12-22,2025-12-20,Physio,81
1998-12-17,2025-01-21,Checkup,48
1984-12-27,2025-02-22,Checkup,56
1955-05-09,2025-03-23,Checkup,99
1957-05-06,2025-04-24,Physio,130
1968-10-21,2025-05-25,Checkup,96
1959-01-09,2025-06-26,Physio,60
1983-02-24,2025-07-27,Checkup,99
1976-03-02,2025-08-28,Physio,66
1995-12-07,2025-09-01,Checkup,120
1975-11-10,2025-10-02,Checkup,73
1989-09-02,2025-11-03,Physio,42
1987-01-18,2025-12-04,Checkup,123
1986-08-03,2025-01-05,Physio,111
1958-02-17,2025-02-06,Checkup,87
1966-06-26,2025-03-07,Checkup,90
1974-02-10,2025-04-08,Physio,94
1992-05-11,2025-05-09,Physio,87
1994-09-16,2025-06-10,Physio,90
1953-03-03,2025-07-11,Physio,129
1998-12-20,2025-08-12,Physio,49
1987-09-01,2025-09-13,Physio,119
1950-07-12,2025-10-14,Physio,84
1958-04-10,2025-11-15,Checkup,59
1955-06-04,2025-12-16,Checkup,63
1966-04-06,2025-01-17,Physio,96
1974-12-16,2025-02-18,Physio,91
1986-08-28,2025-03-19,Checkup,41
1973-03-10,2025-04-20,Physio,45
1987-04-11,2025-05-21,Physio,45
1962-09-12,2025-06-22,Checkup,102
1961-04-09,2025-07-23,Physio,94
1966-11-10,2025-08-24,Physio,74
1982-05-24,2025-09-25,Checkup,72
1971-05-24,2025-10-26,Physio,130
1992-09-02,2025-11-27,Checkup,83
1998-04-24,2025-12-28,Checkup,90
1993-09-07,2025-01-01,Checkup,46
1976-06-19,2025-02-02,Checkup,72
1983-09-07,2025-03-03,Checkup,68
1974-11-17,2025-04-04,Checkup,102
1952-09-08,2025-05-05,Checkup,53
1989-09-03,2025-06-06,Checkup,50
1960-04-01,2025-07-07,Checkup,73
1971-09-22,2025-08-08,Physio,41
1963-10-27,2025-09-09,Physio,47
1981-02-11,2025-10-10,Checkup,104
1973-05-22,2025-11-11,Checkup,121
1959-06-05,2025-12-12,Physio,91
1954-12-03,2025-01-13,Checkup,87
1973-04-22,2025-02-14,Physio,69
1996-07-18,2025-03-15,Physio,71
1972-04-14,2025-04-16,Checkup,111
1974-12-24,2025-05-17,Physio,57
1973-04-28,2025-06-18,Physio,64
1975-10-20,2025-07-19,Physio,63
1973-11-18,2025-08-20,Physio,109
1957-12-05,2025-09-21,Checkup,72
1980-02-02,2025-10-22,Checkup,55
1962-09-17,2025-11-23,Checkup,46
1988-12-07,2025-12-24,Physio,66
1967-01-28,2025-01-25,Physio,60
1973-06-27,2025-02-26,Physio,128
1983-02-25,2025-03-27,Checkup,96
1991-09-23,2025-04-28,Checkup,101
1967-09-21,2025-05-01,Physio,42
1991-10-14,2025-06-02,Physio,92
1970-07-03,2025-07-03,Checkup,111
1987-07-18,2025-08-04,Checkup,90
1952-05-19,2025-09-05,Physio,108
1988-05-04,2025-10-06,Physio,117
1984-03-01,2025-11-07,Physio,52
1991-03-18,2025-12-08,Physio,123
1975-06-27,2025-01-09,Physio,70
1991-05-28,2025-02-10,Checkup,51
1957-01-17,2025-03-11,Checkup,70
1981-11-20,2025-04-12,Checkup,41
1960-12-25,2025-05-13,Physio,59
1977-04-05,2025-06-14,Checkup,92
1960-10-05,2025-07-15,Checkup,49
1962-01-07,2025-08-16,Physio,72
1959-10-03,2025-09-17,Checkup,90
1962-09-05,2025-10-18,Checkup,103
1974-08-28,2025-11-19,Physio,126
1984-07-19,2025-12-20,Physio,71
1957-02-21,2025-01-21,Physio,82
1954-05-09,2025-02-22,Checkup,49
1988-02-15,2025-03-23,Checkup,104
1952-02-11,2025-04-24,Physio,104
1961-07-25,2025-05-25,Checkup,104
1968-09-16,2025-06-26,Checkup,51
1997-02-18,2025-07-27,Checkup,85
1951-06-22,2025-08-28,Checkup,55
1971-04-24,2025-09-01,Checkup,68
1983-10-17,2025-10-02,Physio,57
1968-12-07,2025-11-03,Checkup,110
1981-02-10,2025-12-04,Checkup,53
1998-10-06,2025-01-05,Checkup,93
1956-02-07,2025-02-06,Checkup,80
1968-08-16,2025-03-07,Checkup,93
1960-04-24,2025-04-08,Physio,83
1967-11-01,2025-05-09,Checkup,125
1977-03-20,2025-06-10,Physio,53
1960-02-24,2025-07-11,Physio,72
1992-09-09,2025-08-12,Physio,40
1959-05-23,2025-09-13,Checkup,104
1984-02-15,2025-10-14,Checkup,120
1991-04-17,2025-11-15,Physio,76
1952-04-04,2025-12-16,Checkup,62
1981-11-01,2025-01-17,Checkup,76
1989-09-10,2025-02-18,Checkup,114
1977-06-01,2025-03-19,Physio,104
1985-01-05,2025-04-20,Physio,76
1986-03-13,2025-05-21,Physio,53
1953-12-02,2025-06-22,Checkup,100
1966-11-04,2025-07-23,Checkup,53
1992-02-22,2025-08-24,Physio,66
1980-05-18,2025-09-25,Checkup,86
1974-06-08,2025-10-26,Checkup,103
1959-07-09,2025-11-27,Physio,88
1967-02-06,2025-12-28,Physio,110
1955-12-01,2025-01-01,Checkup,128
1955-04-06,2025-02-02,Checkup,101
1950-05-07,2025-03-03,Checkup,51
1951-05-01,2025-04-04,Physio,75
1994-02-25,2025-05-05,Physio,41
1988-02-21,2025-06-06,Checkup,51
1954-05-28,2025-07-07,Checkup,53
1951-06-07,2025-08-08,Physio,46
1958-02-07,2025-09-09,Physio,124
1951-12-21,2025-10-10,Physio,81
1973-01-07,2025-11-11,Checkup,77
1964-04-14,2025-12-12,Physio,73
1988-08-19,2025-01-13,Checkup,56
1962-09-28,2025-02-14,Checkup,114
1973-10-16,2025-03-15,Physio,51
1962-02-04,2025-04-16,Physio,62
1988-05-19,2025-05-17,Physio,121
1952-05-09,2025-06-18,Physio,94
1987-05-06,2025-07-19,Checkup,108
1963-10-19,2025-08-20,Physio,129
1966-02-27,2025-09-21,Checkup,72
1963-11-24,2025-10-22,Physio,48
1986-09-11,2025-11-23,Checkup,70
1953-02-26,2025-12-24,Checkup,91
1958-08-26,2025-01-25,Checkup,125
1955-01-17,2025-02-26,Checkup,82
1995-07-02,2025-03-27,Checkup,72
1976-02-13,2025-04-28,Checkup,71
1992-02-09,2025-05-01,Physio,71
1969-07-25,2025-06-02,Physio,68
1974-07-06,2025-07-03,Checkup,71
1995-09-10,2025-08-04,Checkup,83
1998-02-11,2025-09-05,Checkup,77
1990-05-05,2025-10-06,Physio,108
1991-09-17,2025-11-07,Physio,55
1954-12-12,2025-12-08,Physio,109
1950-03-24,2025-01-09,Checkup,75
1978-01-15,2025-02-10,Checkup,130
1995-03-24,2025-03-11,Physio,65
1997-10-10,2025-04-12,Checkup,104
1967-04-27,2025-05-13,Checkup,87
1988-09-21,2025-06-14,Physio,121
1961-02-03,2025-07-15,Checkup,90
1954-10-22,2025-08-16,Checkup,128
1990-08-11,2025-09-17,Physio,103
1995-06-19,2025-10-18,Checkup,80
1961-06-03,2025-11-19,Physio,85
1969-10-28,2025-12-20,Physio,58
1996-01-12,2025-01-21,Checkup,87
1951-05-19,2025-02-22,Checkup,111
1987-05-10,2025-03-23,Checkup,87
1957-11-10,2025-04-24,Checkup,48
1968-09-25,2025-05-25,Physio,114
1982-02-02,2025-06-26,Checkup,124
1971-08-28,2025-07-27,Checkup,70
1992-03-10,2025-08-28,Checkup,130
1961-11-28,2025-09-01,Physio,117
1971-12-06,2025-10-02,Checkup,72
1983-04-07,2025-11-03,Checkup,125
1980-08-21,2025-12-04,Physio,53
1995-04-25,2025-01-05,Physio,72
1954-11-09,2025-02-06,Checkup,92
1968-02-05,2025-03-07,Physio,84
1951-05-06,2025-04-08,Physio,60
1973-04-13,2025-05-09,Checkup,40
1957-10-14,2025-06-10,Physio,64
1972-06-19,2025-07-11,Checkup,107
1971-10-10,2025-08-12,Physio,106
1952-05-18,2025-09-13,Checkup,69
1979-01-24,2025-10-14,Physio,93
1968-09-07,2025-11-15,Physio,87
1968-10-22,2025-12-16,Physio,106
1957-06-09,2025-01-17,Checkup,78
1956-10-17,2025-02-18,Checkup,46
1980-02-27,2025-03-19,Checkup,54
1966-05-07,2025-04-20,Physio,53
1983-01-25,2025-05-21,Physio,82
1955-03-15,2025-06-22,Physio,58
1976-07-05,2025-07-23,Checkup,101
1952-09-23,2025-08-24,Checkup,53
1985-10-10,2025-09-25,Checkup,97
1953-12-03,2025-10-26,Checkup,124
1995-05-17,2025-11-27,Physio,44
1994-05-27,2025-12-28,Physio,68
1965-04-21,2025-01-01,Physio,77
1978-07-25,2025-02-02,Checkup,116
1978-11-07,2025-03-03,Physio,103
1990-04-05,2025-04-04,Physio,120
1953-02-25,2025-05-05,Checkup,80
1959-11-01,2025-06-06,Checkup,43
1963-02-16,2025-07-07,Checkup,113
1986-02-06,2025-08-08,Physio,65
1963-04-14,2025-09-09,Checkup,126
1986-08-14,2025-10-10,Checkup,98
1964-10-20,2025-11-11,Physio,87
1994-10-14,2025-12-12,Physio,125
