ticket,topic,comment
T0000,login,cannot sign in
T0001,billing,
T0002,billing,slow reply
T0003,shipping,cannot sign in
T0004,login,slow reply
T0005,billing,item broken
T0006,login,
T0007,billing,item broken
T0008,shipping,
T0009,shipping,slow reply
T0010,login,slow reply
T0011,login,cannot sign in
T0012,billing,
T0013,login,
T0014,shipping,cannot sign in
T0015,login,item broken
T0016,login,item broken
T0017,login,cannot sign in
T0018,billing,slow reply
T0019,billing,item broken
T0020,login,cannot sign in
T0021,login,slow reply
T0022,login,cannot sign in
T0023,shipping,cannot sign in
T0024,billing,cannot sign in
T0025,billing,
T0026,billing,slow reply
T0027,login,item broken
T0028,shipping,
T0029,shipping,
T0030,login,slow reply
T0031,login,
T0032,billing,item broken
T0033,login,slow reply
T0034,shipping,cannot sign in
T0035,billing,
T0036,login,slow reply
T0037,shipping,slow reply
T0038,shipping,
T0039,billing,cannot sign in
T0040,shipping,cannot sign in
T0041,shipping,
T0042,billing,slow reply
T0043,billing,slow reply
T0044,billing,
T0045,shipping,item broken
T0046,shipping,item broken
T0047,shipping,slow reply
T0048,login,cannot sign in
T0049,billing,item broken
T0050,billing,slow reply
T0051,billing,slow reply
T0052,shipping,cannot sign in
T0053,billing,
T0054,billing,item broken
T0055,billing,slow reply
T0056,shipping,cannot sign in
T0057,login,
T0058,login,cannot sign in
T0059,login,
T0060,login,cannot sign in
T0061,login,slow reply
T0062,login,slow reply
T0063,billing,item broken
T0064,login,slow reply
T0065,billing,cannot sign in
T0066,billing,
T0067,shipping,slow reply
T0068,login,item broken
T0069,billing,item broken
T0070,login,cannot sign in
T0071,billing,slow reply
T0072,shipping,slow reply
T0073,shipping,
T0074,billing,cannot sign in
T0075,shipping,cannot sign in
T0076,login,item broken
T0077,billing,cannot sign in
T0078,shipping,slow reply
T0079,shipping,
T0080,billing,cannot sign in
T0081,login,item broken
T0082,login,
T0083,billing,
T0084,login,item broken
T0085,shipping,slow reply
T0086,login,slow reply
T0087,shipping,cannot sign in
T0088,billing,item broken
T0089,shipping,
T0090,shipping,item broken
T0091,login,slow reply
T0092,login,slow reply
T0093,login,item broken
T0094,shipping,
T0095,shipping,
T0096,login,cannot sign in
T0097,billing,item broken
T0098,shipping,
T0099,billing,
T0100,login,cannot sign in
T0101,shipping,slow reply
T0102,login,slow reply
T0103,shipping,slow reply
T0104,login,slow reply
T0105,login,cannot sign in
T0106,billing,slow reply
T0107,billing,item broken
T0108,login,slow reply
T0109,shipping,item broken
T0110,shipping,
T0111,shipping,item broken
T0112,billing,item broken
T0113,shipping,
T0114,billing,item broken
T0115,login,slow reply
T0116,login,item broken
T0117,login,
T0118,shipping,slow reply
T0119,shipping,
