opened,topic
2025-01-01,login
2025-02-02,billing
2025-03-03,shipping
2025-04-04,billing
2025-05-05,login
2025-06-06,shipping
2025-07-07,shipping
2025-08-08,login
2025-09-09,login
2025-10-10,shipping
2025-11-11,shipping
2025-12-12,login
2025-01-13,billing
2025-02-14,login
2025-03-15,login
2025-04-16,login
2025-05-17,billing
2025-06-18,login
2025-07-19,shipping
2025-08-20,shipping
2025-09-21,login
2025-10-22,billing
2025-11-23,login
2025-12-24,shipping
2025-01-25,login
2025-02-26,shipping
2025-03-27,login
2025-04-28,shipping
2025-05-01,shipping
2025-06-02,shipping
2025-07-03,billing
2025-08-04,login
2025-09-05,billing
2025-10-06,login
2025-11-07,shipping
2025-12-08,billing
2025-01-09,shipping
2025-02-10,billing
2025-03-11,login
2025-04-12,shipping
2025-05-13,login
2025-06-14,login
2025-07-15,billing
2025-08-16,shipping
2025-09-17,login
2025-10-18,login
2025-11-19,login
2025-12-20,billing
2025-01-21,login
2025-02-22,login
2025-03-23,billing
2025-04-24,login
2025-05-25,shipping
2025-06-26,billing
2025-07-27,billing
2025-08-28,shipping
2025-09-01,login
2025-10-02,login
2025-11-03,login
2025-12-04,shipping
2025-01-05,login
2025-02-06,login
2025-03-07,shipping
2025-04-08,billing
2025-05-09,billing
2025-06-10,shipping
2025-07-11,billing
2025-08-12,shipping
2025-09-13,billing
2025-10-14,shipping
2025-11-15,login
2025-12-16,shipping
2025-01-17,login
2025-02-18,billing
2025-03-19,login
2025-04-20,shipping
2025-05-21,login
2025-06-22,billing
2025-07-23,billing
2025-08-24,shipping
2025-09-25,billing
2025-10-26,shipping
2025-11-27,billing
2025-12-28,login
2025-01-01,login
2025-02-02,billing
2025-03-03,login
2025-04-04,login
2025-05-05,login
2025-06-06,login
2025-07-07,shipping
2025-08-08,shipping
2025-09-09,login
2025-10-10,shipping
2025-11-11,billing
2025-12-12,login
2025-01-13,shipping
2025-02-14,login
2025-03-15,shipping
2025-04-16,billing
2025-05-17,billing
2025-06-18,shipping
2025-07-19,billing
2025-08-20,shipping
2025-09-21,shipping
2025-10-22,shipping
2025-11-23,billing
2025-12-24,shipping
2025-01-25,billing
2025-02-26,login
2025-03-27,shipping
2025-04-28,login
2025-05-01,login
2025-06-02,shipping
2025-07-03,login
2025-08-04,shipping
2025-09-05,billing
2025-10-06,login
2025-11-07,billing
2025-12-08,login
