order_date,store,basket,items
2014-01-01,A,78.87,8
2014-01-02,B,91.67,4
2014-01-03,C,85.94,3
pending carrier scan,A,98.95,3
??,B,91.07,7
2014-01-06,C,89.94,3
2014-01-07,A,101.77,1
2014-01-08,B,96.85,4
2014-02-09,C,101.56,4
2014-02-10,A,91.25,5
2014-02-11,B,94.22,5
2014-02-12,C,90.57,9
2014-02-13,A,108.42,6
2014-02-14,B,86.77,9
2014-02-15,C,115.42,7
pending carrier scan,A,107.28,7
TBD,B,100.19,4
2014-03-18,C,99.73,1
2014-03-19,A,109.99,2
2014-03-20,B,98.76,4
2014-03-21,C,99.47,6
pending carrier scan,A,104.24,2
2014-03-23,B,99.60,8
2014-03-24,C,98.57,3
2014-04-25,A,104.50,3
2014-04-26,B,111.04,7
pending carrier scan,C,100.31,5
2014-04-28,A,99.98,1
2014-04-01,B,84.54,2
TBD,C,112.10,4
2014-04-03,A,113.70,5
2014-04-04,B,100.83,2
??,C,98.84,6
2014-05-06,A,98.66,8
2014-05-07,B,83.87,3
2014-05-08,C,90.15,3
2014-05-09,A,97.32,4
2014-05-10,B,106.68,3
2014-05-11,C,106.16,7
2014-05-12,A,97.58,2
2014-06-13,B,102.23,5
2014-06-14,C,101.71,7
2014-06-15,A,106.02,5
2014-06-16,B,87.95,2
2014-06-17,C,85.56,2
2014-06-18,A,101.89,4
2014-06-19,B,109.34,4
TBD,C,104.33,5
2014-07-21,A,95.22,6
2014-07-22,B,97.67,8
2014-07-23,C,91.54,3
2014-07-24,A,87.22,1
2014-07-25,B,94.60,1
??,C,106.75,2
2014-07-27,A,98.93,2
??,B,91.30,6
2014-08-01,C,113.24,3
2014-08-02,A,90.41,6
2014-08-03,B,91.48,7
2014-08-04,C,80.26,1
2014-08-05,A,87.43,7
2014-08-06,B,93.81,1
2014-08-07,C,112.51,5
2014-08-08,A,106.90,6
2014-09-09,B,98.76,8
2014-09-10,C,86.87,9
??,A,113.32,8
??,B,102.52,2
2014-09-13,C,83.08,5
2014-09-14,A,85.17,6
2014-09-15,B,97.06,3
2014-09-16,C,93.95,6
2014-10-17,A,80.30,6
2014-10-18,B,107.52,5
2014-10-19,C,83.57,4
2014-10-20,A,107.62,7
2014-10-21,B,106.03,3
2014-10-22,C,96.72,1
2014-10-23,A,107.66,3
pending carrier scan,B,97.51,5
2014-11-25,C,104.78,9
2014-11-26,A,91.42,6
2014-11-27,B,107.64,6
TBD,C,88.27,5
2014-11-01,A,115.17,6
2014-11-02,B,104.05,1
2014-11-03,C,94.63,5
2014-11-04,A,103.64,3
2014-12-05,B,104.93,2
2014-12-06,C,99.50,6
2014-12-07,A,97.33,8
2014-12-08,B,93.89,1
2014-12-09,C,97.35,4
2014-12-10,A,99.41,6
2014-12-11,B,111.13,3
2014-12-12,C,96.14,4
??,A,91.66,4
2014-01-14,B,107.08,1
2014-01-15,C,81.33,6
2014-01-16,A,91.38,4
??,B,109.56,4
2015-01-18,C,102.65,2
2015-01-19,A,87.79,6
2015-01-20,B,100.93,1
2015-02-21,C,114.36,9
2015-02-22,A,110.36,5
2015-02-23,B,122.91,2
2015-02-24,C,108.23,1
2015-02-25,A,96.03,3
2015-02-26,B,120.16,9
2015-02-27,C,90.05,8
2015-02-28,A,103.28,8
2015-03-01,B,98.71,8
2015-03-02,C,89.38,5
2015-03-03,A,99.45,9
2015-03-04,B,102.74,9
2015-03-05,C,93.19,4
2015-03-06,A,83.10,3
2015-03-07,B,92.11,4
2015-03-08,C,103.02,2
2015-04-09,A,103.13,1
2015-04-10,B,103.54,7
2015-04-11,C,110.09,2
2015-04-12,A,104.66,2
2015-04-13,B,83.23,7
2015-04-14,C,110.75,8
2015-04-15,A,93.52,8
2015-04-16,B,123.18,2
2015-05-17,C,88.19,3
2015-05-18,A,89.63,1
TBD,B,107.17,6
2015-05-20,C,120.09,4
2015-05-21,A,117.81,2
2015-05-22,B,114.92,5
2015-05-23,C,98.82,1
2015-05-24,A,85.41,7
2015-06-25,B,95.72,9
2015-06-26,C,96.73,9
2015-06-27,A,92.19,3
2015-06-28,B,101.46,6
2015-06-01,C,101.50,4
2015-06-02,A,112.96,4
2015-06-03,B,109.93,2
2015-06-04,C,110.52,2
2015-07-05,A,116.67,3
2015-07-06,B,100.48,1
??,C,95.93,6
??,A,84.94,6
2015-07-09,B,102.45,2
2015-07-10,C,99.05,1
??,A,88.57,8
2015-07-12,B,90.82,3
TBD,C,121.35,2
2015-08-14,A,79.31,3
2015-08-15,B,88.47,6
2015-08-16,C,109.02,7
2015-08-17,A,92.73,1
2015-08-18,B,110.76,1
2015-08-19,C,109.60,6
2015-08-20,A,114.99,4
2015-09-21,B,119.68,6
2015-09-22,C,114.95,7
2015-09-23,A,109.81,6
2015-09-24,B,117.35,5
2015-09-25,C,117.28,3
2015-09-26,A,116.00,7
2015-09-27,B,99.01,6
2015-09-28,C,115.91,3
2015-10-01,A,104.35,6
2015-10-02,B,101.23,2
pending carrier scan,C,126.55,1
2015-10-04,A,103.72,5
2015-10-05,B,98.03,9
??,C,94.05,8
2015-10-07,A,99.89,1
TBD,B,88.85,4
2015-11-09,C,102.38,4
2015-11-10,A,106.87,1
pending carrier scan,B,103.53,9
2015-11-12,C,114.01,9
2015-11-13,A,119.25,2
2015-11-14,B,104.56,1
2015-11-15,C,114.15,3
2015-11-16,A,101.28,9
2015-12-17,B,127.49,7
2015-12-18,C,113.67,7
2015-12-19,A,99.55,5
2015-12-20,B,111.13,5
2015-12-21,C,104.97,4
2015-12-22,A,102.67,3
2015-12-23,B,103.68,6
2015-12-24,C,101.98,1
2015-01-25,A,103.52,4
2015-01-26,B,96.36,8
2015-01-27,C,105.11,2
2015-01-28,A,101.95,8
2015-01-01,B,112.26,2
pending carrier scan,C,103.13,8
TBD,A,101.40,6
2015-01-04,B,109.54,7
2016-02-05,C,108.99,7
2016-02-06,A,123.17,9
2016-02-07,B,115.40,3
2016-02-08,C,116.28,2
2016-02-09,A,105.72,6
2016-02-10,B,121.10,4
2016-02-11,C,110.14,4
2016-02-12,A,103.51,4
2016-03-13,B,113.43,5
2016-03-14,C,110.87,1
2016-03-15,A,119.99,2
2016-03-16,B,117.50,3
2016-03-17,C,103.43,8
2016-03-18,A,102.91,6
2016-03-19,B,109.38,2
2016-03-20,C,90.91,8
2016-04-21,A,97.80,4
2016-04-22,B,98.00,5
2016-04-23,C,113.37,6
2016-04-24,A,114.68,3
2016-04-25,B,106.92,6
TBD,C,113.31,7
2016-04-27,A,94.86,5
2016-04-28,B,111.44,1
TBD,C,121.52,5
2016-05-02,A,102.76,6
2016-05-03,B,115.86,6
2016-05-04,C,117.36,2
2016-05-05,A,97.47,5
2016-05-06,B,114.87,5
2016-05-07,C,114.71,9
2016-05-08,A,135.78,6
2016-06-09,B,124.86,7
2016-06-10,C,112.27,6
2016-06-11,A,91.59,3
2016-06-12,B,105.20,8
2016-06-13,C,109.58,9
TBD,A,112.08,5
2016-06-15,B,99.49,2
2016-06-16,C,95.31,5
2016-07-17,A,113.57,2
2016-07-18,B,112.08,2
??,C,120.24,7
2016-07-20,A,123.01,4
2016-07-21,B,117.60,8
2016-07-22,C,105.02,6
2016-07-23,A,107.30,8
2016-07-24,B,114.70,2
2016-08-25,C,118.85,6
2016-08-26,A,104.76,7
2016-08-27,B,129.25,1
2016-08-28,C,93.80,1
2016-08-01,A,100.80,3
2016-08-02,B,114.94,3
2016-08-03,C,105.70,4
2016-08-04,A,114.27,9
2016-09-05,B,113.43,5
2016-09-06,C,109.34,5
2016-09-07,A,111.02,1
2016-09-08,B,103.79,1
2016-09-09,C,112.29,2
2016-09-10,A,108.53,6
2016-09-11,B,111.46,9
2016-09-12,C,125.83,3
2016-10-13,A,92.02,5
2016-10-14,B,122.64,9
2016-10-15,C,108.63,6
2016-10-16,A,130.85,2
2016-10-17,B,110.58,3
2016-10-18,C,113.14,7
2016-10-19,A,114.78,1
2016-10-20,B,93.43,4
2016-11-21,C,125.26,8
2016-11-22,A,94.56,7
2016-11-23,B,113.21,6
2016-11-24,C,114.88,9
2016-11-25,A,109.27,9
2016-11-26,B,96.12,3
2016-11-27,C,112.94,3
2016-11-28,A,116.09,2
2016-12-01,B,100.80,8
2016-12-02,C,101.90,2
2016-12-03,A,93.12,5
TBD,B,99.78,7
2016-12-05,C,102.80,8
2016-12-06,A,94.12,9
2016-12-07,B,85.81,5
2016-12-08,C,110.88,7
pending carrier scan,A,124.83,2
2016-01-10,B,109.75,3
pending carrier scan,C,102.56,2
2016-01-12,A,95.20,1
2016-01-13,B,107.30,5
2016-01-14,C,98.97,8
2016-01-15,A,121.93,4
2016-01-16,B,94.83,3
2016-02-17,C,101.14,5
2016-02-18,A,118.75,7
2016-02-19,B,115.53,7
2016-02-20,C,113.36,6
2017-02-21,A,113.32,6
2017-02-22,B,126.14,7
TBD,C,111.17,3
2017-02-24,A,111.32,7
pending carrier scan,B,111.37,4
TBD,C,112.61,7
2017-03-27,A,135.20,7
2017-03-28,B,124.93,3
2017-03-01,C,116.96,7
2017-03-02,A,96.55,7
2017-03-03,B,113.01,6
2017-03-04,C,101.36,4
2017-04-05,A,113.50,6
2017-04-06,B,113.78,5
2017-04-07,C,122.65,9
2017-04-08,A,121.03,5
2017-04-09,B,110.51,9
2017-04-10,C,111.22,9
2017-04-11,A,105.85,4
2017-04-12,B,107.23,9
2017-05-13,C,108.72,1
2017-05-14,A,92.42,4
2017-05-15,B,122.47,7
2017-05-16,C,123.61,6
pending carrier scan,A,112.90,8
2017-05-18,B,135.61,3
2017-05-19,C,103.60,2
2017-05-20,A,109.70,5
2017-06-21,B,114.43,6
2017-06-22,C,93.69,2
2017-06-23,A,130.20,6
2017-06-24,B,115.36,6
2017-06-25,C,119.96,2
2017-06-26,A,126.58,7
2017-06-27,B,138.60,3
2017-06-28,C,113.07,7
2017-07-01,A,104.21,3
2017-07-02,B,101.90,8
??,C,105.19,3
2017-07-04,A,123.50,3
2017-07-05,B,106.82,1
2017-07-06,C,111.28,3
2017-07-07,A,110.35,6
2017-07-08,B,115.07,7
2017-08-09,C,82.81,7
2017-08-10,A,117.88,2
2017-08-11,B,125.12,9
2017-08-12,C,108.15,7
2017-08-13,A,113.56,7
2017-08-14,B,118.03,6
2017-08-15,C,110.47,2
2017-08-16,A,127.63,8
2017-09-17,B,133.73,8
2017-09-18,C,95.81,9
2017-09-19,A,100.95,4
2017-09-20,B,110.92,6
2017-09-21,C,99.07,4
2017-09-22,A,123.57,7
2017-09-23,B,118.74,3
2017-09-24,C,112.40,9
2017-10-25,A,106.98,5
TBD,B,117.43,2
2017-10-27,C,103.30,3
2017-10-28,A,118.80,4
TBD,B,106.67,6
2017-10-02,C,117.43,8
2017-10-03,A,120.80,1
2017-10-04,B,133.93,6
2017-11-05,C,129.13,9
2017-11-06,A,116.43,4
2017-11-07,B,117.34,2
2017-11-08,C,112.81,6
2017-11-09,A,113.44,3
2017-11-10,B,125.33,8
2017-11-11,C,124.65,2
2017-11-12,A,132.39,4
2017-12-13,B,112.80,5
2017-12-14,C,103.41,6
2017-12-15,A,110.10,9
2017-12-16,B,114.24,5
2017-12-17,C,118.02,3
2017-12-18,A,121.49,2
2017-12-19,B,134.81,2
2017-12-20,C,125.29,1
??,A,113.36,2
2017-01-22,B,122.42,4
2017-01-23,C,112.71,3
2017-01-24,A,127.39,3
2017-01-25,B,125.88,7
pending carrier scan,C,117.33,1
2017-01-27,A,101.49,6
2017-01-28,B,110.04,8
2017-02-01,C,103.20,9
2017-02-02,A,113.75,9
2017-02-03,B,116.11,7
2017-02-04,C,109.10,8
2017-02-05,A,114.39,4
2017-02-06,B,130.86,9
2017-02-07,C,104.70,1
2017-02-08,A,109.33,1
2018-03-09,B,124.40,3
2018-03-10,C,115.49,8
2018-03-11,A,103.98,1
TBD,B,119.63,9
2018-03-13,C,117.57,1
2018-03-14,A,106.24,1
2018-03-15,B,126.94,5
2018-03-16,C,105.17,8
??,A,123.63,3
2018-04-18,B,126.76,8
pending carrier scan,C,104.85,1
2018-04-20,A,123.20,3
2018-04-21,B,104.12,1
pending carrier scan,C,124.58,9
2018-04-23,A,113.42,7
2018-04-24,B,125.24,1
2018-05-25,C,114.38,4
2018-05-26,A,93.26,2
2018-05-27,B,120.58,4
2018-05-28,C,131.11,6
2018-05-01,A,126.22,3
2018-05-02,B,116.74,1
2018-05-03,C,99.90,3
2018-05-04,A,110.94,7
2018-06-05,B,122.23,1
2018-06-06,C,129.50,6
2018-06-07,A,124.85,8
2018-06-08,B,102.61,4
2018-06-09,C,120.68,8
2018-06-10,A,108.71,3
2018-06-11,B,122.77,2
pending carrier scan,C,129.43,6
2018-07-13,A,111.23,5
2018-07-14,B,111.67,4
2018-07-15,C,116.29,6
2018-07-16,A,124.42,4
2018-07-17,B,121.69,6
2018-07-18,C,118.88,8
pending carrier scan,A,112.18,9
2018-07-20,B,135.28,5
2018-08-21,C,120.21,3
2018-08-22,A,122.88,3
pending carrier scan,B,110.34,3
2018-08-24,C,126.07,9
2018-08-25,A,117.73,3
2018-08-26,B,105.36,5
2018-08-27,C,114.85,9
2018-08-28,A,121.70,4
pending carrier scan,B,116.08,1
2018-09-02,C,125.77,8
2018-09-03,A,129.84,5
2018-09-04,B,94.59,2
2018-09-05,C,123.22,2
2018-09-06,A,134.94,6
2018-09-07,B,117.08,7
pending carrier scan,C,116.79,1
2018-10-09,A,127.42,5
2018-10-10,B,116.55,7
2018-10-11,C,121.07,4
2018-10-12,A,110.77,6
2018-10-13,B,123.81,5
2018-10-14,C,109.25,9
2018-10-15,A,138.54,2
2018-10-16,B,108.96,2
2018-11-17,C,118.66,5
2018-11-18,A,129.64,6
2018-11-19,B,122.41,6
2018-11-20,C,121.18,5
2018-11-21,A,116.84,8
2018-11-22,B,114.42,6
2018-11-23,C,111.48,4
2018-11-24,A,129.96,1
2018-12-25,B,111.22,5
pending carrier scan,C,125.50,8
2018-12-27,A,122.35,3
2018-12-28,B,118.50,5
2018-12-01,C,102.44,3
2018-12-02,A,141.12,5
2018-12-03,B,116.89,1
2018-12-04,C,113.38,7
??,A,105.52,9
??,B,120.58,6
2018-01-07,C,121.57,4
2018-01-08,A,121.20,3
2018-01-09,B,122.66,8
2018-01-10,C,114.74,5
2018-01-11,A,116.30,9
2018-01-12,B,136.21,4
2018-02-13,C,113.93,3
2018-02-14,A,98.51,2
2018-02-15,B,126.49,8
2018-02-16,C,114.33,8
??,A,133.48,1
2018-02-18,B,104.96,7
2018-02-19,C,122.87,5
2018-02-20,A,110.44,6
2018-03-21,B,124.18,3
2018-03-22,C,114.68,7
2018-03-23,A,131.57,5
2018-03-24,B,131.65,3
2019-03-25,C,118.99,3
2019-03-26,A,119.27,8
2019-03-27,B,149.73,3
2019-03-28,C,115.39,5
2019-04-01,A,118.19,3
??,B,117.61,2
2019-04-03,C,128.25,9
2019-04-04,A,133.81,2
2019-04-05,B,140.62,8
2019-04-06,C,114.34,2
2019-04-07,A,130.96,5
2019-04-08,B,106.85,7
2019-05-09,C,134.86,4
2019-05-10,A,123.82,3
2019-05-11,B,131.41,5
2019-05-12,C,113.98,7
2019-05-13,A,124.12,3
2019-05-14,B,126.76,7
2019-05-15,C,126.61,6
2019-05-16,A,136.36,9
TBD,B,141.89,2
pending carrier scan,C,125.76,8
2019-06-19,A,132.52,7
2019-06-20,B,94.99,7
2019-06-21,C,113.12,4
2019-06-22,A,120.32,5
2019-06-23,B,143.54,8
2019-06-24,C,117.51,1
2019-07-25,A,131.00,2
2019-07-26,B,126.02,5
2019-07-27,C,125.19,9
2019-07-28,A,116.39,4
pending carrier scan,B,137.21,4
2019-07-02,C,125.85,8
2019-07-03,A,131.14,2
2019-07-04,B,107.28,8
2019-08-05,C,122.89,1
TBD,A,117.70,4
2019-08-07,B,123.09,5
2019-08-08,C,113.28,6
2019-08-09,A,116.78,2
2019-08-10,B,127.68,6
2019-08-11,C,124.36,3
2019-08-12,A,131.90,3
2019-09-13,B,122.35,2
2019-09-14,C,119.34,6
2019-09-15,A,123.75,9
TBD,B,125.58,6
2019-09-17,C,134.06,1
2019-09-18,A,110.70,6
??,B,148.00,7
2019-09-20,C,143.63,4
2019-10-21,A,128.97,5
pending carrier scan,B,104.47,6
2019-10-23,C,127.11,1
2019-10-24,A,112.98,7
2019-10-25,B,138.02,6
2019-10-26,C,129.71,7
2019-10-27,A,120.52,8
2019-10-28,B,122.97,8
2019-11-01,C,119.59,9
2019-11-02,A,129.79,9
2019-11-03,B,114.21,5
2019-11-04,C,123.07,1
2019-11-05,A,131.50,5
2019-11-06,B,134.18,6
2019-11-07,C,112.57,1
2019-11-08,A,127.46,3
2019-12-09,B,128.88,3
2019-12-10,C,122.08,3
2019-12-11,A,128.53,5
TBD,B,113.56,6
2019-12-13,C,128.87,9
pending carrier scan,A,114.70,4
2019-12-15,B,132.17,2
2019-12-16,C,123.24,8
2019-01-17,A,135.53,1
2019-01-18,B,130.13,9
2019-01-19,C,146.83,6
2019-01-20,A,134.57,6
pending carrier scan,B,131.77,5
TBD,C,123.05,7
??,A,109.03,2
??,B,110.55,4
2019-02-25,C,114.83,4
2019-02-26,A,147.94,7
2019-02-27,B,131.30,5
2019-02-28,C,110.82,4
2019-02-01,A,127.21,8
pending carrier scan,B,129.75,2
2019-02-03,C,117.22,5
2019-02-04,A,136.60,2
2019-03-05,B,124.18,5
2019-03-06,C,115.58,4
2019-03-07,A,117.86,7
2019-03-08,B,117.28,3
2019-03-09,C,133.61,7
2019-03-10,A,121.69,2
2019-03-11,B,130.72,2
2019-03-12,C,119.10,8
2020-04-13,A,123.41,7
2020-04-14,B,130.94,8
2020-04-15,C,123.96,8
2020-04-16,A,136.68,5
2020-04-17,B,124.93,4
pending carrier scan,C,115.95,3
2020-04-19,A,136.61,5
2020-04-20,B,122.62,2
2020-05-21,C,147.28,2
2020-05-22,A,142.46,1
2020-05-23,B,127.49,6
2020-05-24,C,115.34,1
2020-05-25,A,132.17,3
2020-05-26,B,133.22,6
2020-05-27,C,127.95,4
2020-05-28,A,127.11,7
2020-06-01,B,131.57,2
2020-06-02,C,142.39,2
2020-06-03,A,120.18,4
2020-06-04,B,115.31,4
2020-06-05,C,135.82,2
2020-06-06,A,119.46,2
??,B,124.14,5
2020-06-08,C,113.44,8
2020-07-09,A,138.21,1
2020-07-10,B,137.68,6
2020-07-11,C,131.76,6
2020-07-12,A,128.65,9
2020-07-13,B,143.51,5
2020-07-14,C,141.35,2
TBD,A,132.95,9
2020-07-16,B,133.13,6
2020-08-17,C,130.21,1
2020-08-18,A,140.34,8
2020-08-19,B,134.31,2
2020-08-20,C,133.32,9
2020-08-21,A,141.99,7
2020-08-22,B,127.74,2
2020-08-23,C,135.77,2
2020-08-24,A,130.39,7
2020-09-25,B,127.64,2
2020-09-26,C,129.53,9
2020-09-27,A,131.77,7
2020-09-28,B,127.49,4
2020-09-01,C,147.11,6
2020-09-02,A,144.47,4
2020-09-03,B,148.32,9
2020-09-04,C,114.19,2
2020-10-05,A,125.00,5
2020-10-06,B,145.62,2
2020-10-07,C,120.68,7
2020-10-08,A,131.36,2
??,B,141.34,9
2020-10-10,C,134.63,4
2020-10-11,A,129.41,6
2020-10-12,B,127.50,4
2020-11-13,C,113.98,6
2020-11-14,A,127.27,2
??,B,125.31,6
2020-11-16,C,135.88,4
2020-11-17,A,122.64,8
pending carrier scan,B,125.36,1
2020-11-19,C,133.05,7
2020-11-20,A,142.99,6
2020-12-21,B,126.64,2
2020-12-22,C,144.71,4
2020-12-23,A,125.88,3
2020-12-24,B,137.70,5
pending carrier scan,C,143.37,9
2020-12-26,A,134.15,6
2020-12-27,B,153.11,4
2020-12-28,C,133.27,1
2020-01-01,A,121.04,2
2020-01-02,B,131.18,2
2020-01-03,C,130.10,8
2020-01-04,A,120.26,2
2020-01-05,B,142.89,2
2020-01-06,C,120.30,6
2020-01-07,A,125.32,2
2020-01-08,B,128.54,9
TBD,C,137.26,3
2020-02-10,A,135.07,2
2020-02-11,B,128.46,7
2020-02-12,C,140.12,4
2020-02-13,A,140.50,7
2020-02-14,B,124.91,8
??,C,140.55,6
2020-02-16,A,116.39,6
2020-03-17,B,124.35,9
2020-03-18,C,122.08,8
2020-03-19,A,135.16,3
2020-03-20,B,122.12,7
2020-03-21,C,127.63,5
2020-03-22,A,123.10,7
2020-03-23,B,129.84,5
2020-03-24,C,133.64,4
2020-04-25,A,120.54,7
2020-04-26,B,121.37,8
2020-04-27,C,134.75,2
2020-04-28,A,134.32,9
2021-04-01,B,150.11,3
2021-04-02,C,138.38,6
2021-04-03,A,109.89,6
2021-04-04,B,143.74,2
2021-05-05,C,151.25,9
2021-05-06,A,159.30,6
2021-05-07,B,136.23,6
2021-05-08,C,121.84,6
??,A,139.79,5
pending carrier scan,B,122.18,1
2021-05-11,C,146.40,5
2021-05-12,A,125.49,3
2021-06-13,B,137.16,5
2021-06-14,C,136.11,3
2021-06-15,A,145.61,3
2021-06-16,B,151.74,9
2021-06-17,C,143.68,5
2021-06-18,A,149.22,7
2021-06-19,B,123.56,4
2021-06-20,C,148.37,6
2021-07-21,A,138.02,5
2021-07-22,B,148.97,6
2021-07-23,C,146.25,2
2021-07-24,A,140.76,1
??,B,141.40,6
2021-07-26,C,133.41,3
??,A,132.19,7
2021-07-28,B,130.26,9
2021-08-01,C,121.09,2
2021-08-02,A,140.84,6
2021-08-03,B,153.35,2
2021-08-04,C,125.69,8
2021-08-05,A,134.15,9
pending carrier scan,B,132.70,5
2021-08-07,C,127.99,9
2021-08-08,A,112.42,3
2021-09-09,B,136.85,8
2021-09-10,C,134.20,6
2021-09-11,A,145.36,1
pending carrier scan,B,141.25,5
2021-09-13,C,137.52,3
2021-09-14,A,135.38,9
2021-09-15,B,136.56,2
TBD,C,120.17,4
2021-10-17,A,140.12,6
2021-10-18,B,126.14,7
TBD,C,133.98,9
2021-10-20,A,148.23,9
2021-10-21,B,127.98,7
2021-10-22,C,137.04,3
2021-10-23,A,128.26,6
2021-10-24,B,137.13,5
2021-11-25,C,123.34,1
2021-11-26,A,129.13,4
??,B,127.28,1
2021-11-28,C,149.13,9
??,A,135.63,4
??,B,127.54,3
2021-11-03,C,121.36,7
2021-11-04,A,152.26,7
2021-12-05,B,136.83,4
2021-12-06,C,126.10,5
2021-12-07,A,138.53,1
TBD,B,133.70,7
2021-12-09,C,129.77,2
2021-12-10,A,137.67,8
2021-12-11,B,143.31,3
2021-12-12,C,131.18,6
2021-01-13,A,136.90,4
2021-01-14,B,140.05,8
2021-01-15,C,131.71,3
2021-01-16,A,112.55,2
2021-01-17,B,132.69,2
2021-01-18,C,120.16,3
2021-01-19,A,133.18,8
2021-01-20,B,147.01,9
2021-02-21,C,147.19,1
pending carrier scan,A,142.97,9
2021-02-23,B,148.92,2
2021-02-24,C,131.90,8
2021-02-25,A,146.58,1
2021-02-26,B,134.81,8
2021-02-27,C,151.76,7
2021-02-28,A,137.59,5
2021-03-01,B,142.59,4
2021-03-02,C,149.46,1
2021-03-03,A,138.58,2
2021-03-04,B,123.80,3
2021-03-05,C,148.41,6
2021-03-06,A,158.12,9
2021-03-07,B,121.22,6
2021-03-08,C,137.37,3
2021-04-09,A,125.93,9
2021-04-10,B,129.94,5
2021-04-11,C,141.24,3
2021-04-12,A,131.24,9
2021-04-13,B,133.53,6
2021-04-14,C,140.94,7
2021-04-15,A,142.73,2
2021-04-16,B,132.35,1
2022-05-17,C,129.08,9
2022-05-18,A,135.73,1
2022-05-19,B,130.47,8
pending carrier scan,C,146.84,8
2022-05-21,A,145.14,1
2022-05-22,B,142.10,8
pending carrier scan,C,142.26,7
2022-05-24,A,133.05,5
2022-06-25,B,136.89,6
2022-06-26,C,136.55,2
2022-06-27,A,131.76,9
2022-06-28,B,140.92,4
2022-06-01,C,135.97,5
2022-06-02,A,129.90,3
2022-06-03,B,144.63,5
2022-06-04,C,124.92,3
pending carrier scan,A,137.54,1
2022-07-06,B,147.07,6
2022-07-07,C,130.74,7
2022-07-08,A,128.20,2
2022-07-09,B,144.16,5
2022-07-10,C,146.54,5
2022-07-11,A,126.72,5
2022-07-12,B,128.96,3
2022-08-13,C,134.79,7
2022-08-14,A,130.65,1
2022-08-15,B,153.38,8
2022-08-16,C,135.03,6
TBD,A,112.17,4
2022-08-18,B,140.02,2
2022-08-19,C,131.33,5
2022-08-20,A,139.13,1
2022-09-21,B,130.69,6
2022-09-22,C,118.01,1
2022-09-23,A,133.79,5
2022-09-24,B,163.85,1
2022-09-25,C,137.77,8
TBD,A,151.95,9
??,B,131.86,6
2022-09-28,C,138.65,6
2022-10-01,A,126.50,5
2022-10-02,B,161.33,9
2022-10-03,C,133.90,8
2022-10-04,A,144.05,2
2022-10-05,B,126.12,9
2022-10-06,C,146.22,9
2022-10-07,A,139.91,1
2022-10-08,B,152.48,4
2022-11-09,C,153.77,3
2022-11-10,A,138.87,5
2022-11-11,B,119.86,5
2022-11-12,C,128.15,1
2022-11-13,A,129.75,2
2022-11-14,B,142.86,4
2022-11-15,C,142.60,2
pending carrier scan,A,137.81,8
2022-12-17,B,151.74,4
2022-12-18,C,139.65,4
2022-12-19,A,137.70,3
2022-12-20,B,137.95,8
2022-12-21,C,127.76,8
2022-12-22,A,151.04,4
2022-12-23,B,146.91,6
2022-12-24,C,130.75,2
2022-01-25,A,158.81,9
2022-01-26,B,142.61,7
2022-01-27,C,140.94,2
2022-01-28,A,142.45,8
2022-01-01,B,136.47,7
2022-01-02,C,134.22,1
2022-01-03,A,134.30,8
2022-01-04,B,156.24,9
2022-02-05,C,124.80,7
2022-02-06,A,155.01,2
2022-02-07,B,135.40,8
2022-02-08,C,155.37,5
2022-02-09,A,141.59,6
2022-02-10,B,127.65,7
pending carrier scan,C,134.10,2
2022-02-12,A,148.74,4
2022-03-13,B,132.33,7
??,C,163.77,1
2022-03-15,A,145.20,6
2022-03-16,B,131.50,8
2022-03-17,C,136.44,9
2022-03-18,A,127.67,1
2022-03-19,B,141.70,9
2022-03-20,C,131.30,5
2022-04-21,A,126.32,6
2022-04-22,B,160.62,8
2022-04-23,C,135.59,7
2022-04-24,A,157.57,2
2022-04-25,B,128.09,8
2022-04-26,C,143.03,5
2022-04-27,A,140.22,5
2022-04-28,B,136.05,3
2022-05-01,C,144.63,5
2022-05-02,A,131.38,9
2022-05-03,B,130.24,7
2022-05-04,C,137.53,5
2023-05-05,A,151.95,4
2023-05-06,B,133.14,2
2023-05-07,C,143.48,4
2023-05-08,A,143.23,8
??,B,163.20,6
2023-06-10,C,148.25,6
2023-06-11,A,134.32,4
2023-06-12,B,162.53,6
??,C,142.67,6
2023-06-14,A,156.63,4
2023-06-15,B,138.89,6
2023-06-16,C,158.08,7
2023-07-17,A,150.53,3
2023-07-18,B,157.21,6
2023-07-19,C,160.02,4
2023-07-20,A,131.36,1
2023-07-21,B,144.39,2
2023-07-22,C,141.95,9
2023-07-23,A,153.75,6
2023-07-24,B,146.35,8
2023-08-25,C,147.33,2
2023-08-26,A,142.26,3
2023-08-27,B,150.54,6
pending carrier scan,C,146.56,4
2023-08-01,A,139.17,4
2023-08-02,B,152.43,5
2023-08-03,C,153.58,3
2023-08-04,A,145.88,2
2023-09-05,B,157.38,4
2023-09-06,C,153.55,8
2023-09-07,A,134.68,7
2023-09-08,B,144.97,5
2023-09-09,C,132.86,4
2023-09-10,A,142.77,5
2023-09-11,B,162.48,8
2023-09-12,C,148.55,4
2023-10-13,A,156.29,8
2023-10-14,B,139.05,8
??,C,125.52,4
TBD,A,138.28,9
2023-10-17,B,133.42,5
pending carrier scan,C,141.75,9
2023-10-19,A,156.83,2
TBD,B,141.57,7
2023-11-21,C,145.06,7
2023-11-22,A,134.10,9
2023-11-23,B,139.64,8
2023-11-24,C,141.95,4
2023-11-25,A,147.25,9
2023-11-26,B,155.65,1
??,C,141.16,2
2023-11-28,A,139.21,5
2023-12-01,B,157.35,2
2023-12-02,C,141.65,3
2023-12-03,A,151.32,3
TBD,B,130.25,3
2023-12-05,C,134.09,8
2023-12-06,A,132.73,6
2023-12-07,B,158.39,6
2023-12-08,C,135.43,1
2023-01-09,A,157.39,7
2023-01-10,B,148.49,5
2023-01-11,C,138.80,1
2023-01-12,A,136.70,5
2023-01-13,B,146.29,5
2023-01-14,C,148.96,4
2023-01-15,A,158.61,2
2023-01-16,B,139.19,7
2023-02-17,C,144.49,7
2023-02-18,A,146.08,7
2023-02-19,B,144.89,6
2023-02-20,C,149.99,6
2023-02-21,A,126.63,3
2023-02-22,B,160.33,1
2023-02-23,C,146.28,4
2023-02-24,A,132.16,8
2023-03-25,B,162.64,1
2023-03-26,C,154.43,7
2023-03-27,A,152.74,3
2023-03-28,B,133.45,1
2023-03-01,C,152.35,1
2023-03-02,A,148.29,4
2023-03-03,B,141.88,1
2023-03-04,C,147.89,6
2023-04-05,A,147.39,2
2023-04-06,B,143.61,3
2023-04-07,C,150.10,9
2023-04-08,A,149.33,3
2023-04-09,B,147.66,7
2023-04-10,C,135.08,9
TBD,A,142.19,1
2023-04-12,B,145.46,6
2023-05-13,C,129.40,7
2023-05-14,A,153.22,5
2023-05-15,B,151.64,6
2023-05-16,C,152.26,2
2023-05-17,A,152.91,5
2023-05-18,B,147.08,2
2023-05-19,C,150.71,7
2023-05-20,A,142.08,6
2024-06-21,B,171.22,7
2024-06-22,C,168.16,6
2024-06-23,A,144.17,5
2024-06-24,B,138.25,8
2024-06-25,C,155.40,7
2024-06-26,A,148.63,2
2024-06-27,B,150.69,5
2024-06-28,C,146.48,7
2024-07-01,A,131.33,1
2024-07-02,B,156.39,6
2024-07-03,C,140.15,5
2024-07-04,A,142.30,9
2024-07-05,B,149.49,1
2024-07-06,C,145.08,5
2024-07-07,A,147.66,7
2024-07-08,B,149.90,4
2024-08-09,C,154.88,8
2024-08-10,A,160.03,7
2024-08-11,B,143.12,8
2024-08-12,C,147.18,3
2024-08-13,A,135.88,3
2024-08-14,B,129.10,3
2024-08-15,C,132.99,9
2024-08-16,A,159.11,6
2024-09-17,B,154.25,1
2024-09-18,C,151.63,5
2024-09-19,A,131.19,6
2024-09-20,B,144.17,1
2024-09-21,C,157.13,1
2024-09-22,A,151.16,2
2024-09-23,B,147.44,6
2024-09-24,C,153.61,6
2024-10-25,A,147.21,9
2024-10-26,B,129.43,4
2024-10-27,C,138.01,5
2024-10-28,A,125.65,5
2024-10-01,B,148.56,8
2024-10-02,C,150.29,8
2024-10-03,A,138.07,1
2024-10-04,B,149.29,6
2024-11-05,C,137.36,5
??,A,122.21,9
2024-11-07,B,145.31,8
2024-11-08,C,175.02,8
2024-11-09,A,154.37,7
2024-11-10,B,152.43,3
2024-11-11,C,145.87,4
2024-11-12,A,148.09,8
2024-12-13,B,146.33,4
2024-12-14,C,159.13,1
2024-12-15,A,144.70,3
??,B,150.57,2
2024-12-17,C,155.07,3
2024-12-18,A,157.43,1
2024-12-19,B,164.90,7
2024-12-20,C,154.70,2
2024-01-21,A,158.88,7
2024-01-22,B,148.64,4
2024-01-23,C,155.32,8
2024-01-24,A,146.68,7
2024-01-25,B,147.57,3
2024-01-26,C,146.94,3
2024-01-27,A,146.48,1
2024-01-28,B,128.66,4
2024-02-01,C,126.55,5
2024-02-02,A,142.97,9
2024-02-03,B,159.49,5
2024-02-04,C,140.48,6
2024-02-05,A,165.95,4
2024-02-06,B,132.73,2
2024-02-07,C,150.89,7
2024-02-08,A,157.42,8
2024-03-09,B,145.77,4
2024-03-10,C,154.56,9
2024-03-11,A,137.02,7
2024-03-12,B,138.80,6
2024-03-13,C,151.02,5
2024-03-14,A,144.97,6
2024-03-15,B,148.25,3
2024-03-16,C,165.17,7
2024-04-17,A,159.47,2
2024-04-18,B,152.73,3
2024-04-19,C,146.83,2
2024-04-20,A,159.22,9
2024-04-21,B,156.62,8
2024-04-22,C,153.86,2
2024-04-23,A,143.38,5
2024-04-24,B,151.12,5
2024-05-25,C,143.20,6
2024-05-26,A,150.87,1
TBD,B,164.42,9
pending carrier scan,C,158.26,8
2024-05-01,A,148.88,7
2024-05-02,B,152.41,5
2024-05-03,C,135.61,2
2024-05-04,A,167.45,2
2024-06-05,B,143.42,3
2024-06-06,C,140.16,3
2024-06-07,A,146.58,5
2024-06-08,B,157.65,8
2025-06-09,C,137.91,2
2025-06-10,A,157.93,9
2025-06-11,B,160.68,8
TBD,C,139.48,1
2025-07-13,A,171.87,2
2025-07-14,B,150.93,8
2025-07-15,C,142.43,6
pending carrier scan,A,148.68,7
??,B,139.36,4
pending carrier scan,C,170.02,3
2025-07-19,A,148.31,8
TBD,B,154.13,8
TBD,C,144.36,9
2025-08-22,A,147.63,1
2025-08-23,B,158.28,3
2025-08-24,C,169.14,8
2025-08-25,A,155.70,4
2025-08-26,B,136.55,6
2025-08-27,C,157.52,1
2025-08-28,A,176.31,3
2025-09-01,B,161.89,9
2025-09-02,C,159.42,7
2025-09-03,A,172.07,8
2025-09-04,B,157.95,6
2025-09-05,C,153.13,9
2025-09-06,A,149.52,6
2025-09-07,B,134.81,4
2025-09-08,C,148.44,1
TBD,A,149.14,3
??,B,161.34,7
2025-10-11,C,158.66,8
2025-10-12,A,163.37,4
2025-10-13,B,164.86,4
2025-10-14,C,133.22,6
2025-10-15,A,171.16,1
2025-10-16,B,165.34,6
TBD,C,157.11,2
2025-11-18,A,147.50,6
2025-11-19,B,160.67,6
2025-11-20,C,152.67,4
2025-11-21,A,151.49,6
2025-11-22,B,165.22,7
2025-11-23,C,151.78,5
2025-11-24,A,154.80,7
2025-12-25,B,172.43,7
TBD,C,164.16,7
2025-12-27,A,151.13,2
2025-12-28,B,161.05,5
2025-12-01,C,145.32,9
2025-12-02,A,152.10,1
2025-12-03,B,167.67,7
??,C,158.71,1
pending carrier scan,A,159.06,8
2025-01-06,B,161.15,1
2025-01-07,C,143.54,1
2025-01-08,A,159.23,7
2025-01-09,B,144.07,6
2025-01-10,C,150.95,5
2025-01-11,A,160.00,3
2025-01-12,B,136.66,8
2025-02-13,C,170.20,9
2025-02-14,A,143.56,1
2025-02-15,B,160.73,9
2025-02-16,C,143.99,1
2025-02-17,A,155.81,3
2025-02-18,B,155.89,5
2025-02-19,C,155.28,5
2025-02-20,A,143.41,7
TBD,B,162.68,5
2025-03-22,C,148.98,7
2025-03-23,A,154.59,9
pending carrier scan,B,151.49,8
2025-03-25,C,161.29,7
2025-03-26,A,166.57,2
2025-03-27,B,163.93,9
pending carrier scan,C,164.00,7
2025-04-01,A,144.47,5
2025-04-02,B,156.82,9
2025-04-03,C,155.39,8
2025-04-04,A,166.09,6
2025-04-05,B,150.98,3
TBD,C,168.98,1
2025-04-07,A,159.07,2
2025-04-08,B,157.94,5
2025-05-09,C,147.41,8
2025-05-10,A,157.76,6
2025-05-11,B,147.06,9
2025-05-12,C,154.53,6
2025-05-13,A,160.05,4
2025-05-14,B,160.83,2
2025-05-15,C,172.11,6
2025-05-16,A,146.32,2
2025-06-17,B,170.14,1
TBD,C,148.42,9
2025-06-19,A,133.89,8
2025-06-20,B,156.60,4
2025-06-21,C,151.68,2
2025-06-22,A,146.02,7
2025-06-23,B,158.61,4
2025-06-24,C,144.46,8
