member,birth_date,plan,monthly_fee,visits
Marisol Fairweather,1972-11-16,Plus,20,28
Ingrid Vanterpool,1976-11-18,Plus,20,10
Ingrid Fairweather,1995-07-07,Basic,20,29
Lysander Fairweather,1952-11-16,Basic,20,3
Quintus Kowalczyk,1978-04-04,Pro,20,20
Zelda Abernathy,1955-11-21,Pro,10,15
Lysander Fairweather,1975-05-11,Plus,20,29
Bartholomew Okonkwo-Reyes,1986-04-24,Plus,35,30
Ingrid Abernathy,1945-07-17,Basic,35,9
Philippa Vanterpool,1971-10-02,Basic,35,20
Bartholomew Vanterpool,1965-12-16,Pro,20,15
Octavia Okonkwo-Reyes,1958-10-24,Basic,35,7
Wilhelmina Okonkwo-Reyes,1995-06-03,Pro,10,3
Bartholomew Delacroix,1946-11-16,Plus,20,3
Bartholomew Delacroix,1960-04-18,Pro,10,14
Bartholomew Kowalczyk,1946-11-09,Plus,35,1
Quintus Delacroix,1982-10-28,Basic,10,25
Zelda Abernathy,1968-03-03,Basic,35,19
Bartholomew Delacroix,1947-12-07,Pro,35,29
Zelda Kowalczyk,1943-02-11,Basic,35,20
Ingrid Abernathy,1954-01-04,Basic,10,17
Marisol Vanterpool,1969-06-15,Pro,10,27
Philippa Abernathy,1988-05-12,Basic,10,0
Philippa Abernathy,1994-07-06,Plus,10,3
Marisol Vanterpool,1972-06-20,Basic,10,4
Lysander Abernathy,1993-11-16,Basic,35,23
Bartholomew Abernathy,1998-02-11,Plus,10,16
Ingrid Abernathy,1994-03-13,Basic,20,3
Octavia Vanterpool,1956-04-17,Basic,10,9
Philippa Kowalczyk,1962-11-08,Pro,10,13
Lysander Abernathy,1946-12-12,Plus,20,24
Marisol Vanterpool,1966-09-09,Pro,10,20
Thaddeus Delacroix,1944-11-26,Basic,35,1
Quintus Delacroix,1963-07-04,Plus,35,9
Bartholomew Delacroix,1999-07-18,Pro,10,23
Lysander Vanterpool,1981-01-28,Pro,20,24
Philippa Delacroix,1952-02-13,Basic,20,17
Bartholomew Delacroix,1960-07-14,Basic,35,27
Thaddeus Fairweather,1941-03-14,Pro,35,27
Marisol Abernathy,1997-10-11,Basic,10,21
Marisol Okonkwo-Reyes,1983-01-21,Pro,10,20
Wilhelmina Vanterpool,1948-09-23,Pro,10,10
Lysander Kowalczyk,1995-11-03,Plus,35,8
Octavia Kowalczyk,1971-10-17,Plus,10,9
Wilhelmina Delacroix,1970-10-10,Basic,35,17
Bartholomew Kowalczyk,1995-01-08,Basic,35,13
Philippa Fairweather,1949-11-12,Basic,20,0
Philippa Okonkwo-Reyes,1993-12-03,Plus,35,17
Philippa Fairweather,1983-10-03,Pro,10,23
Philippa Fairweather,1985-11-12,Basic,20,21
Thaddeus Delacroix,1950-03-22,Pro,35,27
Octavia Kowalczyk,1970-11-27,Pro,20,22
Quintus Delacroix,1945-09-12,Plus,35,4
Lysander Kowalczyk,1944-03-22,Plus,10,17
Marisol Kowalczyk,1974-02-11,Pro,10,6
Ingrid Vanterpool,1999-12-04,Basic,35,16
Octavia Kowalczyk,1952-04-25,Pro,35,17
Philippa Abernathy,1979-03-20,Plus,20,26
Thaddeus Delacroix,1983-04-26,Plus,20,28
Zelda Abernathy,1977-08-17,Pro,20,0
Bartholomew Delacroix,1979-08-23,Plus,20,14
Wilhelmina Okonkwo-Reyes,1943-07-03,Plus,20,6
Zelda Delacroix,1949-02-09,Plus,20,16
Thaddeus Vanterpool,1973-09-07,Plus,35,18
Marisol Vanterpool,1977-03-23,Pro,20,4
Philippa Abernathy,1997-01-20,Basic,20,13
Zelda Vanterpool,1975-09-20,Plus,10,0
Thaddeus Okonkwo-Reyes,1944-06-14,Pro,20,25
Bartholomew Abernathy,1984-02-06,Plus,20,5
Marisol Okonkwo-Reyes,1962-10-23,Basic,20,22
Quintus Fairweather,1969-02-17,Basic,35,13
Zelda Delacroix,1966-10-23,Plus,20,27
Philippa Abernathy,1988-12-22,Pro,10,23
Marisol Delacroix,2000-01-08,Pro,35,4
Ingrid Fairweather,1987-06-22,Pro,10,23
Lysander Delacroix,1990-11-12,Plus,20,10
Quintus Fairweather,1956-07-05,Basic,10,13
Octavia Abernathy,1994-03-06,Basic,20,0
Octavia Fairweather,1991-10-27,Pro,20,12
Lysander Delacroix,1991-11-18,Pro,35,27
Philippa Kowalczyk,1970-06-01,Basic,35,27
Wilhelmina Delacroix,1948-02-20,Basic,20,11
Octavia Vanterpool,1971-02-19,Basic,20,11
Philippa Vanterpool,1988-07-09,Plus,35,17
Wilhelmina Kowalczyk,1946-05-20,Pro,10,18
Zelda Abernathy,1966-11-13,Pro,20,30
Wilhelmina Vanterpool,1968-08-04,Pro,35,2
Octavia Vanterpool,1961-05-07,Basic,10,12
Thaddeus Okonkwo-Reyes,1954-01-08,Plus,10,19
Zelda Abernathy,1949-01-19,Plus,10,28
Ingrid Fairweather,1989-05-15,Plus,10,13
Quintus Okonkwo-Reyes,1985-03-10,Pro,20,14
Octavia Fairweather,1985-04-25,Plus,20,23
Quintus Abernathy,1972-03-02,Basic,20,29
Ingrid Okonkwo-Reyes,1943-04-28,Plus,20,17
Bartholomew Kowalczyk,1963-02-06,Pro,10,2
Ingrid Fairweather,1998-04-04,Pro,35,6
Quintus Okonkwo-Reyes,1991-11-07,Pro,20,25
Ingrid Kowalczyk,1960-04-03,Pro,35,24
Lysander Vanterpool,1964-08-11,Pro,35,23
Ingrid Abernathy,1955-05-06,Plus,20,21
Octavia Delacroix,1986-11-15,Pro,20,3
Zelda Delacroix,1987-06-16,Pro,10,9
Wilhelmina Okonkwo-Reyes,1951-07-09,Pro,35,12
Thaddeus Okonkwo-Reyes,1970-07-14,Pro,10,10
Thaddeus Vanterpool,1956-11-23,Plus,20,14
Ingrid Abernathy,1994-01-08,Basic,35,12
Thaddeus Delacroix,1959-09-17,Pro,10,9
Thaddeus Vanterpool,1976-09-15,Basic,10,27
Marisol Fairweather,1949-02-19,Plus,35,12
Ingrid Vanterpool,1969-05-15,Basic,20,21
Wilhelmina Delacroix,1988-02-01,Plus,10,30
Zelda Okonkwo-Reyes,1940-05-01,Plus,35,15
Marisol Abernathy,1946-02-19,Basic,35,26
Zelda Vanterpool,1974-06-03,Plus,20,28
Marisol Vanterpool,1989-02-16,Plus,10,6
Wilhelmina Delacroix,1954-05-14,Plus,35,20
Philippa Delacroix,1942-11-05,Pro,35,3
Philippa Kowalczyk,1966-11-28,Plus,20,1
Thaddeus Abernathy,1962-06-22,Pro,20,12
Quintus Abernathy,1962-04-20,Pro,20,10
Lysander Kowalczyk,1969-09-12,Pro,35,11
Wilhelmina Okonkwo-Reyes,1983-11-06,Plus,35,14
Quintus Okonkwo-Reyes,1998-06-17,Basic,35,12
Wilhelmina Abernathy,1952-09-03,Pro,10,26
Zelda Okonkwo-Reyes,1976-07-20,Basic,10,2
Bartholomew Vanterpool,1980-11-21,Basic,20,13
Thaddeus Kowalczyk,1954-09-23,Plus,20,16
Zelda Delacroix,1998-11-04,Pro,10,12
Lysander Okonkwo-Reyes,1940-07-22,Pro,20,19
Zelda Okonkwo-Reyes,1959-01-12,Basic,20,19
Marisol Delacroix,1969-07-26,Basic,10,15
Philippa Okonkwo-Reyes,1956-07-20,Pro,20,9
Ingrid Delacroix,1983-07-14,Basic,10,4
Octavia Vanterpool,1968-08-15,Pro,20,9
Thaddeus Vanterpool,1999-02-23,Basic,20,28
Zelda Delacroix,1943-08-11,Pro,20,1
Octavia Fairweather,1973-04-24,Pro,20,20
Ingrid Okonkwo-Reyes,1967-02-10,Pro,10,13
Marisol Kowalczyk,1954-04-27,Basic,35,25
Philippa Delacroix,1957-12-16,Basic,10,21
Quintus Fairweather,1943-08-21,Pro,35,13
Bartholomew Delacroix,1992-02-18,Basic,20,10
Zelda Abernathy,1989-08-20,Basic,35,2
Philippa Delacroix,1981-01-01,Basic,20,13
Ingrid Kowalczyk,1969-03-27,Pro,20,21
Octavia Okonkwo-Reyes,1967-06-05,Basic,35,5
Zelda Kowalczyk,1996-10-02,Pro,20,23
Zelda Vanterpool,1947-09-02,Pro,20,27
Ingrid Abernathy,1995-12-18,Plus,10,22
Ingrid Abernathy,1984-04-14,Plus,10,14
Bartholomew Delacroix,1985-03-24,Plus,20,22
Marisol Abernathy,1949-05-04,Pro,20,7
Marisol Abernathy,1968-02-07,Pro,35,22
Philippa Delacroix,1988-11-03,Basic,10,1
Zelda Okonkwo-Reyes,1977-11-03,Basic,35,8
Marisol Vanterpool,1967-01-27,Plus,35,30
Octavia Fairweather,1955-05-19,Basic,20,22
Zelda Delacroix,1982-11-22,Pro,10,14
Marisol Abernathy,1998-07-02,Basic,35,28
Marisol Vanterpool,1974-07-17,Basic,35,15
Thaddeus Vanterpool,1971-07-26,Plus,20,13
Philippa Fairweather,1953-05-14,Pro,10,9
Lysander Fairweather,1999-05-17,Plus,20,15
Octavia Okonkwo-Reyes,1960-12-12,Plus,10,14
Wilhelmina Vanterpool,1982-08-17,Pro,35,25
Philippa Abernathy,1955-11-09,Pro,20,7
Octavia Okonkwo-Reyes,1999-07-14,Plus,20,29
Ingrid Abernathy,1974-08-21,Basic,35,13
Ingrid Fairweather,1954-03-26,Pro,20,16
Ingrid Abernathy,1988-03-10,Plus,10,9
Philippa Okonkwo-Reyes,1974-01-21,Pro,20,4
Zelda Vanterpool,1962-07-11,Pro,35,12
Quintus Delacroix,1987-10-19,Pro,20,6
Octavia Delacroix,1960-06-15,Plus,35,0
Bartholomew Okonkwo-Reyes,1989-08-17,Plus,10,22
Lysander Kowalczyk,1944-09-05,Pro,35,17
Quintus Abernathy,1986-08-17,Plus,20,27
Zelda Abernathy,1966-07-11,Pro,20,11
Bartholomew Vanterpool,1953-08-21,Pro,35,0
Ingrid Vanterpool,1963-09-12,Pro,35,15
Bartholomew Abernathy,1954-07-15,Pro,35,17
Philippa Okonkwo-Reyes,1946-12-19,Pro,10,24
Bartholomew Delacroix,1954-05-22,Pro,20,8
Zelda Fairweather,1973-01-01,Basic,35,19
Octavia Abernathy,1959-05-27,Pro,10,23
Octavia Fairweather,1951-07-03,Basic,10,26
Ingrid Vanterpool,1962-07-03,Plus,35,24
Quintus Abernathy,1984-10-06,Basic,20,19
Lysander Vanterpool,1981-05-08,Pro,10,4
Octavia Vanterpool,1975-09-06,Pro,35,15
Quintus Okonkwo-Reyes,1954-12-07,Pro,20,3
Philippa Fairweather,1995-09-22,Pro,10,22
Octavia Okonkwo-Reyes,1967-02-08,Pro,20,15
Marisol Abernathy,1974-04-06,Plus,20,4
Octavia Kowalczyk,1955-01-24,Pro,10,13
Wilhelmina Delacroix,1953-07-23,Plus,20,12
Zelda Delacroix,1970-04-05,Basic,10,27
Octavia Okonkwo-Reyes,1963-05-14,Plus,20,17
Marisol Abernathy,1948-02-14,Pro,20,26
Bartholomew Okonkwo-Reyes,1998-04-07,Basic,10,4
Philippa Okonkwo-Reyes,1981-12-18,Pro,20,7
Thaddeus Okonkwo-Reyes,1941-04-18,Pro,20,13
Zelda Abernathy,1948-11-25,Basic,10,21
Thaddeus Kowalczyk,1988-09-14,Plus,10,6
Bartholomew Delacroix,1948-06-23,Plus,20,0
Philippa Vanterpool,1942-06-28,Plus,20,5
Quintus Kowalczyk,1988-07-14,Pro,10,0
Marisol Fairweather,1962-04-08,Basic,35,14
Bartholomew Kowalczyk,1948-01-06,Pro,35,17
Ingrid Vanterpool,1966-12-14,Plus,10,5
Wilhelmina Fairweather,1980-04-10,Plus,10,26
Thaddeus Kowalczyk,1998-11-05,Plus,10,26
Bartholomew Fairweather,1959-05-08,Pro,10,16
Octavia Okonkwo-Reyes,1986-09-04,Basic,20,8
Ingrid Vanterpool,1956-03-02,Plus,20,13
Quintus Okonkwo-Reyes,1971-10-23,Plus,35,3
Ingrid Okonkwo-Reyes,1985-11-18,Plus,20,14
Octavia Okonkwo-Reyes,1981-12-14,Basic,20,19
Lysander Vanterpool,1981-04-15,Pro,10,9
Wilhelmina Okonkwo-Reyes,1978-02-18,Pro,10,3
Quintus Kowalczyk,1966-03-23,Pro,20,18
Wilhelmina Delacroix,1958-06-20,Plus,10,3
Quintus Kowalczyk,1999-10-19,Plus,20,17
Philippa Delacroix,1967-03-20,Plus,10,22
Philippa Okonkwo-Reyes,1997-10-17,Plus,20,22
Octavia Vanterpool,1976-07-20,Pro,20,24
Quintus Delacroix,1972-01-14,Pro,35,6
Zelda Kowalczyk,1994-03-19,Plus,10,10
Octavia Abernathy,1974-04-14,Basic,20,4
Octavia Okonkwo-Reyes,1978-11-13,Pro,10,29
Bartholomew Fairweather,1985-01-12,Pro,20,20
Lysander Fairweather,1977-07-12,Plus,35,22
Quintus Okonkwo-Reyes,1976-06-10,Plus,20,15
Marisol Okonkwo-Reyes,1941-04-15,Pro,35,0
Lysander Abernathy,1980-02-03,Pro,35,10
Thaddeus Vanterpool,1975-01-21,Pro,10,3
Wilhelmina Abernathy,1961-05-28,Pro,10,22
Zelda Okonkwo-Reyes,1980-07-16,Basic,20,27
Philippa Delacroix,1945-01-02,Pro,35,14
Ingrid Okonkwo-Reyes,1973-06-12,Basic,35,28
Philippa Fairweather,1957-03-25,Pro,10,12
Thaddeus Delacroix,1989-10-11,Plus,20,14
Quintus Okonkwo-Reyes,1950-06-09,Pro,20,8
Philippa Delacroix,1997-02-19,Plus,20,10
Ingrid Okonkwo-Reyes,1974-02-20,Plus,20,30
Lysander Kowalczyk,1957-10-15,Pro,20,21
Ingrid Vanterpool,1992-11-10,Plus,35,3
Ingrid Kowalczyk,1951-02-09,Pro,10,30
Zelda Fairweather,1965-06-07,Plus,35,0
Ingrid Abernathy,1979-09-01,Basic,35,13
Wilhelmina Vanterpool,1952-08-11,Pro,10,17
Bartholomew Vanterpool,1953-08-27,Plus,10,26
Bartholomew Abernathy,1999-08-12,Basic,35,7
Marisol Delacroix,1988-02-06,Pro,10,10
Quintus Okonkwo-Reyes,1999-09-07,Plus,20,0
Bartholomew Kowalczyk,1990-12-04,Pro,10,19
Ingrid Fairweather,1960-09-20,Plus,10,30
Bartholomew Fairweather,1966-06-26,Pro,20,23
Quintus Abernathy,1983-07-22,Basic,20,2
Wilhelmina Vanterpool,1967-06-12,Basic,35,3
Lysander Kowalczyk,1975-01-06,Plus,20,8
Quintus Delacroix,1944-06-18,Plus,20,16
Quintus Delacroix,1976-07-01,Pro,20,26
Octavia Delacroix,1973-11-17,Pro,20,3
Ingrid Abernathy,1984-04-05,Basic,10,9
Octavia Vanterpool,1942-09-14,Basic,35,29
Ingrid Vanterpool,1955-09-15,Plus,35,0
Thaddeus Okonkwo-Reyes,2000-05-22,Pro,10,28
Marisol Vanterpool,1989-05-05,Pro,20,11
Zelda Okonkwo-Reyes,1963-01-22,Plus,10,24
Octavia Okonkwo-Reyes,1982-07-02,Plus,20,13
Zelda Delacroix,1983-12-26,Basic,20,10
Ingrid Fairweather,1945-04-07,Plus,10,16
Quintus Okonkwo-Reyes,1979-10-05,Basic,10,7
Quintus Okonkwo-Reyes,1962-10-14,Plus,35,2
Lysander Abernathy,1943-12-07,Pro,35,1
Octavia Fairweather,1977-10-01,Plus,20,0
Marisol Delacroix,1977-10-11,Pro,35,15
Quintus Delacroix,1953-06-03,Pro,20,14
Thaddeus Kowalczyk,1999-09-17,Basic,35,15
Thaddeus Vanterpool,1963-08-16,Pro,35,7
Philippa Delacroix,1962-08-21,Basic,35,30
Marisol Abernathy,1958-03-21,Plus,20,5
Ingrid Fairweather,1948-05-26,Plus,35,18
Quintus Abernathy,1946-11-26,Pro,10,24
Thaddeus Delacroix,1943-01-06,Plus,10,21
Octavia Fairweather,1966-01-19,Basic,35,30
Marisol Vanterpool,1948-01-26,Pro,35,29
Wilhelmina Vanterpool,1985-10-15,Pro,20,10
Philippa Kowalczyk,1973-11-23,Pro,20,10
Philippa Kowalczyk,1961-05-08,Pro,20,24
Zelda Vanterpool,1965-04-09,Plus,10,0
Quintus Abernathy,1953-07-18,Pro,10,2
Thaddeus Kowalczyk,1958-07-16,Plus,10,1
Lysander Abernathy,1973-07-09,Basic,10,7
Zelda Fairweather,1981-12-25,Pro,35,21
Thaddeus Vanterpool,1943-03-10,Basic,35,22
Bartholomew Okonkwo-Reyes,1979-04-12,Basic,10,27
Thaddeus Okonkwo-Reyes,1982-11-10,Plus,20,22
