order_date,region,revenue,units,customer_name,email
2024-01-01,West,209.75,5,Florian Kettleby,florian.kettleby54@mailbox.test
2024-01-03,North,152.15,4,Seraphina Quillfeather,seraphina.quillfeather32@mailbox.test
2024-01-06,North,1607.73,36,Henrietta Ashcombe,henrietta.ashcombe55@mailbox.test
2024-01-10,East,856.00,19,Seraphina Marchbanks,seraphina.marchbanks55@mailbox.test
2024-01-11,West,602.32,16,Tamsin Dunleavy,tamsin.dunleavy39@mailbox.test
2024-01-14,South,1287.54,37,Crispin Pettigrew,crispin.pettigrew53@mailbox.test
2024-01-16,South,544.20,14,Crispin Blackmore,crispin.blackmore84@mailbox.test
2024-01-19,South,449.19,12,Florian Holloway,florian.holloway87@mailbox.test
2024-01-22,South,179.14,5,Florian Kettleby,florian.kettleby94@mailbox.test
2024-01-22,North,198.29,5,Evander Holloway,evander.holloway7@mailbox.test
2024-01-26,North,434.61,10,Imogen Thistlewood,imogen.thistlewood18@mailbox.test
2024-01-27,North,1314.34,31,Imogen Thistlewood,imogen.thistlewood82@mailbox.test
2024-01-30,West,756.94,20,Crispin Pettigrew,crispin.pettigrew41@mailbox.test
2024-02-03,East,1311.55,32,Leopold Whitlock,leopold.whitlock13@mailbox.test
2024-02-06,West,36.59,1,Rosalind Rookwood,rosalind.rookwood36@mailbox.test
2024-02-06,North,1486.20,36,Florian Holloway,florian.holloway97@mailbox.test
2024-02-08,South,612.40,16,Wilhelmina Holloway,wilhelmina.holloway74@mailbox.test
2024-02-13,West,1283.78,30,Marigold Rookwood,marigold.rookwood71@mailbox.test
2024-02-13,South,1152.49,31,Marigold Dunleavy,marigold.dunleavy55@mailbox.test
2024-02-18,South,870.61,22,Leopold Holloway,leopold.holloway17@mailbox.test
2024-02-18,East,1737.65,37,Henrietta Kettleby,henrietta.kettleby34@mailbox.test
2024-02-23,East,1063.83,23,Marigold Dunleavy,marigold.dunleavy54@mailbox.test
2024-02-23,West,42.13,1,Thaddeus Thistlewood,thaddeus.thistlewood97@mailbox.test
2024-02-25,West,1627.70,40,Marigold Holloway,marigold.holloway43@mailbox.test
2024-03-01,East,767.71,16,Leopold Whitlock,leopold.whitlock86@mailbox.test
2024-03-01,East,615.19,15,Evander Holloway,evander.holloway53@mailbox.test
2024-03-06,East,222.36,5,Florian Kettleby,florian.kettleby1@mailbox.test
2024-03-07,South,817.54,20,Crispin Blackmore,crispin.blackmore59@mailbox.test
2024-03-11,North,712.02,17,Orla Dunleavy,orla.dunleavy24@mailbox.test
2024-03-12,South,1499.29,36,Lysander Dunleavy,lysander.dunleavy95@mailbox.test
2024-03-15,East,1237.90,30,Florian Rookwood,florian.rookwood51@mailbox.test
2024-03-18,North,1522.92,38,Florian Holloway,florian.holloway63@mailbox.test
2024-03-18,East,1633.96,37,Florian Fairweather,florian.fairweather42@mailbox.test
2024-03-21,North,76.50,2,Henrietta Whitlock,henrietta.whitlock54@mailbox.test
2024-03-25,South,1529.34,39,Crispin Blackmore,crispin.blackmore78@mailbox.test
2024-03-26,East,209.52,5,Leopold Whitlock,leopold.whitlock9@mailbox.test
2024-03-28,East,1033.78,21,Leopold Brambleton,leopold.brambleton92@mailbox.test
2024-03-31,South,405.71,10,Marigold Rookwood,marigold.rookwood82@mailbox.test
2024-04-04,North,1761.70,39,Crispin Pettigrew,crispin.pettigrew79@mailbox.test
2024-04-06,South,1265.51,35,Marigold Ashcombe,marigold.ashcombe84@mailbox.test
2024-04-08,West,194.33,5,Crispin Ashcombe,crispin.ashcombe22@mailbox.test
2024-04-11,West,358.50,9,Ottoline Oakenshaw,ottoline.oakenshaw11@mailbox.test
2024-04-12,North,592.60,13,Rosalind Rookwood,rosalind.rookwood37@mailbox.test
2024-04-15,North,1213.51,32,Crispin Blackmore,crispin.blackmore82@mailbox.test
2024-04-18,West,1090.95,27,Tamsin Fairweather,tamsin.fairweather97@mailbox.test
2024-04-19,West,257.44,6,Tamsin Fairweather,tamsin.fairweather14@mailbox.test
2024-04-21,South,239.57,6,Casimir Vantongeren,casimir.vantongeren91@mailbox.test
2024-04-26,North,786.77,20,Barnaby Vantongeren,barnaby.vantongeren66@mailbox.test
2024-04-27,West,1443.77,40,Wilhelmina Brambleton,wilhelmina.brambleton88@mailbox.test
2024-05-01,South,691.63,19,Imogen Holloway,imogen.holloway65@mailbox.test
2024-05-01,South,419.75,12,Henrietta Ashcombe,henrietta.ashcombe43@mailbox.test
2024-05-04,West,78.05,2,Casimir Vantongeren,casimir.vantongeren20@mailbox.test
2024-05-06,West,1579.53,36,Leopold Whitlock,leopold.whitlock76@mailbox.test
2024-05-09,North,1406.93,34,Ignatius Thistlewood,ignatius.thistlewood58@mailbox.test
2024-05-13,West,331.99,9,Crispin Ashcombe,crispin.ashcombe28@mailbox.test
2024-05-15,South,301.27,8,Henrietta Ashcombe,henrietta.ashcombe36@mailbox.test
2024-05-18,West,924.90,23,Lysander Kettleby,lysander.kettleby62@mailbox.test
2024-05-20,South,739.26,18,Tamsin Fairweather,tamsin.fairweather79@mailbox.test
2024-05-21,South,1246.89,34,Rosalind Ashcombe,rosalind.ashcombe86@mailbox.test
2024-05-25,East,1436.93,33,Marigold Rookwood,marigold.rookwood22@mailbox.test
2024-05-27,East,925.12,19,Ignatius Thistlewood,ignatius.thistlewood75@mailbox.test
2024-05-28,West,579.99,14,Ottoline Brambleton,ottoline.brambleton50@mailbox.test
2024-05-31,West,1336.42,36,Marigold Rookwood,marigold.rookwood96@mailbox.test
2024-06-03,South,412.35,11,Thaddeus Thistlewood,thaddeus.thistlewood95@mailbox.test
2024-06-06,West,410.36,11,Florian Holloway,florian.holloway39@mailbox.test
2024-06-07,North,1304.50,31,Leopold Vantongeren,leopold.vantongeren60@mailbox.test
2024-06-09,West,1430.26,38,Tamsin Vantongeren,tamsin.vantongeren10@mailbox.test
2024-06-14,North,1409.67,33,Wilhelmina Holloway,wilhelmina.holloway82@mailbox.test
2024-06-15,North,1230.76,30,Florian Kettleby,florian.kettleby92@mailbox.test
2024-06-17,North,1327.19,32,Marigold Vantongeren,marigold.vantongeren64@mailbox.test
2024-06-19,West,1370.31,33,Evander Pettigrew,evander.pettigrew17@mailbox.test
2024-06-23,North,1546.66,35,Clementine Whitlock,clementine.whitlock81@mailbox.test
2024-06-24,West,411.00,10,Marigold Dunleavy,marigold.dunleavy71@mailbox.test
2024-06-27,South,1210.15,34,Leopold Holloway,leopold.holloway2@mailbox.test
2024-07-01,North,274.07,6,Clementine Quillfeather,clementine.quillfeather66@mailbox.test
2024-07-01,East,1032.94,23,Rosalind Oakenshaw,rosalind.oakenshaw16@mailbox.test
2024-07-04,East,621.40,15,Ottoline Brambleton,ottoline.brambleton55@mailbox.test
2024-07-06,South,244.08,6,Lysander Kettleby,lysander.kettleby22@mailbox.test
2024-07-08,South,766.41,19,Clementine Whitlock,clementine.whitlock80@mailbox.test
2024-07-12,South,675.59,17,Ignatius Thistlewood,ignatius.thistlewood85@mailbox.test
2024-07-15,West,1252.70,32,Crispin Pettigrew,crispin.pettigrew58@mailbox.test
2024-07-16,North,1029.29,24,Evander Pettigrew,evander.pettigrew64@mailbox.test
2024-07-20,West,1491.25,35,Florian Fairweather,florian.fairweather95@mailbox.test
2024-07-20,East,677.14,15,Leopold Whitlock,leopold.whitlock11@mailbox.test
2024-07-23,North,366.79,8,Seraphina Quillfeather,seraphina.quillfeather27@mailbox.test
2024-07-27,North,753.81,19,Clementine Whitlock,clementine.whitlock87@mailbox.test
2024-07-30,South,604.61,16,Seraphina Vantongeren,seraphina.vantongeren16@mailbox.test
2024-07-30,North,1476.51,33,Florian Kettleby,florian.kettleby61@mailbox.test
2024-08-04,North,44.40,1,Barnaby Marchbanks,barnaby.marchbanks73@mailbox.test
2024-08-06,West,528.80,14,Florian Kettleby,florian.kettleby89@mailbox.test
2024-08-09,South,935.11,24,Casimir Oakenshaw,casimir.oakenshaw30@mailbox.test
2024-08-11,West,1350.28,31,Lysander Kettleby,lysander.kettleby19@mailbox.test
2024-08-11,East,995.29,20,Crispin Blackmore,crispin.blackmore88@mailbox.test
2024-08-15,South,1143.83,30,Marigold Vantongeren,marigold.vantongeren81@mailbox.test
2024-08-16,North,1141.99,25,Henrietta Dunleavy,henrietta.dunleavy14@mailbox.test
2024-08-20,West,946.67,24,Wilhelmina Dunleavy,wilhelmina.dunleavy34@mailbox.test
2024-08-21,West,660.34,16,Rosalind Ashcombe,rosalind.ashcombe9@mailbox.test
2024-08-25,West,113.29,3,Clementine Quillfeather,clementine.quillfeather19@mailbox.test
2024-08-26,South,936.96,27,Seraphina Marchbanks,seraphina.marchbanks57@mailbox.test
2024-08-28,East,96.41,2,Barnaby Vantongeren,barnaby.vantongeren14@mailbox.test
2024-09-02,South,1335.20,34,Seraphina Vantongeren,seraphina.vantongeren79@mailbox.test
2024-09-02,East,1156.43,25,Tamsin Rookwood,tamsin.rookwood11@mailbox.test
2024-09-06,West,736.86,17,Evander Pettigrew,evander.pettigrew32@mailbox.test
2024-09-09,East,721.43,15,Marigold Thistlewood,marigold.thistlewood31@mailbox.test
2024-09-10,West,384.58,9,Imogen Dunleavy,imogen.dunleavy63@mailbox.test
2024-09-13,East,694.67,17,Crispin Ashcombe,crispin.ashcombe36@mailbox.test
2024-09-14,West,42.37,1,Wilhelmina Dunleavy,wilhelmina.dunleavy59@mailbox.test
2024-09-19,East,463.70,10,Ottoline Brambleton,ottoline.brambleton30@mailbox.test
2024-09-21,South,1594.72,39,Casimir Oakenshaw,casimir.oakenshaw35@mailbox.test
2024-09-22,North,127.07,3,Wilhelmina Brambleton,wilhelmina.brambleton83@mailbox.test
2024-09-24,North,1362.50,32,Marigold Dunleavy,marigold.dunleavy40@mailbox.test
2024-09-27,South,657.74,18,Tamsin Fairweather,tamsin.fairweather75@mailbox.test
2024-09-30,East,533.45,11,Crispin Kettleby,crispin.kettleby7@mailbox.test
2024-10-02,West,1417.23,38,Ignatius Thistlewood,ignatius.thistlewood31@mailbox.test
2024-10-04,East,129.51,3,Marigold Ashcombe,marigold.ashcombe18@mailbox.test
2024-10-08,North,994.65,22,Clementine Quillfeather,clementine.quillfeather28@mailbox.test
2024-10-10,North,810.03,21,Henrietta Ashcombe,henrietta.ashcombe68@mailbox.test
2024-10-13,East,583.30,14,Imogen Thistlewood,imogen.thistlewood77@mailbox.test
2024-10-14,East,587.72,14,Florian Fairweather,florian.fairweather18@mailbox.test
2024-10-16,South,38.01,1,Marigold Holloway,marigold.holloway46@mailbox.test
2024-10-21,South,1070.92,30,Leopold Whitlock,leopold.whitlock52@mailbox.test
2024-10-22,South,1070.96,29,Leopold Whitlock,leopold.whitlock46@mailbox.test
2024-10-24,North,517.55,13,Crispin Ashcombe,crispin.ashcombe31@mailbox.test
2024-10-27,East,1276.64,28,Perpetua Fairweather,perpetua.fairweather35@mailbox.test
2024-10-29,North,1009.13,23,Crispin Kettleby,crispin.kettleby13@mailbox.test
2024-11-02,South,933.23,24,Casimir Oakenshaw,casimir.oakenshaw78@mailbox.test
2024-11-04,North,1028.00,26,Florian Fairweather,florian.fairweather99@mailbox.test
2024-11-05,East,1281.55,29,Crispin Ashcombe,crispin.ashcombe83@mailbox.test
2024-11-09,South,670.38,19,Marigold Holloway,marigold.holloway11@mailbox.test
2024-11-11,North,1277.48,28,Imogen Holloway,imogen.holloway87@mailbox.test
2024-11-14,West,903.12,22,Tamsin Rookwood,tamsin.rookwood59@mailbox.test
2024-11-14,West,780.77,20,Imogen Thistlewood,imogen.thistlewood3@mailbox.test
2024-11-17,South,257.56,7,Rosalind Ashcombe,rosalind.ashcombe58@mailbox.test
2024-11-20,West,171.61,4,Perpetua Whitlock,perpetua.whitlock8@mailbox.test
2024-11-22,East,922.69,22,Marigold Dunleavy,marigold.dunleavy23@mailbox.test
2024-11-24,South,863.53,23,Seraphina Quillfeather,seraphina.quillfeather51@mailbox.test
2024-11-26,West,892.96,21,Wilhelmina Brambleton,wilhelmina.brambleton4@mailbox.test
2024-11-30,West,951.61,24,Lysander Rookwood,lysander.rookwood54@mailbox.test
2024-12-02,South,1012.60,28,Seraphina Quillfeather,seraphina.quillfeather63@mailbox.test
2024-12-06,West,659.43,15,Ignatius Thistlewood,ignatius.thistlewood35@mailbox.test
2024-12-06,East,1414.89,30,Wilhelmina Holloway,wilhelmina.holloway36@mailbox.test
2024-12-11,North,1294.77,32,Wilhelmina Vantongeren,wilhelmina.vantongeren12@mailbox.test
2024-12-11,South,1259.79,35,Seraphina Vantongeren,seraphina.vantongeren22@mailbox.test
2024-12-15,West,109.86,3,Casimir Vantongeren,casimir.vantongeren74@mailbox.test
2024-12-18,West,1443.00,35,Evander Holloway,evander.holloway16@mailbox.test
2024-12-18,North,1641.23,38,Leopold Holloway,leopold.holloway30@mailbox.test
2024-12-22,East,538.15,12,Marigold Holloway,marigold.holloway27@mailbox.test
2024-12-23,East,576.03,14,Imogen Thistlewood,imogen.thistlewood61@mailbox.test
2024-12-28,West,985.11,27,Seraphina Quillfeather,seraphina.quillfeather37@mailbox.test
2024-12-29,East,1041.54,23,Lysander Dunleavy,lysander.dunleavy29@mailbox.test
2024-12-31,South,501.49,12,Barnaby Pettigrew,barnaby.pettigrew25@mailbox.test
2025-01-03,South,492.93,12,Henrietta Dunleavy,henrietta.dunleavy8@mailbox.test
2025-01-05,East,249.80,5,Perpetua Whitlock,perpetua.whitlock53@mailbox.test
2025-01-07,North,499.78,11,Ignatius Thistlewood,ignatius.thistlewood86@mailbox.test
2025-01-10,West,83.25,2,Imogen Dunleavy,imogen.dunleavy76@mailbox.test
2025-01-12,South,211.23,5,Lysander Dunleavy,lysander.dunleavy75@mailbox.test
2025-01-16,West,1391.78,32,Marigold Dunleavy,marigold.dunleavy88@mailbox.test
2025-01-19,North,1636.28,37,Casimir Vantongeren,casimir.vantongeren39@mailbox.test
2025-01-21,West,1295.47,28,Clementine Quillfeather,clementine.quillfeather20@mailbox.test
2025-01-22,West,1423.85,31,Florian Rookwood,florian.rookwood38@mailbox.test
2025-01-26,South,328.25,8,Florian Holloway,florian.holloway36@mailbox.test
2025-01-28,North,1791.73,39,Ottoline Brambleton,ottoline.brambleton68@mailbox.test
2025-01-30,East,1450.69,26,Marigold Ashcombe,marigold.ashcombe30@mailbox.test
2025-02-02,West,1097.67,22,Marigold Dunleavy,marigold.dunleavy83@mailbox.test
2025-02-05,West,1968.07,39,Tamsin Vantongeren,tamsin.vantongeren88@mailbox.test
2025-02-05,North,1726.79,34,Barnaby Pettigrew,barnaby.pettigrew12@mailbox.test
2025-02-09,East,1304.43,26,Florian Fairweather,florian.fairweather36@mailbox.test
2025-02-11,North,374.87,8,Seraphina Quillfeather,seraphina.quillfeather28@mailbox.test
2025-02-12,West,706.54,17,Imogen Dunleavy,imogen.dunleavy49@mailbox.test
2025-02-17,East,611.80,11,Florian Kettleby,florian.kettleby44@mailbox.test
2025-02-17,North,558.37,11,Tamsin Fairweather,tamsin.fairweather36@mailbox.test
2025-02-21,East,870.17,16,Imogen Holloway,imogen.holloway51@mailbox.test
2025-02-23,North,1396.94,27,Crispin Ashcombe,crispin.ashcombe1@mailbox.test
2025-02-24,South,1233.66,30,Orla Vantongeren,orla.vantongeren68@mailbox.test
2025-02-28,South,1810.35,38,Lysander Rookwood,lysander.rookwood32@mailbox.test
2025-03-01,West,927.26,21,Clementine Quillfeather,clementine.quillfeather30@mailbox.test
2025-03-04,West,93.73,2,Rosalind Ashcombe,rosalind.ashcombe26@mailbox.test
2025-03-07,North,420.30,9,Florian Fairweather,florian.fairweather88@mailbox.test
2025-03-10,East,1182.93,25,Florian Fairweather,florian.fairweather65@mailbox.test
2025-03-12,South,1663.84,38,Imogen Thistlewood,imogen.thistlewood12@mailbox.test
2025-03-16,West,438.80,9,Thaddeus Thistlewood,thaddeus.thistlewood76@mailbox.test
2025-03-17,West,1645.98,35,Henrietta Kettleby,henrietta.kettleby80@mailbox.test
2025-03-18,West,317.04,7,Marigold Dunleavy,marigold.dunleavy41@mailbox.test
2025-03-21,South,578.02,14,Clementine Whitlock,clementine.whitlock21@mailbox.test
2025-03-24,South,1773.51,40,Rosalind Ashcombe,rosalind.ashcombe94@mailbox.test
2025-03-28,West,1285.67,27,Imogen Holloway,imogen.holloway88@mailbox.test
2025-03-29,East,1959.15,35,Tamsin Dunleavy,tamsin.dunleavy68@mailbox.test
2025-03-31,South,1650.25,37,Ottoline Oakenshaw,ottoline.oakenshaw21@mailbox.test
2025-04-03,South,825.49,20,Barnaby Pettigrew,barnaby.pettigrew45@mailbox.test
2025-04-05,West,639.15,15,Henrietta Ashcombe,henrietta.ashcombe98@mailbox.test
2025-04-07,North,1624.21,35,Lysander Dunleavy,lysander.dunleavy39@mailbox.test
2025-04-10,North,1155.97,24,Clementine Whitlock,clementine.whitlock49@mailbox.test
2025-04-14,North,821.14,16,Seraphina Marchbanks,seraphina.marchbanks74@mailbox.test
2025-04-16,South,1483.04,34,Wilhelmina Holloway,wilhelmina.holloway13@mailbox.test
2025-04-19,West,402.80,9,Wilhelmina Brambleton,wilhelmina.brambleton9@mailbox.test
2025-04-19,East,2070.40,40,Evander Holloway,evander.holloway92@mailbox.test
2025-04-22,East,683.77,13,Rosalind Rookwood,rosalind.rookwood18@mailbox.test
2025-04-25,West,1001.66,24,Marigold Thistlewood,marigold.thistlewood89@mailbox.test
2025-04-26,East,1085.27,19,Crispin Pettigrew,crispin.pettigrew46@mailbox.test
2025-04-29,North,2004.96,38,Crispin Ashcombe,crispin.ashcombe66@mailbox.test
2025-05-02,South,428.36,9,Henrietta Kettleby,henrietta.kettleby4@mailbox.test
2025-05-05,East,1313.46,25,Wilhelmina Holloway,wilhelmina.holloway10@mailbox.test
2025-05-08,North,212.41,4,Marigold Rookwood,marigold.rookwood39@mailbox.test
2025-05-09,East,1342.90,27,Marigold Thistlewood,marigold.thistlewood43@mailbox.test
2025-05-13,East,677.42,14,Henrietta Dunleavy,henrietta.dunleavy17@mailbox.test
2025-05-13,South,1343.61,32,Barnaby Vantongeren,barnaby.vantongeren73@mailbox.test
2025-05-16,North,1186.09,25,Crispin Blackmore,crispin.blackmore73@mailbox.test
2025-05-20,South,1259.54,26,Marigold Holloway,marigold.holloway35@mailbox.test
2025-05-23,South,1598.41,34,Tamsin Fairweather,tamsin.fairweather47@mailbox.test
2025-05-23,West,516.70,11,Rosalind Oakenshaw,rosalind.oakenshaw57@mailbox.test
2025-05-28,North,1122.14,25,Barnaby Vantongeren,barnaby.vantongeren4@mailbox.test
2025-05-30,East,475.14,9,Florian Kettleby,florian.kettleby55@mailbox.test
2025-05-30,South,816.33,19,Leopold Whitlock,leopold.whitlock57@mailbox.test
2025-06-03,South,290.17,6,Orla Vantongeren,orla.vantongeren3@mailbox.test
2025-06-04,South,189.60,4,Seraphina Quillfeather,seraphina.quillfeather1@mailbox.test
2025-06-07,East,1777.07,33,Rosalind Oakenshaw,rosalind.oakenshaw60@mailbox.test
2025-06-09,North,749.13,15,Leopold Vantongeren,leopold.vantongeren58@mailbox.test
2025-06-14,West,630.26,14,Leopold Holloway,leopold.holloway56@mailbox.test
2025-06-15,West,49.66,1,Lysander Kettleby,lysander.kettleby40@mailbox.test
2025-06-16,East,167.10,3,Perpetua Whitlock,perpetua.whitlock75@mailbox.test
2025-06-19,West,46.14,1,Evander Holloway,evander.holloway47@mailbox.test
2025-06-23,North,1314.48,25,Clementine Quillfeather,clementine.quillfeather68@mailbox.test
2025-06-25,West,260.07,6,Lysander Dunleavy,lysander.dunleavy87@mailbox.test
2025-06-28,South,371.40,8,Wilhelmina Brambleton,wilhelmina.brambleton70@mailbox.test
2025-07-01,South,1468.86,36,Imogen Holloway,imogen.holloway87@mailbox.test
2025-07-03,North,424.86,9,Clementine Quillfeather,clementine.quillfeather86@mailbox.test
2025-07-03,East,1674.33,33,Crispin Kettleby,crispin.kettleby52@mailbox.test
2025-07-08,East,1824.00,38,Florian Kettleby,florian.kettleby70@mailbox.test
2025-07-10,South,382.99,8,Leopold Brambleton,leopold.brambleton65@mailbox.test
2025-07-13,South,707.52,15,Wilhelmina Dunleavy,wilhelmina.dunleavy43@mailbox.test
2025-07-15,North,541.83,12,Crispin Kettleby,crispin.kettleby42@mailbox.test
2025-07-18,South,1021.45,25,Florian Rookwood,florian.rookwood74@mailbox.test
2025-07-18,South,670.14,16,Lysander Dunleavy,lysander.dunleavy57@mailbox.test
2025-07-21,East,600.27,11,Crispin Pettigrew,crispin.pettigrew83@mailbox.test
2025-07-25,West,1760.36,36,Crispin Pettigrew,crispin.pettigrew44@mailbox.test
2025-07-26,South,475.67,10,Florian Fairweather,florian.fairweather97@mailbox.test
2025-07-29,South,336.42,8,Seraphina Marchbanks,seraphina.marchbanks16@mailbox.test
2025-07-31,West,545.99,13,Evander Pettigrew,evander.pettigrew77@mailbox.test
2025-08-02,North,1369.30,28,Leopold Holloway,leopold.holloway70@mailbox.test
2025-08-06,East,48.62,1,Florian Holloway,florian.holloway19@mailbox.test
2025-08-07,West,1666.99,37,Leopold Whitlock,leopold.whitlock44@mailbox.test
2025-08-09,South,286.65,6,Leopold Holloway,leopold.holloway47@mailbox.test
2025-08-12,East,2046.97,39,Thaddeus Thistlewood,thaddeus.thistlewood41@mailbox.test
2025-08-14,East,1971.43,37,Tamsin Rookwood,tamsin.rookwood50@mailbox.test
2025-08-18,West,1424.70,29,Orla Dunleavy,orla.dunleavy52@mailbox.test
2025-08-21,South,218.24,5,Imogen Thistlewood,imogen.thistlewood16@mailbox.test
2025-08-21,North,48.31,1,Florian Kettleby,florian.kettleby87@mailbox.test
2025-08-26,North,1334.15,28,Florian Rookwood,florian.rookwood2@mailbox.test
2025-08-26,East,1669.15,35,Tamsin Rookwood,tamsin.rookwood85@mailbox.test
2025-08-30,East,553.53,11,Rosalind Oakenshaw,rosalind.oakenshaw52@mailbox.test
2025-09-02,North,1400.02,30,Tamsin Vantongeren,tamsin.vantongeren68@mailbox.test
2025-09-02,South,335.51,7,Wilhelmina Holloway,wilhelmina.holloway57@mailbox.test
2025-09-05,North,618.20,14,Tamsin Dunleavy,tamsin.dunleavy61@mailbox.test
2025-09-09,West,320.88,7,Henrietta Kettleby,henrietta.kettleby70@mailbox.test
2025-09-11,West,1272.27,29,Wilhelmina Vantongeren,wilhelmina.vantongeren29@mailbox.test
2025-09-14,North,484.43,11,Imogen Holloway,imogen.holloway91@mailbox.test
2025-09-14,East,285.10,6,Perpetua Fairweather,perpetua.fairweather71@mailbox.test
2025-09-17,North,1296.99,25,Florian Fairweather,florian.fairweather40@mailbox.test
2025-09-21,North,1637.53,32,Orla Dunleavy,orla.dunleavy73@mailbox.test
2025-09-24,West,1754.90,40,Marigold Vantongeren,marigold.vantongeren44@mailbox.test
2025-09-24,East,107.50,2,Marigold Thistlewood,marigold.thistlewood91@mailbox.test
2025-09-28,North,776.96,16,Leopold Brambleton,leopold.brambleton32@mailbox.test
2025-10-01,South,165.17,4,Crispin Ashcombe,crispin.ashcombe75@mailbox.test
2025-10-01,East,1448.38,27,Lysander Rookwood,lysander.rookwood41@mailbox.test
2025-10-06,North,179.42,4,Evander Pettigrew,evander.pettigrew36@mailbox.test
2025-10-07,North,1498.10,30,Casimir Vantongeren,casimir.vantongeren70@mailbox.test
2025-10-11,North,1579.23,31,Clementine Quillfeather,clementine.quillfeather98@mailbox.test
2025-10-12,East,1666.73,31,Barnaby Vantongeren,barnaby.vantongeren36@mailbox.test
2025-10-15,North,1735.73,35,Seraphina Marchbanks,seraphina.marchbanks44@mailbox.test
2025-10-16,North,1498.28,31,Florian Rookwood,florian.rookwood85@mailbox.test
2025-10-20,South,1298.00,30,Imogen Thistlewood,imogen.thistlewood5@mailbox.test
2025-10-21,South,1170.64,25,Perpetua Fairweather,perpetua.fairweather95@mailbox.test
2025-10-25,East,1288.16,26,Orla Vantongeren,orla.vantongeren81@mailbox.test
2025-10-26,East,1132.41,24,Tamsin Rookwood,tamsin.rookwood36@mailbox.test
2025-10-28,South,561.41,12,Marigold Dunleavy,marigold.dunleavy71@mailbox.test
2025-11-02,North,608.68,13,Lysander Rookwood,lysander.rookwood27@mailbox.test
2025-11-04,West,1054.74,23,Tamsin Fairweather,tamsin.fairweather47@mailbox.test
2025-11-07,East,1781.10,37,Leopold Vantongeren,leopold.vantongeren18@mailbox.test
2025-11-08,East,2095.43,39,Marigold Thistlewood,marigold.thistlewood90@mailbox.test
2025-11-10,North,1546.17,30,Barnaby Marchbanks,barnaby.marchbanks32@mailbox.test
2025-11-12,North,1791.44,39,Leopold Brambleton,leopold.brambleton92@mailbox.test
2025-11-14,South,1167.64,25,Seraphina Marchbanks,seraphina.marchbanks97@mailbox.test
2025-11-19,West,2023.87,40,Wilhelmina Dunleavy,wilhelmina.dunleavy69@mailbox.test
2025-11-20,North,1558.71,31,Tamsin Rookwood,tamsin.rookwood93@mailbox.test
2025-11-24,West,1237.30,29,Seraphina Marchbanks,seraphina.marchbanks43@mailbox.test
2025-11-24,East,1387.70,29,Marigold Dunleavy,marigold.dunleavy12@mailbox.test
2025-11-26,East,745.68,14,Crispin Pettigrew,crispin.pettigrew71@mailbox.test
2025-11-30,East,1724.06,35,Crispin Blackmore,crispin.blackmore54@mailbox.test
2025-12-03,West,877.15,21,Florian Fairweather,florian.fairweather23@mailbox.test
2025-12-06,West,50.09,1,Imogen Dunleavy,imogen.dunleavy3@mailbox.test
2025-12-07,South,1708.68,36,Perpetua Fairweather,perpetua.fairweather49@mailbox.test
2025-12-11,East,452.80,9,Tamsin Fairweather,tamsin.fairweather68@mailbox.test
2025-12-11,East,944.09,17,Perpetua Whitlock,perpetua.whitlock48@mailbox.test
2025-12-15,North,150.05,3,Marigold Vantongeren,marigold.vantongeren2@mailbox.test
2025-12-16,West,1896.26,40,Crispin Ashcombe,crispin.ashcombe69@mailbox.test
2025-12-20,West,401.39,8,Thaddeus Thistlewood,thaddeus.thistlewood26@mailbox.test
2025-12-23,South,791.16,17,Casimir Oakenshaw,casimir.oakenshaw83@mailbox.test
2025-12-24,East,1947.81,35,Tamsin Rookwood,tamsin.rookwood91@mailbox.test
2025-12-28,South,1624.15,39,Wilhelmina Holloway,wilhelmina.holloway83@mailbox.test
2025-12-30,North,1676.47,33,Evander Holloway,evander.holloway93@mailbox.test
