order_date,region,amount,customer,notes
2022-01-01,South,50.00,Tomasz Nowak,LEFT VOICEMAIL
2022-01-02,North,63.00,Marco Bellini,-
2022-01-03,South,76.00,Marco Bellini,-
2022-01-04,South,89.00,Priya Raman,Call Back
2022-01-05,North,102.00,Dana Whitfield,  call   back 
2022-01-06,South,115.00,Marco Bellini,left voicemail
2022-01-07,North,128.00,Dana Whitfield,call back
2022-01-08,North,141.00,Marco Bellini,call back
2022-01-09,South,154.00,Priya Raman,call back
2022-01-10,North,167.00,Marco Bellini,LEFT VOICEMAIL
2022-01-11,South,180.00,Dana Whitfield,
2022-01-12,South,193.00,Priya Raman,Call Back
2022-01-13,North,206.00,Priya Raman,left voicemail
2022-01-14,North,219.00,Priya Raman,2024-03-05
2022-01-15,North,232.00,Dana Whitfield,call back
2022-01-16,North,245.00,Priya Raman,left voicemail
2022-01-17,North,258.00,Dana Whitfield,left voicemail
2022-01-18,North,271.00,Marco Bellini,call back
2022-01-19,South,284.00,Tomasz Nowak,call back
2022-01-20,South,297.00,Dana Whitfield,left voicemail
2022-01-21,South,310.00,Priya Raman,N/A
2022-01-22,South,323.00,Priya Raman,Call Back
2022-01-23,South,336.00,Dana Whitfield,call back
2022-01-24,North,349.00,Dana Whitfield,  call   back 
2022-01-25,North,362.00,Tomasz Nowak,call back
2022-01-26,North,375.00,Marco Bellini,LEFT VOICEMAIL
2022-01-27,North,388.00,Marco Bellini,LEFT VOICEMAIL
2022-01-28,South,401.00,Dana Whitfield,left voicemail
2022-01-29,South,414.00,Marco Bellini,left voicemail
2022-01-30,South,427.00,Priya Raman,call back
2022-01-31,North,440.00,Marco Bellini,call back
2022-02-01,North,53.00,Dana Whitfield,left voicemail
2022-02-02,North,66.00,Tomasz Nowak,  call   back 
2022-02-03,North,79.00,Priya Raman,
2022-02-04,South,92.00,Dana Whitfield,
2022-02-05,North,105.00,Marco Bellini,Call Back
2022-02-06,North,118.00,Priya Raman,N/A
2022-02-07,South,131.00,Marco Bellini,2024-03-05
2022-02-08,North,144.00,Tomasz Nowak,LEFT VOICEMAIL
2022-02-09,North,157.00,Priya Raman,  call   back 
2022-02-10,North,170.00,Marco Bellini,N/A
2022-02-11,North,183.00,Tomasz Nowak,  call   back 
2022-02-12,North,196.00,Tomasz Nowak,LEFT VOICEMAIL
2022-02-13,North,209.00,Dana Whitfield,call back
2022-02-14,South,222.00,Marco Bellini,call back
2022-02-15,South,235.00,Tomasz Nowak,left voicemail
2022-02-16,South,248.00,Marco Bellini,LEFT VOICEMAIL
2022-02-17,North,261.00,Marco Bellini,Call Back
2022-02-18,North,274.00,Priya Raman,LEFT VOICEMAIL
2022-02-19,North,287.00,Dana Whitfield,N/A
2022-02-20,South,300.00,Tomasz Nowak,Call Back
2022-02-21,North,313.00,Dana Whitfield,LEFT VOICEMAIL
2022-02-22,North,326.00,Priya Raman,call back
2022-02-23,North,339.00,Dana Whitfield,2024-03-05
2022-02-24,North,352.00,Tomasz Nowak,2024-03-05
2022-02-25,North,365.00,Dana Whitfield,2024-03-05
2022-02-26,South,378.00,Priya Raman,call back
2022-02-27,North,391.00,Dana Whitfield,
2022-02-28,South,404.00,Dana Whitfield,Call Back
2022-03-01,South,417.00,Marco Bellini,
2022-03-02,North,430.00,Tomasz Nowak,Call Back
2022-03-03,South,443.00,Dana Whitfield,-
2022-03-04,South,56.00,Priya Raman,  call   back 
2022-03-05,South,69.00,Dana Whitfield,Call Back
2022-03-06,North,82.00,Tomasz Nowak,left voicemail
2022-03-07,South,95.00,Tomasz Nowak,call back
2022-03-08,North,108.00,Dana Whitfield,call back
2022-03-09,North,121.00,Priya Raman,Call Back
2022-03-10,South,134.00,Tomasz Nowak,left voicemail
2022-03-11,South,147.00,Tomasz Nowak,LEFT VOICEMAIL
2022-03-12,North,160.00,Dana Whitfield,-
2022-03-13,North,173.00,Tomasz Nowak,
2022-03-14,North,186.00,Dana Whitfield,call back
2022-03-15,South,199.00,Priya Raman,LEFT VOICEMAIL
2022-03-16,South,212.00,Priya Raman,call back
2022-03-17,North,225.00,Marco Bellini,  call   back 
2022-03-18,South,238.00,Tomasz Nowak,2024-03-05
2022-03-19,South,251.00,Tomasz Nowak,N/A
2022-03-20,North,264.00,Tomasz Nowak,
2022-03-21,North,277.00,Tomasz Nowak,N/A
2022-03-22,South,290.00,Marco Bellini,N/A
2022-03-23,North,303.00,Tomasz Nowak,  call   back 
2022-03-24,North,316.00,Dana Whitfield,2024-03-05
2022-03-25,North,329.00,Dana Whitfield,
2022-03-26,South,342.00,Priya Raman,LEFT VOICEMAIL
2022-03-27,South,355.00,Tomasz Nowak,N/A
2022-03-28,South,368.00,Priya Raman,-
2022-03-29,South,381.00,Dana Whitfield,LEFT VOICEMAIL
2022-03-30,South,394.00,Dana Whitfield,call back
2022-03-31,South,407.00,Priya Raman,
2022-04-01,North,420.00,Tomasz Nowak,call back
2022-04-02,North,433.00,Dana Whitfield,LEFT VOICEMAIL
2022-04-03,North,446.00,Marco Bellini,
2022-04-04,North,59.00,Tomasz Nowak,call back
2022-04-05,South,72.00,Dana Whitfield,Call Back
2022-04-06,North,85.00,Tomasz Nowak,N/A
2022-04-07,North,98.00,Dana Whitfield,
2022-04-08,North,111.00,Marco Bellini,LEFT VOICEMAIL
2022-04-09,South,124.00,Priya Raman,N/A
2022-04-10,North,137.00,Tomasz Nowak,-
2022-04-11,North,150.00,Tomasz Nowak,N/A
2022-04-12,North,163.00,Tomasz Nowak,left voicemail
2022-04-13,North,176.00,Dana Whitfield,LEFT VOICEMAIL
2022-04-14,South,189.00,Tomasz Nowak,left voicemail
2022-04-15,North,202.00,Dana Whitfield,2024-03-05
2022-04-16,North,215.00,Marco Bellini,Call Back
2022-04-17,North,228.00,Priya Raman,left voicemail
2022-04-18,South,241.00,Priya Raman,-
2022-04-19,South,254.00,Dana Whitfield,call back
2022-04-20,South,267.00,Priya Raman,call back
2022-04-21,South,280.00,Priya Raman,-
2022-04-22,North,293.00,Marco Bellini,LEFT VOICEMAIL
2022-04-23,South,306.00,Dana Whitfield,Call Back
2022-04-24,South,319.00,Marco Bellini,  call   back 
2022-04-25,North,332.00,Tomasz Nowak,LEFT VOICEMAIL
2022-04-26,North,345.00,Marco Bellini,LEFT VOICEMAIL
2022-04-27,South,358.00,Marco Bellini,LEFT VOICEMAIL
2022-04-28,South,371.00,Priya Raman,-
2022-04-29,North,384.00,Priya Raman,left voicemail
2022-04-30,South,397.00,Tomasz Nowak,  call   back 
2022-05-01,South,410.00,Dana Whitfield,N/A
2022-05-02,North,423.00,Tomasz Nowak,-
2022-05-03,North,436.00,Tomasz Nowak,call back
2022-05-04,North,449.00,Tomasz Nowak,-
2022-05-05,North,62.00,Dana Whitfield,Call Back
2022-05-06,South,75.00,Tomasz Nowak,-
2022-05-07,South,88.00,Marco Bellini,left voicemail
2022-05-08,South,101.00,Marco Bellini,LEFT VOICEMAIL
2022-05-09,South,114.00,Tomasz Nowak,2024-03-05
2022-05-10,South,127.00,Dana Whitfield,-
2022-05-11,South,140.00,Dana Whitfield,N/A
2022-05-12,North,153.00,Dana Whitfield,
2022-05-13,North,166.00,Marco Bellini,call back
2022-05-14,North,179.00,Priya Raman,N/A
2022-05-15,South,192.00,Marco Bellini,2024-03-05
2022-05-16,North,205.00,Tomasz Nowak,LEFT VOICEMAIL
2022-05-17,South,218.00,Marco Bellini,Call Back
2022-05-18,South,231.00,Dana Whitfield,-
2022-05-19,South,244.00,Marco Bellini,left voicemail
2022-05-20,North,257.00,Marco Bellini,-
2022-05-21,North,270.00,Marco Bellini,-
2022-05-22,South,283.00,Marco Bellini,N/A
2022-05-23,South,296.00,Marco Bellini,2024-03-05
2022-05-24,North,309.00,Dana Whitfield,N/A
2022-05-25,North,322.00,Marco Bellini,  call   back 
2022-05-26,South,335.00,Tomasz Nowak,Call Back
2022-05-27,South,348.00,Tomasz Nowak,Call Back
2022-05-28,North,361.00,Marco Bellini,-
2022-05-29,North,374.00,Dana Whitfield,left voicemail
2022-05-30,South,387.00,Priya Raman,N/A
2022-05-31,South,400.00,Marco Bellini,Call Back
2022-06-01,South,413.00,Dana Whitfield,Call Back
2022-06-02,North,426.00,Tomasz Nowak,call back
2022-06-03,North,439.00,Marco Bellini,  call   back 
2022-06-04,North,52.00,Marco Bellini,Call Back
2022-06-05,South,65.00,Dana Whitfield,  call   back 
2022-06-06,North,78.00,Tomasz Nowak,call back
2022-06-07,North,91.00,Priya Raman,Call Back
2022-06-08,South,104.00,Tomasz Nowak,left voicemail
2022-06-09,South,117.00,Tomasz Nowak,-
2022-06-10,South,130.00,Dana Whitfield,N/A
2022-06-11,North,143.00,Marco Bellini,call back
2022-06-12,South,156.00,Priya Raman,left voicemail
2022-06-13,South,169.00,Marco Bellini,2024-03-05
2022-06-14,North,182.00,Dana Whitfield,  call   back 
2022-06-15,North,195.00,Tomasz Nowak,2024-03-05
2022-06-16,South,208.00,Priya Raman,N/A
2022-06-17,North,221.00,Marco Bellini,
2022-06-18,North,234.00,Priya Raman,left voicemail
2022-06-19,South,247.00,Tomasz Nowak,-
2022-06-20,South,260.00,Marco Bellini,  call   back 
2022-06-21,North,273.00,Priya Raman,  call   back 
2022-06-22,South,286.00,Dana Whitfield,
2022-06-23,South,299.00,Dana Whitfield,call back
2022-06-24,South,312.00,Priya Raman,N/A
2022-06-25,North,325.00,Tomasz Nowak,2024-03-05
2022-06-26,North,338.00,Tomasz Nowak,  call   back 
2022-06-27,South,351.00,Marco Bellini,-
2022-06-28,South,364.00,Dana Whitfield,Call Back
2022-06-29,North,377.00,Marco Bellini,Call Back
2022-06-30,South,390.00,Tomasz Nowak,
2022-07-01,North,403.00,Marco Bellini,-
2022-07-02,North,416.00,Dana Whitfield,left voicemail
2022-07-03,South,429.00,Priya Raman,
2022-07-04,South,442.00,Dana Whitfield,2024-03-05
2022-07-05,North,55.00,Dana Whitfield,LEFT VOICEMAIL
2022-07-06,North,68.00,Tomasz Nowak,left voicemail
2022-07-07,North,81.00,Tomasz Nowak,LEFT VOICEMAIL
2022-07-08,North,94.00,Tomasz Nowak,-
2022-07-09,South,107.00,Priya Raman,LEFT VOICEMAIL
2022-07-10,South,120.00,Priya Raman,-
2022-07-11,South,133.00,Tomasz Nowak,2024-03-05
2022-07-12,South,146.00,Priya Raman,
2022-07-13,North,159.00,Marco Bellini,call back
2022-07-14,North,172.00,Tomasz Nowak,call back
2022-07-15,North,185.00,Priya Raman,left voicemail
2022-07-16,North,198.00,Priya Raman,left voicemail
2022-07-17,North,211.00,Tomasz Nowak,Call Back
2022-07-18,South,224.00,Marco Bellini,LEFT VOICEMAIL
2022-07-19,North,237.00,Tomasz Nowak,call back
2022-07-20,North,250.00,Dana Whitfield,  call   back 
2022-07-21,South,263.00,Tomasz Nowak,call back
2022-07-22,North,276.00,Dana Whitfield,Call Back
2022-07-23,North,289.00,Dana Whitfield,2024-03-05
2022-07-24,South,302.00,Marco Bellini,2024-03-05
2022-07-25,South,315.00,Priya Raman,left voicemail
2022-07-26,South,328.00,Marco Bellini,left voicemail
2022-07-27,North,341.00,Marco Bellini,
2022-07-28,North,354.00,Priya Raman,LEFT VOICEMAIL
2022-07-29,South,367.00,Priya Raman,-
2022-07-30,North,380.00,Priya Raman,
2022-07-31,North,393.00,Marco Bellini,N/A
2022-08-01,North,406.00,Dana Whitfield,-
2022-08-02,North,419.00,Priya Raman,call back
2022-08-03,South,432.00,Dana Whitfield,
2022-08-04,North,445.00,Marco Bellini,call back
2022-08-05,South,58.00,Dana Whitfield,-
2022-08-06,North,71.00,Marco Bellini,Call Back
2022-08-07,South,84.00,Tomasz Nowak,2024-03-05
2022-08-08,North,97.00,Priya Raman,2024-03-05
2022-08-09,South,110.00,Marco Bellini,2024-03-05
2022-08-10,North,123.00,Tomasz Nowak,Call Back
2022-08-11,South,136.00,Tomasz Nowak,N/A
2022-08-12,South,149.00,Marco Bellini,
2022-08-13,North,162.00,Priya Raman,2024-03-05
2022-08-14,North,175.00,Tomasz Nowak,
2022-08-15,North,188.00,Tomasz Nowak,2024-03-05
2022-08-16,North,201.00,Dana Whitfield,2024-03-05
2022-08-17,South,214.00,Tomasz Nowak,left voicemail
2022-08-18,North,227.00,Dana Whitfield,
2022-08-19,North,240.00,Dana Whitfield,
2022-08-20,South,253.00,Priya Raman,
2022-08-21,North,266.00,Marco Bellini,
2022-08-22,South,279.00,Priya Raman,2024-03-05
2022-08-23,South,292.00,Tomasz Nowak,Call Back
2022-08-24,South,305.00,Priya Raman,
2022-08-25,South,318.00,Marco Bellini,LEFT VOICEMAIL
2022-08-26,North,331.00,Dana Whitfield,left voicemail
2022-08-27,South,344.00,Dana Whitfield,2024-03-05
2022-08-28,South,357.00,Tomasz Nowak,2024-03-05
2022-08-29,South,370.00,Tomasz Nowak,N/A
2022-08-30,North,383.00,Marco Bellini,-
2022-08-31,North,396.00,Tomasz Nowak,  call   back 
2022-09-01,North,409.00,Marco Bellini,
2022-09-02,North,422.00,Marco Bellini,-
2022-09-03,North,435.00,Tomasz Nowak,
2022-09-04,South,448.00,Dana Whitfield,Call Back
2022-09-05,North,61.00,Priya Raman,2024-03-05
2022-09-06,South,74.00,Dana Whitfield,Call Back
2022-09-07,North,87.00,Dana Whitfield,call back
2022-09-08,North,100.00,Marco Bellini,left voicemail
2022-09-09,South,113.00,Tomasz Nowak,LEFT VOICEMAIL
2022-09-10,South,126.00,Priya Raman,left voicemail
2022-09-11,North,139.00,Tomasz Nowak,2024-03-05
2022-09-12,North,152.00,Dana Whitfield,LEFT VOICEMAIL
2022-09-13,South,165.00,Dana Whitfield,left voicemail
2022-09-14,North,178.00,Tomasz Nowak,left voicemail
2022-09-15,North,191.00,Priya Raman,-
2022-09-16,North,204.00,Tomasz Nowak,call back
2022-09-17,North,217.00,Marco Bellini,left voicemail
2022-09-18,South,230.00,Marco Bellini,  call   back 
2022-09-19,North,243.00,Tomasz Nowak,2024-03-05
2022-09-20,South,256.00,Priya Raman,left voicemail
2022-09-21,South,269.00,Priya Raman,call back
2022-09-22,South,282.00,Marco Bellini,Call Back
2022-09-23,North,295.00,Tomasz Nowak,  call   back 
2022-09-24,South,308.00,Dana Whitfield,call back
2022-09-25,North,321.00,Marco Bellini,2024-03-05
2022-09-26,South,334.00,Marco Bellini,  call   back 
2022-09-27,South,347.00,Marco Bellini,N/A
2022-09-28,North,360.00,Priya Raman,LEFT VOICEMAIL
2022-09-29,North,373.00,Priya Raman,left voicemail
2022-09-30,South,386.00,Priya Raman,-
2022-10-01,South,399.00,Priya Raman,LEFT VOICEMAIL
2022-10-02,North,412.00,Tomasz Nowak,-
2022-10-03,South,425.00,Dana Whitfield,N/A
2022-10-04,North,438.00,Tomasz Nowak,N/A
2022-10-05,South,51.00,Dana Whitfield,-
2022-10-06,North,64.00,Tomasz Nowak,N/A
2022-10-07,South,77.00,Marco Bellini,2024-03-05
2022-10-08,North,90.00,Tomasz Nowak,left voicemail
2022-10-09,South,103.00,Marco Bellini,  call   back 
2022-10-10,North,116.00,Priya Raman,
2022-10-11,North,129.00,Marco Bellini,-
2022-10-12,North,142.00,Marco Bellini,  call   back 
2022-10-13,North,155.00,Dana Whitfield,  call   back 
2022-10-14,South,168.00,Dana Whitfield,2024-03-05
2022-10-15,South,181.00,Dana Whitfield,LEFT VOICEMAIL
2022-10-16,South,194.00,Dana Whitfield,-
2022-10-17,South,207.00,Marco Bellini,N/A
2022-10-18,South,220.00,Marco Bellini,Call Back
2022-10-19,South,233.00,Tomasz Nowak,call back
2022-10-20,South,246.00,Priya Raman,  call   back 
2022-10-21,South,259.00,Dana Whitfield,
2022-10-22,South,272.00,Tomasz Nowak,-
2022-10-23,South,285.00,Dana Whitfield,Call Back
2022-10-24,North,298.00,Tomasz Nowak,  call   back 
2022-10-25,North,311.00,Tomasz Nowak,LEFT VOICEMAIL
2022-10-26,South,324.00,Tomasz Nowak,call back
2022-10-27,South,337.00,Dana Whitfield,N/A
2022-10-28,North,350.00,Marco Bellini,LEFT VOICEMAIL
2022-10-29,South,363.00,Tomasz Nowak,  call   back 
2022-10-30,South,376.00,Priya Raman,-
2022-10-31,North,389.00,Priya Raman,left voicemail
2022-11-01,North,402.00,Tomasz Nowak,N/A
2022-11-02,South,415.00,Priya Raman,Call Back
2022-11-03,South,428.00,Priya Raman,
2022-11-04,South,441.00,Dana Whitfield,LEFT VOICEMAIL
2022-11-05,North,54.00,Dana Whitfield,Call Back
2022-11-06,North,67.00,Marco Bellini,  call   back 
2022-11-07,South,80.00,Dana Whitfield,N/A
2022-11-08,North,93.00,Dana Whitfield,LEFT VOICEMAIL
2022-11-09,North,106.00,Marco Bellini,N/A
2022-11-10,South,119.00,Tomasz Nowak,Call Back
2022-11-11,South,132.00,Tomasz Nowak,Call Back
2022-11-12,North,145.00,Marco Bellini,-
2022-11-13,South,158.00,Tomasz Nowak,  call   back 
2022-11-14,South,171.00,Dana Whitfield,2024-03-05
2022-11-15,South,184.00,Marco Bellini,left voicemail
2022-11-16,North,197.00,Priya Raman,-
2022-11-17,North,210.00,Priya Raman,2024-03-05
2022-11-18,South,223.00,Dana Whitfield,
2022-11-19,South,236.00,Marco Bellini,-
2022-11-20,South,249.00,Priya Raman,-
2022-11-21,North,262.00,Priya Raman,Call Back
2022-11-22,South,275.00,Marco Bellini,-
2022-11-23,North,288.00,Marco Bellini,2024-03-05
2022-11-24,North,301.00,Dana Whitfield,-
2022-11-25,North,314.00,Marco Bellini,N/A
2022-11-26,South,327.00,Tomasz Nowak,N/A
2022-11-27,South,340.00,Dana Whitfield,2024-03-05
2022-11-28,South,353.00,Tomasz Nowak,2024-03-05
2022-11-29,South,366.00,Marco Bellini,Call Back
2022-11-30,North,379.00,Priya Raman,N/A
2022-12-01,South,392.00,Marco Bellini,  call   back 
2022-12-02,North,405.00,Priya Raman,Call Back
2022-12-03,North,418.00,Priya Raman,2024-03-05
2022-12-04,North,431.00,Dana Whitfield,  call   back 
2022-12-05,North,444.00,Tomasz Nowak,LEFT VOICEMAIL
2022-12-06,North,57.00,Priya Raman,  call   back 
2022-12-07,North,70.00,Marco Bellini,left voicemail
2022-12-08,South,83.00,Tomasz Nowak,N/A
2022-12-09,North,96.00,Tomasz Nowak,call back
2022-12-10,South,109.00,Marco Bellini,Call Back
2022-12-11,North,122.00,Priya Raman,2024-03-05
2022-12-12,South,135.00,Dana Whitfield,N/A
2022-12-13,North,148.00,Tomasz Nowak,call back
2022-12-14,North,161.00,Tomasz Nowak,LEFT VOICEMAIL
2022-12-15,South,174.00,Tomasz Nowak,2024-03-05
2022-12-16,South,187.00,Tomasz Nowak,
2022-12-17,South,200.00,Dana Whitfield,left voicemail
2022-12-18,South,213.00,Tomasz Nowak,Call Back
2022-12-19,North,226.00,Priya Raman,left voicemail
2022-12-20,South,239.00,Tomasz Nowak,call back
2022-12-21,South,252.00,Priya Raman,left voicemail
2022-12-22,North,265.00,Dana Whitfield,Call Back
2022-12-23,North,278.00,Tomasz Nowak,LEFT VOICEMAIL
2022-12-24,South,291.00,Dana Whitfield,call back
2022-12-25,North,304.00,Priya Raman,-
2022-12-26,North,317.00,Dana Whitfield,left voicemail
2022-12-27,South,330.00,Marco Bellini,2024-03-05
2022-12-28,South,343.00,Dana Whitfield,N/A
2022-12-29,North,356.00,Marco Bellini,Call Back
2022-12-30,South,369.00,Dana Whitfield,Call Back
2022-12-31,North,382.00,Priya Raman,
2023-01-01,South,395.00,Marco Bellini,call back
2023-01-02,South,408.00,Tomasz Nowak,Call Back
2023-01-03,South,421.00,Marco Bellini,-
2023-01-04,North,434.00,Dana Whitfield,2024-03-05
2023-01-05,North,447.00,Tomasz Nowak,
2023-01-06,South,60.00,Priya Raman,2024-03-05
2023-01-07,North,73.00,Tomasz Nowak,LEFT VOICEMAIL
2023-01-08,North,86.00,Priya Raman,N/A
2023-01-09,North,99.00,Priya Raman,call back
2023-01-10,South,112.00,Dana Whitfield,2024-03-05
2023-01-11,North,125.00,Marco Bellini,  call   back 
2023-01-12,North,138.00,Dana Whitfield,N/A
2023-01-13,South,151.00,Priya Raman,
2023-01-14,North,164.00,Priya Raman,left voicemail
2023-01-15,South,177.00,Dana Whitfield,LEFT VOICEMAIL
2023-01-16,North,190.00,Priya Raman,  call   back 
2023-01-17,North,203.00,Priya Raman,Call Back
2023-01-18,North,216.00,Priya Raman,  call   back 
2023-01-19,South,229.00,Dana Whitfield,
2023-01-20,North,242.00,Priya Raman,-
2023-01-21,North,255.00,Priya Raman,  call   back 
2023-01-22,North,268.00,Tomasz Nowak,  call   back 
2023-01-23,South,281.00,Dana Whitfield,Call Back
2023-01-24,North,294.00,Dana Whitfield,-
2023-01-25,South,307.00,Tomasz Nowak,
2023-01-26,North,320.00,Priya Raman,Call Back
2023-01-27,North,333.00,Marco Bellini,N/A
2023-01-28,North,346.00,Marco Bellini,
2023-01-29,North,359.00,Tomasz Nowak,  call   back 
2023-01-30,North,372.00,Tomasz Nowak,left voicemail
2023-01-31,North,385.00,Dana Whitfield,call back
2023-02-01,South,398.00,Priya Raman,-
2023-02-02,North,411.00,Priya Raman,LEFT VOICEMAIL
2023-02-03,North,424.00,Marco Bellini,-
2023-02-04,South,437.00,Marco Bellini,Call Back
2023-02-05,South,50.00,Marco Bellini,LEFT VOICEMAIL
2023-02-06,South,63.00,Marco Bellini,
2023-02-07,South,76.00,Dana Whitfield,LEFT VOICEMAIL
2023-02-08,North,89.00,Tomasz Nowak,N/A
2023-02-09,South,102.00,Marco Bellini,  call   back 
2023-02-10,South,115.00,Tomasz Nowak,call back
2023-02-11,South,128.00,Priya Raman,-
2023-02-12,North,141.00,Dana Whitfield,call back
2023-02-13,North,154.00,Marco Bellini,  call   back 
2023-02-14,South,167.00,Tomasz Nowak,call back
2023-02-15,South,180.00,Priya Raman,call back
2023-02-16,North,193.00,Marco Bellini,LEFT VOICEMAIL
2023-02-17,South,206.00,Marco Bellini,left voicemail
2023-02-18,South,219.00,Tomasz Nowak,  call   back 
2023-02-19,South,232.00,Tomasz Nowak,call back
2023-02-20,South,245.00,Marco Bellini,LEFT VOICEMAIL
2023-02-21,North,258.00,Tomasz Nowak,call back
2023-02-22,North,271.00,Tomasz Nowak,  call   back 
2023-02-23,North,284.00,Dana Whitfield,-
2023-02-24,South,297.00,Marco Bellini,N/A
2023-02-25,South,310.00,Priya Raman,Call Back
2023-02-26,South,323.00,Dana Whitfield,LEFT VOICEMAIL
2023-02-27,North,336.00,Priya Raman,call back
2023-02-28,North,349.00,Marco Bellini,
2023-03-01,South,362.00,Dana Whitfield,left voicemail
2023-03-02,South,375.00,Priya Raman,N/A
2023-03-03,North,388.00,Dana Whitfield,2024-03-05
2023-03-04,South,401.00,Dana Whitfield,  call   back 
2023-03-05,North,414.00,Tomasz Nowak,2024-03-05
2023-03-06,North,427.00,Tomasz Nowak,left voicemail
2023-03-07,North,440.00,Marco Bellini,left voicemail
2023-03-08,South,53.00,Marco Bellini,left voicemail
2023-03-09,North,66.00,Tomasz Nowak,  call   back 
2023-03-10,South,79.00,Marco Bellini,N/A
2023-03-11,South,92.00,Tomasz Nowak,LEFT VOICEMAIL
2023-03-12,South,105.00,Marco Bellini,LEFT VOICEMAIL
2023-03-13,North,118.00,Tomasz Nowak,LEFT VOICEMAIL
2023-03-14,North,131.00,Dana Whitfield,left voicemail
2023-03-15,South,144.00,Priya Raman,
2023-03-16,North,157.00,Priya Raman,call back
2023-03-17,South,170.00,Marco Bellini,-
2023-03-18,North,183.00,Priya Raman,
2023-03-19,North,196.00,Priya Raman,call back
2023-03-20,North,209.00,Dana Whitfield,  call   back 
2023-03-21,South,222.00,Tomasz Nowak,call back
2023-03-22,North,235.00,Tomasz Nowak,LEFT VOICEMAIL
2023-03-23,South,248.00,Dana Whitfield,2024-03-05
2023-03-24,South,261.00,Marco Bellini,
2023-03-25,North,274.00,Marco Bellini,LEFT VOICEMAIL
2023-03-26,North,287.00,Dana Whitfield,  call   back 
2023-03-27,South,300.00,Tomasz Nowak,N/A
2023-03-28,South,313.00,Marco Bellini,left voicemail
2023-03-29,South,326.00,Priya Raman,-
2023-03-30,South,339.00,Marco Bellini,LEFT VOICEMAIL
2023-03-31,South,352.00,Tomasz Nowak,N/A
2023-04-01,North,365.00,Tomasz Nowak,left voicemail
2023-04-02,South,378.00,Marco Bellini,-
2023-04-03,South,391.00,Priya Raman,Call Back
2023-04-04,North,404.00,Marco Bellini,2024-03-05
2023-04-05,North,417.00,Tomasz Nowak,call back
2023-04-06,South,430.00,Dana Whitfield,call back
2023-04-07,South,443.00,Dana Whitfield,N/A
2023-04-08,North,56.00,Priya Raman,2024-03-05
2023-04-09,South,69.00,Dana Whitfield,Call Back
2023-04-10,South,82.00,Dana Whitfield,left voicemail
2023-04-11,South,95.00,Priya Raman,LEFT VOICEMAIL
2023-04-12,South,108.00,Priya Raman,
2023-04-13,North,121.00,Tomasz Nowak,N/A
2023-04-14,South,134.00,Marco Bellini,N/A
2023-04-15,North,147.00,Dana Whitfield,2024-03-05
2023-04-16,South,160.00,Marco Bellini,2024-03-05
2023-04-17,South,173.00,Priya Raman,LEFT VOICEMAIL
2023-04-18,South,186.00,Dana Whitfield,call back
2023-04-19,North,199.00,Tomasz Nowak,2024-03-05
2023-04-20,North,212.00,Tomasz Nowak,
2023-04-21,South,225.00,Tomasz Nowak,LEFT VOICEMAIL
2023-04-22,South,238.00,Dana Whitfield,2024-03-05
2023-04-23,North,251.00,Priya Raman,call back
2023-04-24,South,264.00,Priya Raman,2024-03-05
2023-04-25,North,277.00,Tomasz Nowak,
2023-04-26,South,290.00,Priya Raman,left voicemail
2023-04-27,North,303.00,Dana Whitfield,call back
2023-04-28,South,316.00,Tomasz Nowak,call back
2023-04-29,South,329.00,Dana Whitfield,Call Back
2023-04-30,South,342.00,Tomasz Nowak,LEFT VOICEMAIL
2023-05-01,North,355.00,Marco Bellini,left voicemail
2023-05-02,South,368.00,Priya Raman,-
2023-05-03,South,381.00,Tomasz Nowak,LEFT VOICEMAIL
2023-05-04,North,394.00,Marco Bellini,call back
2023-05-05,North,407.00,Priya Raman,
2023-05-06,North,420.00,Dana Whitfield,N/A
2023-05-07,South,433.00,Dana Whitfield,-
2023-05-08,South,446.00,Dana Whitfield,N/A
2023-05-09,South,59.00,Priya Raman,-
2023-05-10,North,72.00,Dana Whitfield,2024-03-05
2023-05-11,North,85.00,Tomasz Nowak,2024-03-05
2023-05-12,North,98.00,Marco Bellini,  call   back 
2023-05-13,South,111.00,Tomasz Nowak,  call   back 
2023-05-14,South,124.00,Tomasz Nowak,
2023-05-15,South,137.00,Tomasz Nowak,
2023-05-16,North,150.00,Priya Raman,N/A
2023-05-17,North,163.00,Marco Bellini,2024-03-05
2023-05-18,North,176.00,Dana Whitfield,Call Back
2023-05-19,North,189.00,Tomasz Nowak,
2023-05-20,South,202.00,Dana Whitfield,-
2023-05-21,South,215.00,Tomasz Nowak,  call   back 
2023-05-22,South,228.00,Priya Raman,call back
2023-05-23,South,241.00,Priya Raman,left voicemail
2023-05-24,South,254.00,Priya Raman,
2023-05-25,South,267.00,Marco Bellini,  call   back 
2023-05-26,South,280.00,Marco Bellini,  call   back 
2023-05-27,North,293.00,Marco Bellini,
2023-05-28,South,306.00,Priya Raman,N/A
2023-05-29,North,319.00,Dana Whitfield,N/A
2023-05-30,North,332.00,Priya Raman,LEFT VOICEMAIL
2023-05-31,South,345.00,Priya Raman,
2023-06-01,South,358.00,Marco Bellini,left voicemail
2023-06-02,North,371.00,Dana Whitfield,call back
2023-06-03,North,384.00,Priya Raman,call back
2023-06-04,North,397.00,Tomasz Nowak,2024-03-05
2023-06-05,North,410.00,Tomasz Nowak,2024-03-05
2023-06-06,South,423.00,Dana Whitfield,  call   back 
2023-06-07,South,436.00,Priya Raman,
2023-06-08,South,449.00,Tomasz Nowak,N/A
2023-06-09,South,62.00,Marco Bellini,  call   back 
2023-06-10,South,75.00,Marco Bellini,-
2023-06-11,North,88.00,Dana Whitfield,LEFT VOICEMAIL
2023-06-12,South,101.00,Tomasz Nowak,-
2023-06-13,North,114.00,Marco Bellini,left voicemail
2023-06-14,North,127.00,Priya Raman,2024-03-05
2023-06-15,South,140.00,Tomasz Nowak,  call   back 
2023-06-16,South,153.00,Marco Bellini,
2023-06-17,South,166.00,Marco Bellini,Call Back
2023-06-18,South,179.00,Dana Whitfield,2024-03-05
2023-06-19,North,192.00,Dana Whitfield,  call   back 
2023-06-20,North,205.00,Dana Whitfield,
2023-06-21,South,218.00,Tomasz Nowak,  call   back 
2023-06-22,North,231.00,Tomasz Nowak,  call   back 
2023-06-23,North,244.00,Tomasz Nowak,LEFT VOICEMAIL
2023-06-24,South,257.00,Dana Whitfield,2024-03-05
2023-06-25,South,270.00,Priya Raman,N/A
2023-06-26,South,283.00,Marco Bellini,N/A
2023-06-27,North,296.00,Marco Bellini,LEFT VOICEMAIL
2023-06-28,North,309.00,Dana Whitfield,call back
2023-06-29,South,322.00,Priya Raman,Call Back
2023-06-30,South,335.00,Dana Whitfield,call back
2023-07-01,South,348.00,Dana Whitfield,-
2023-07-02,North,361.00,Priya Raman,N/A
2023-07-03,South,374.00,Marco Bellini,call back
2023-07-04,South,387.00,Priya Raman,LEFT VOICEMAIL
2023-07-05,North,400.00,Tomasz Nowak,-
2023-07-06,South,413.00,Priya Raman,left voicemail
2023-07-07,North,426.00,Marco Bellini,call back
2023-07-08,South,439.00,Tomasz Nowak,N/A
2023-07-09,South,52.00,Priya Raman,2024-03-05
2023-07-10,South,65.00,Priya Raman,LEFT VOICEMAIL
2023-07-11,North,78.00,Priya Raman,
2023-07-12,South,91.00,Priya Raman,Call Back
2023-07-13,North,104.00,Marco Bellini,N/A
2023-07-14,North,117.00,Priya Raman,call back
2023-07-15,North,130.00,Priya Raman,N/A
2023-07-16,North,143.00,Marco Bellini,Call Back
2023-07-17,South,156.00,Marco Bellini,2024-03-05
2023-07-18,North,169.00,Dana Whitfield,left voicemail
2023-07-19,North,182.00,Tomasz Nowak,left voicemail
2023-07-20,South,195.00,Marco Bellini,Call Back
2023-07-21,North,208.00,Priya Raman,call back
2023-07-22,North,221.00,Priya Raman,Call Back
2023-07-23,South,234.00,Marco Bellini,left voicemail
2023-07-24,South,247.00,Marco Bellini,LEFT VOICEMAIL
2023-07-25,North,260.00,Tomasz Nowak,
2023-07-26,North,273.00,Priya Raman,2024-03-05
2023-07-27,North,286.00,Marco Bellini,-
2023-07-28,North,299.00,Marco Bellini,left voicemail
2023-07-29,South,312.00,Tomasz Nowak,2024-03-05
2023-07-30,North,325.00,Dana Whitfield,-
2023-07-31,South,338.00,Tomasz Nowak,LEFT VOICEMAIL
2023-08-01,South,351.00,Marco Bellini,left voicemail
2023-08-02,North,364.00,Dana Whitfield,left voicemail
2023-08-03,South,377.00,Tomasz Nowak,-
2023-08-04,North,390.00,Dana Whitfield,
2023-08-05,North,403.00,Tomasz Nowak,2024-03-05
2023-08-06,South,416.00,Priya Raman,2024-03-05
2023-08-07,South,429.00,Tomasz Nowak,N/A
2023-08-08,North,442.00,Tomasz Nowak,call back
2023-08-09,North,55.00,Marco Bellini,Call Back
2023-08-10,North,68.00,Dana Whitfield,  call   back 
2023-08-11,South,81.00,Priya Raman,-
2023-08-12,North,94.00,Dana Whitfield,Call Back
2023-08-13,South,107.00,Priya Raman,2024-03-05
2023-08-14,North,120.00,Dana Whitfield,LEFT VOICEMAIL
2023-08-15,North,133.00,Tomasz Nowak,left voicemail
2023-08-16,North,146.00,Dana Whitfield,
2023-08-17,South,159.00,Tomasz Nowak,Call Back
2023-08-18,North,172.00,Tomasz Nowak,N/A
2023-08-19,North,185.00,Marco Bellini,call back
2023-08-20,North,198.00,Dana Whitfield,2024-03-05
2023-08-21,North,211.00,Priya Raman,2024-03-05
2023-08-22,South,224.00,Dana Whitfield,N/A
2023-08-23,North,237.00,Tomasz Nowak,left voicemail
2023-08-24,South,250.00,Tomasz Nowak,call back
2023-08-25,North,263.00,Marco Bellini,Call Back
2023-08-26,South,276.00,Marco Bellini,-
2023-08-27,South,289.00,Tomasz Nowak,-
2023-08-28,South,302.00,Priya Raman,call back
2023-08-29,North,315.00,Marco Bellini,
2023-08-30,North,328.00,Marco Bellini,  call   back 
2023-08-31,North,341.00,Marco Bellini,LEFT VOICEMAIL
2023-09-01,North,354.00,Priya Raman,
2023-09-02,South,367.00,Priya Raman,2024-03-05
2023-09-03,North,380.00,Dana Whitfield,N/A
2023-09-04,South,393.00,Priya Raman,N/A
2023-09-05,North,406.00,Marco Bellini,left voicemail
2023-09-06,South,419.00,Tomasz Nowak,Call Back
2023-09-07,South,432.00,Priya Raman,2024-03-05
2023-09-08,North,445.00,Dana Whitfield,LEFT VOICEMAIL
2023-09-09,South,58.00,Tomasz Nowak,Call Back
2023-09-10,South,71.00,Dana Whitfield,N/A
2023-09-11,North,84.00,Priya Raman,
2023-09-12,South,97.00,Marco Bellini,Call Back
2023-09-13,South,110.00,Marco Bellini,LEFT VOICEMAIL
2023-09-14,North,123.00,Tomasz Nowak,left voicemail
2023-09-15,South,136.00,Tomasz Nowak,Call Back
2023-09-16,South,149.00,Tomasz Nowak,2024-03-05
2023-09-17,South,162.00,Dana Whitfield,
2023-09-18,North,175.00,Tomasz Nowak,N/A
2023-09-19,North,188.00,Priya Raman,2024-03-05
2023-09-20,South,201.00,Priya Raman,left voicemail
2023-09-21,North,214.00,Dana Whitfield,2024-03-05
2023-09-22,North,227.00,Tomasz Nowak,-
2023-09-23,North,240.00,Priya Raman,N/A
2023-09-24,South,253.00,Dana Whitfield,call back
2023-09-25,North,266.00,Marco Bellini,2024-03-05
2023-09-26,North,279.00,Priya Raman,LEFT VOICEMAIL
2023-09-27,South,292.00,Priya Raman,  call   back 
2023-09-28,North,305.00,Marco Bellini,LEFT VOICEMAIL
2023-09-29,South,318.00,Tomasz Nowak,call back
2023-09-30,North,331.00,Dana Whitfield,N/A
2023-10-01,South,344.00,Tomasz Nowak,Call Back
2023-10-02,North,357.00,Tomasz Nowak,N/A
2023-10-03,North,370.00,Tomasz Nowak,2024-03-05
2023-10-04,North,383.00,Dana Whitfield,Call Back
2023-10-05,South,396.00,Tomasz Nowak,  call   back 
2023-10-06,South,409.00,Tomasz Nowak,Call Back
2023-10-07,North,422.00,Priya Raman,  call   back 
2023-10-08,North,435.00,Dana Whitfield,2024-03-05
2023-10-09,South,448.00,Dana Whitfield,2024-03-05
2023-10-10,South,61.00,Dana Whitfield,Call Back
2023-10-11,North,74.00,Marco Bellini,Call Back
2023-10-12,South,87.00,Priya Raman,Call Back
2023-10-13,North,100.00,Marco Bellini,2024-03-05
2023-10-14,South,113.00,Dana Whitfield,left voicemail
2023-10-15,South,126.00,Marco Bellini,N/A
2023-10-16,North,139.00,Tomasz Nowak,-
2023-10-17,North,152.00,Marco Bellini,  call   back 
2023-10-18,North,165.00,Tomasz Nowak,  call   back 
2023-10-19,South,178.00,Dana Whitfield,Call Back
2023-10-20,North,191.00,Dana Whitfield,N/A
2023-10-21,North,204.00,Priya Raman,left voicemail
2023-10-22,North,217.00,Tomasz Nowak,-
2023-10-23,South,230.00,Priya Raman,Call Back
2023-10-24,North,243.00,Tomasz Nowak,-
2023-10-25,South,256.00,Dana Whitfield,left voicemail
2023-10-26,South,269.00,Dana Whitfield,N/A
2023-10-27,South,282.00,Tomasz Nowak,left voicemail
2023-10-28,North,295.00,Dana Whitfield,N/A
2023-10-29,South,308.00,Priya Raman,left voicemail
2023-10-30,North,321.00,Priya Raman,
2023-10-31,South,334.00,Tomasz Nowak,Call Back
2023-11-01,South,347.00,Tomasz Nowak,left voicemail
2023-11-02,South,360.00,Dana Whitfield,2024-03-05
2023-11-03,South,373.00,Dana Whitfield,call back
2023-11-04,South,386.00,Priya Raman,  call   back 
2023-11-05,North,399.00,Dana Whitfield,left voicemail
2023-11-06,North,412.00,Priya Raman,2024-03-05
2023-11-07,South,425.00,Marco Bellini,2024-03-05
2023-11-08,South,438.00,Dana Whitfield,-
2023-11-09,South,51.00,Dana Whitfield,2024-03-05
2023-11-10,South,64.00,Marco Bellini,call back
2023-11-11,South,77.00,Priya Raman,2024-03-05
2023-11-12,North,90.00,Priya Raman,N/A
2023-11-13,South,103.00,Dana Whitfield,  call   back 
2023-11-14,South,116.00,Dana Whitfield,-
2023-11-15,North,129.00,Priya Raman,Call Back
2023-11-16,South,142.00,Priya Raman,
2023-11-17,North,155.00,Priya Raman,left voicemail
2023-11-18,North,168.00,Tomasz Nowak,Call Back
2023-11-19,South,181.00,Priya Raman,N/A
2023-11-20,South,194.00,Marco Bellini,call back
2023-11-21,South,207.00,Priya Raman,  call   back 
2023-11-22,South,220.00,Dana Whitfield,call back
2023-11-23,North,233.00,Marco Bellini,left voicemail
2023-11-24,North,246.00,Marco Bellini,2024-03-05
2023-11-25,North,259.00,Tomasz Nowak,-
2023-11-26,South,272.00,Dana Whitfield,left voicemail
2023-11-27,North,285.00,Tomasz Nowak,  call   back 
2023-11-28,South,298.00,Tomasz Nowak,  call   back 
2023-11-29,North,311.00,Tomasz Nowak,left voicemail
2023-11-30,North,324.00,Dana Whitfield,2024-03-05
2023-12-01,North,337.00,Dana Whitfield,2024-03-05
2023-12-02,South,350.00,Dana Whitfield,left voicemail
2023-12-03,North,363.00,Tomasz Nowak,N/A
2023-12-04,North,376.00,Dana Whitfield,2024-03-05
2023-12-05,South,389.00,Tomasz Nowak,  call   back 
2023-12-06,North,402.00,Tomasz Nowak,left voicemail
2023-12-07,North,415.00,Tomasz Nowak,left voicemail
2023-12-08,South,428.00,Tomasz Nowak,LEFT VOICEMAIL
2023-12-09,South,441.00,Dana Whitfield,-
2023-12-10,North,54.00,Priya Raman,-
2023-12-11,North,67.00,Priya Raman,N/A
2023-12-12,South,80.00,Tomasz Nowak,  call   back 
2023-12-13,South,93.00,Tomasz Nowak,-
2023-12-14,South,106.00,Marco Bellini,LEFT VOICEMAIL
2023-12-15,South,119.00,Priya Raman,LEFT VOICEMAIL
2023-12-16,South,132.00,Marco Bellini,Call Back
2023-12-17,South,145.00,Tomasz Nowak,
2023-12-18,South,158.00,Dana Whitfield,call back
2023-12-19,South,171.00,Marco Bellini,
2023-12-20,South,184.00,Dana Whitfield,N/A
2023-12-21,North,197.00,Tomasz Nowak,-
2023-12-22,South,210.00,Tomasz Nowak,-
2023-12-23,North,223.00,Marco Bellini,LEFT VOICEMAIL
2023-12-24,North,236.00,Priya Raman,  call   back 
2023-12-25,North,249.00,Dana Whitfield,-
2023-12-26,North,262.00,Tomasz Nowak,2024-03-05
2023-12-27,South,275.00,Marco Bellini,2024-03-05
2023-12-28,South,288.00,Priya Raman,LEFT VOICEMAIL
2023-12-29,North,301.00,Marco Bellini,Call Back
2023-12-30,North,314.00,Priya Raman,N/A
2023-12-31,North,327.00,Marco Bellini,Call Back
2024-01-01,South,340.00,Priya Raman,  call   back 
2024-01-02,North,353.00,Priya Raman,2024-03-05
2024-01-03,North,366.00,Marco Bellini,
2024-01-04,North,379.00,Marco Bellini,2024-03-05
2024-01-05,South,392.00,Priya Raman,-
2024-01-06,South,405.00,Marco Bellini,
2024-01-07,South,418.00,Dana Whitfield,
2024-01-08,North,431.00,Priya Raman,
2024-01-09,North,444.00,Tomasz Nowak,
2024-01-10,North,57.00,Dana Whitfield,  call   back 
2024-01-11,North,70.00,Priya Raman,-
2024-01-12,North,83.00,Tomasz Nowak,
2024-01-13,North,96.00,Tomasz Nowak,2024-03-05
2024-01-14,South,109.00,Priya Raman,LEFT VOICEMAIL
2024-01-15,South,122.00,Priya Raman,N/A
2024-01-16,North,135.00,Dana Whitfield,N/A
2024-01-17,South,148.00,Dana Whitfield,Call Back
2024-01-18,North,161.00,Marco Bellini,Call Back
2024-01-19,South,174.00,Priya Raman,2024-03-05
2024-01-20,North,187.00,Dana Whitfield,  call   back 
2024-01-21,North,200.00,Tomasz Nowak,  call   back 
2024-01-22,North,213.00,Tomasz Nowak,  call   back 
2024-01-23,North,226.00,Dana Whitfield,-
2024-01-24,South,239.00,Tomasz Nowak,-
2024-01-25,North,252.00,Tomasz Nowak,N/A
2024-01-26,South,265.00,Marco Bellini,  call   back 
2024-01-27,South,278.00,Dana Whitfield,Call Back
2024-01-28,North,291.00,Marco Bellini,-
2024-01-29,South,304.00,Priya Raman,
2024-01-30,South,317.00,Marco Bellini,N/A
2024-01-31,North,330.00,Tomasz Nowak,-
2024-02-01,South,343.00,Priya Raman,call back
2024-02-02,North,356.00,Marco Bellini,  call   back 
2024-02-03,North,369.00,Dana Whitfield,call back
2024-02-04,South,382.00,Dana Whitfield,
2024-02-05,North,395.00,Marco Bellini,left voicemail
2024-02-06,North,408.00,Dana Whitfield,  call   back 
2024-02-07,North,421.00,Marco Bellini,2024-03-05
2024-02-08,North,434.00,Tomasz Nowak,left voicemail
2024-02-09,South,447.00,Marco Bellini,2024-03-05
2024-02-10,South,60.00,Dana Whitfield,2024-03-05
2024-02-11,South,73.00,Dana Whitfield,N/A
2024-02-12,South,86.00,Priya Raman,2024-03-05
2024-02-13,North,99.00,Tomasz Nowak,LEFT VOICEMAIL
2024-02-14,North,112.00,Marco Bellini,  call   back 
2024-02-15,South,125.00,Tomasz Nowak,N/A
2024-02-16,North,138.00,Priya Raman,LEFT VOICEMAIL
2024-02-17,North,151.00,Priya Raman,  call   back 
2024-02-18,South,164.00,Dana Whitfield,-
2024-02-19,South,177.00,Marco Bellini,  call   back 
2024-02-20,South,190.00,Priya Raman,Call Back
2024-02-21,North,203.00,Marco Bellini,N/A
2024-02-22,North,216.00,Dana Whitfield,-
2024-02-23,North,229.00,Tomasz Nowak,-
2024-02-24,North,242.00,Tomasz Nowak,N/A
2024-02-25,North,255.00,Priya Raman,-
2024-02-26,North,268.00,Dana Whitfield,2024-03-05
2024-02-27,North,281.00,Tomasz Nowak,left voicemail
2024-02-28,South,294.00,Marco Bellini,N/A
2024-02-29,South,307.00,Dana Whitfield,left voicemail
2024-03-01,North,320.00,Dana Whitfield,LEFT VOICEMAIL
2024-03-02,North,333.00,Tomasz Nowak,LEFT VOICEMAIL
2024-03-03,South,346.00,Marco Bellini,Call Back
2024-03-04,North,359.00,Marco Bellini,  call   back 
2024-03-05,South,372.00,Marco Bellini,  call   back 
2024-03-06,South,385.00,Marco Bellini,2024-03-05
2024-03-07,North,398.00,Priya Raman,  call   back 
2024-03-08,North,411.00,Marco Bellini,call back
2024-03-09,North,424.00,Tomasz Nowak,  call   back 
2024-03-10,South,437.00,Dana Whitfield,2024-03-05
2024-03-11,North,50.00,Dana Whitfield,
2024-03-12,South,63.00,Dana Whitfield,  call   back 
2024-03-13,South,76.00,Priya Raman,Call Back
2024-03-14,North,89.00,Priya Raman,  call   back 
2024-03-15,South,102.00,Priya Raman,-
2024-03-16,North,115.00,Marco Bellini,Call Back
2024-03-17,North,128.00,Priya Raman,call back
2024-03-18,North,141.00,Marco Bellini,-
2024-03-19,North,154.00,Priya Raman,2024-03-05
2024-03-20,South,167.00,Priya Raman,LEFT VOICEMAIL
2024-03-21,South,180.00,Dana Whitfield,LEFT VOICEMAIL
2024-03-22,North,193.00,Tomasz Nowak,N/A
2024-03-23,South,206.00,Tomasz Nowak,call back
2024-03-24,North,219.00,Priya Raman,-
2024-03-25,North,232.00,Marco Bellini,  call   back 
2024-03-26,North,245.00,Dana Whitfield,left voicemail
2024-03-27,North,258.00,Tomasz Nowak,call back
2024-03-28,North,271.00,Tomasz Nowak,LEFT VOICEMAIL
2024-03-29,North,284.00,Priya Raman,call back
2024-03-30,North,297.00,Priya Raman,call back
2024-03-31,South,310.00,Priya Raman,call back
2024-04-01,South,323.00,Tomasz Nowak,-
2024-04-02,South,336.00,Marco Bellini,
2024-04-03,North,349.00,Tomasz Nowak,2024-03-05
2024-04-04,South,362.00,Priya Raman,left voicemail
2024-04-05,South,375.00,Marco Bellini,2024-03-05
2024-04-06,South,388.00,Priya Raman,  call   back 
2024-04-07,South,401.00,Marco Bellini,  call   back 
2024-04-08,South,414.00,Marco Bellini,-
2024-04-09,South,427.00,Dana Whitfield,2024-03-05
2024-04-10,South,440.00,Tomasz Nowak,call back
2024-04-11,North,53.00,Tomasz Nowak,-
2024-04-12,South,66.00,Dana Whitfield,-
2024-04-13,South,79.00,Priya Raman,LEFT VOICEMAIL
2024-04-14,South,92.00,Dana Whitfield,LEFT VOICEMAIL
2024-04-15,South,105.00,Tomasz Nowak,Call Back
2024-04-16,North,118.00,Marco Bellini,LEFT VOICEMAIL
2024-04-17,South,131.00,Tomasz Nowak,call back
2024-04-18,North,144.00,Priya Raman,call back
2024-04-19,North,157.00,Tomasz Nowak,call back
2024-04-20,South,170.00,Marco Bellini,call back
2024-04-21,North,183.00,Tomasz Nowak,-
2024-04-22,North,196.00,Dana Whitfield,2024-03-05
2024-04-23,South,209.00,Marco Bellini,LEFT VOICEMAIL
2024-04-24,South,222.00,Priya Raman,
2024-04-25,North,235.00,Tomasz Nowak,N/A
2024-04-26,North,248.00,Marco Bellini,
2024-04-27,South,261.00,Marco Bellini,
2024-04-28,South,274.00,Priya Raman,Call Back
2024-04-29,North,287.00,Dana Whitfield,N/A
2024-04-30,South,300.00,Tomasz Nowak,-
2024-05-01,North,313.00,Marco Bellini,left voicemail
2024-05-02,South,326.00,Priya Raman,Call Back
2024-05-03,South,339.00,Priya Raman,left voicemail
2024-05-04,South,352.00,Marco Bellini,  call   back 
2024-05-05,South,365.00,Tomasz Nowak,call back
2024-05-06,North,378.00,Priya Raman,left voicemail
2024-05-07,South,391.00,Marco Bellini,LEFT VOICEMAIL
2024-05-08,South,404.00,Dana Whitfield,left voicemail
2024-05-09,North,417.00,Tomasz Nowak,call back
2024-05-10,North,430.00,Dana Whitfield,N/A
2024-05-11,South,443.00,Priya Raman,  call   back 
2024-05-12,South,56.00,Marco Bellini,LEFT VOICEMAIL
2024-05-13,South,69.00,Dana Whitfield,call back
2024-05-14,South,82.00,Dana Whitfield,2024-03-05
2024-05-15,South,95.00,Priya Raman,call back
2024-05-16,North,108.00,Priya Raman,LEFT VOICEMAIL
2024-05-17,South,121.00,Marco Bellini,Call Back
2024-05-18,South,134.00,Dana Whitfield,-
2024-05-19,North,147.00,Dana Whitfield,call back
2024-05-20,North,160.00,Priya Raman,LEFT VOICEMAIL
2024-05-21,South,173.00,Marco Bellini,N/A
2024-05-22,South,186.00,Tomasz Nowak,left voicemail
2024-05-23,South,199.00,Dana Whitfield,Call Back
2024-05-24,South,212.00,Tomasz Nowak,2024-03-05
2024-05-25,South,225.00,Marco Bellini,N/A
2024-05-26,North,238.00,Dana Whitfield,LEFT VOICEMAIL
2024-05-27,South,251.00,Tomasz Nowak,left voicemail
2024-05-28,South,264.00,Tomasz Nowak,left voicemail
2024-05-29,North,277.00,Marco Bellini,call back
2024-05-30,North,290.00,Marco Bellini,  call   back 
2024-05-31,South,303.00,Priya Raman,  call   back 
2024-06-01,North,316.00,Dana Whitfield,
2024-06-02,North,329.00,Tomasz Nowak,LEFT VOICEMAIL
2024-06-03,South,342.00,Marco Bellini,Call Back
2024-06-04,North,355.00,Dana Whitfield,
2024-06-05,South,368.00,Tomasz Nowak,call back
2024-06-06,North,381.00,Tomasz Nowak,LEFT VOICEMAIL
2024-06-07,North,394.00,Tomasz Nowak,LEFT VOICEMAIL
2024-06-08,South,407.00,Dana Whitfield,N/A
2024-06-09,North,420.00,Marco Bellini,Call Back
2024-06-10,South,433.00,Tomasz Nowak,call back
2024-06-11,South,446.00,Dana Whitfield,call back
2024-06-12,South,59.00,Dana Whitfield,left voicemail
2024-06-13,North,72.00,Tomasz Nowak,N/A
2024-06-14,North,85.00,Priya Raman,2024-03-05
2024-06-15,North,98.00,Marco Bellini,
2024-06-16,South,111.00,Tomasz Nowak,-
2024-06-17,South,124.00,Dana Whitfield,N/A
2024-06-18,South,137.00,Tomasz Nowak,Call Back
2024-06-19,South,150.00,Tomasz Nowak,N/A
2024-06-20,South,163.00,Tomasz Nowak,N/A
2024-06-21,North,176.00,Dana Whitfield,2024-03-05
2024-06-22,South,189.00,Dana Whitfield,left voicemail
2024-06-23,South,202.00,Tomasz Nowak,LEFT VOICEMAIL
2024-06-24,South,215.00,Dana Whitfield,left voicemail
2024-06-25,South,228.00,Marco Bellini,N/A
2024-06-26,South,241.00,Marco Bellini,LEFT VOICEMAIL
2024-06-27,North,254.00,Dana Whitfield,
2024-06-28,South,267.00,Tomasz Nowak,-
2024-06-29,South,280.00,Priya Raman,call back
2024-06-30,South,293.00,Dana Whitfield,left voicemail
2024-07-01,North,306.00,Tomasz Nowak,left voicemail
2024-07-02,North,319.00,Tomasz Nowak,
2024-07-03,South,332.00,Dana Whitfield,call back
2024-07-04,South,345.00,Dana Whitfield,N/A
2024-07-05,South,358.00,Tomasz Nowak,2024-03-05
2024-07-06,South,371.00,Tomasz Nowak,
2024-07-07,North,384.00,Dana Whitfield,-
2024-07-08,South,397.00,Dana Whitfield,  call   back 
2024-07-09,South,410.00,Tomasz Nowak,
2024-07-10,North,423.00,Tomasz Nowak,2024-03-05
2024-07-11,South,436.00,Tomasz Nowak,LEFT VOICEMAIL
2024-07-12,North,449.00,Dana Whitfield,  call   back 
2024-07-13,South,62.00,Tomasz Nowak,LEFT VOICEMAIL
2024-07-14,South,75.00,Priya Raman,call back
2024-07-15,North,88.00,Dana Whitfield,left voicemail
2024-07-16,South,101.00,Marco Bellini,call back
2024-07-17,North,114.00,Tomasz Nowak,2024-03-05
2024-07-18,North,127.00,Priya Raman,
2024-07-19,North,140.00,Priya Raman,-
2024-07-20,South,153.00,Marco Bellini,left voicemail
2024-07-21,North,166.00,Marco Bellini,
2024-07-22,North,179.00,Dana Whitfield,  call   back 
2024-07-23,North,192.00,Marco Bellini,Call Back
2024-07-24,North,205.00,Tomasz Nowak,
2024-07-25,North,218.00,Priya Raman,call back
2024-07-26,North,231.00,Priya Raman,2024-03-05
2024-07-27,South,244.00,Marco Bellini,2024-03-05
2024-07-28,South,257.00,Dana Whitfield,LEFT VOICEMAIL
2024-07-29,South,270.00,Priya Raman,LEFT VOICEMAIL
2024-07-30,North,283.00,Priya Raman,N/A
2024-07-31,South,296.00,Tomasz Nowak,  call   back 
2024-08-01,North,309.00,Marco Bellini,left voicemail
2024-08-02,South,322.00,Priya Raman,  call   back 
2024-08-03,North,335.00,Priya Raman,2024-03-05
2024-08-04,South,348.00,Priya Raman,N/A
2024-08-05,North,361.00,Tomasz Nowak,call back
2024-08-06,North,374.00,Dana Whitfield,call back
2024-08-07,South,387.00,Dana Whitfield,Call Back
2024-08-08,South,400.00,Tomasz Nowak,2024-03-05
2024-08-09,North,413.00,Tomasz Nowak,Call Back
2024-08-10,North,426.00,Priya Raman,call back
2024-08-11,North,439.00,Priya Raman,call back
2024-08-12,South,52.00,Priya Raman,call back
2024-08-13,North,65.00,Priya Raman,N/A
2024-08-14,South,78.00,Dana Whitfield,N/A
2024-08-15,South,91.00,Priya Raman,N/A
2024-08-16,North,104.00,Dana Whitfield,
2024-08-17,South,117.00,Tomasz Nowak,2024-03-05
2024-08-18,South,130.00,Marco Bellini,  call   back 
2024-08-19,North,143.00,Dana Whitfield,Call Back
2024-08-20,North,156.00,Priya Raman,LEFT VOICEMAIL
2024-08-21,South,169.00,Marco Bellini,-
2024-08-22,South,182.00,Priya Raman,left voicemail
2024-08-23,South,195.00,Tomasz Nowak,-
2024-08-24,North,208.00,Priya Raman,LEFT VOICEMAIL
2024-08-25,South,221.00,Priya Raman,call back
2024-08-26,North,234.00,Dana Whitfield,left voicemail
2024-08-27,South,247.00,Marco Bellini,LEFT VOICEMAIL
2024-08-28,South,260.00,Priya Raman,2024-03-05
2024-08-29,North,273.00,Tomasz Nowak,LEFT VOICEMAIL
2024-08-30,North,286.00,Marco Bellini,-
2024-08-31,North,299.00,Marco Bellini,Call Back
2024-09-01,South,312.00,Tomasz Nowak,-
2024-09-02,South,325.00,Dana Whitfield,-
2024-09-03,South,338.00,Dana Whitfield,
2024-09-04,North,351.00,Dana Whitfield,-
2024-09-05,South,364.00,Dana Whitfield,  call   back 
2024-09-06,South,377.00,Dana Whitfield,LEFT VOICEMAIL
2024-09-07,North,390.00,Tomasz Nowak,  call   back 
2024-09-08,South,403.00,Marco Bellini,N/A
2024-09-09,South,416.00,Dana Whitfield,LEFT VOICEMAIL
2024-09-10,North,429.00,Marco Bellini,call back
2024-09-11,North,442.00,Priya Raman,Call Back
2024-09-12,North,55.00,Dana Whitfield,2024-03-05
2024-09-13,South,68.00,Marco Bellini,  call   back 
2024-09-14,North,81.00,Dana Whitfield,N/A
2024-09-15,North,94.00,Marco Bellini,2024-03-05
2024-09-16,North,107.00,Marco Bellini,N/A
2024-09-17,South,120.00,Priya Raman,LEFT VOICEMAIL
2024-09-18,South,133.00,Dana Whitfield,  call   back 
2024-09-19,North,146.00,Priya Raman,call back
2024-09-20,South,159.00,Tomasz Nowak,left voicemail
2024-09-21,South,172.00,Tomasz Nowak,  call   back 
2024-09-22,North,185.00,Priya Raman,call back
2024-09-23,North,198.00,Dana Whitfield,
2024-09-24,South,211.00,Marco Bellini,Call Back
2024-09-25,South,224.00,Priya Raman,N/A
2024-09-26,South,237.00,Priya Raman,Call Back
2024-09-27,North,250.00,Dana Whitfield,LEFT VOICEMAIL
2024-09-28,South,263.00,Tomasz Nowak,left voicemail
2024-09-29,South,276.00,Dana Whitfield,Call Back
2024-09-30,North,289.00,Priya Raman,Call Back
2024-10-01,South,302.00,Tomasz Nowak,2024-03-05
2024-10-02,North,315.00,Marco Bellini,  call   back 
2024-10-03,North,328.00,Tomasz Nowak,-
2024-10-04,South,341.00,Marco Bellini,N/A
2024-10-05,North,354.00,Dana Whitfield,LEFT VOICEMAIL
2024-10-06,North,367.00,Marco Bellini,-
2024-10-07,South,380.00,Tomasz Nowak,N/A
2024-10-08,South,393.00,Tomasz Nowak,N/A
2024-10-09,South,406.00,Dana Whitfield,  call   back 
2024-10-10,North,419.00,Marco Bellini,2024-03-05
2024-10-11,North,432.00,Dana Whitfield,
2024-10-12,North,445.00,Tomasz Nowak,call back
2024-10-13,North,58.00,Dana Whitfield,  call   back 
2024-10-14,South,71.00,Dana Whitfield,  call   back 
2024-10-15,North,84.00,Priya Raman,Call Back
2024-10-16,North,97.00,Tomasz Nowak,  call   back 
2024-10-17,South,110.00,Marco Bellini,Call Back
2024-10-18,North,123.00,Dana Whitfield,Call Back
2024-10-19,South,136.00,Tomasz Nowak,  call   back 
2024-10-20,South,149.00,Dana Whitfield,  call   back 
2024-10-21,North,162.00,Tomasz Nowak,left voicemail
2024-10-22,North,175.00,Dana Whitfield,
2024-10-23,South,188.00,Dana Whitfield,N/A
2024-10-24,South,201.00,Priya Raman,left voicemail
2024-10-25,South,214.00,Marco Bellini,-
2024-10-26,South,227.00,Priya Raman,  call   back 
2024-10-27,North,240.00,Priya Raman,Call Back
2024-10-28,South,253.00,Priya Raman,
2024-10-29,North,266.00,Marco Bellini,N/A
2024-10-30,South,279.00,Priya Raman,left voicemail
2024-10-31,North,292.00,Tomasz Nowak,Call Back
2024-11-01,South,305.00,Marco Bellini,2024-03-05
2024-11-02,South,318.00,Marco Bellini,LEFT VOICEMAIL
2024-11-03,South,331.00,Tomasz Nowak,
2024-11-04,North,344.00,Dana Whitfield,Call Back
2024-11-05,South,357.00,Marco Bellini,left voicemail
2024-11-06,South,370.00,Marco Bellini,2024-03-05
2024-11-07,South,383.00,Dana Whitfield,
2024-11-08,North,396.00,Priya Raman,
2024-11-09,North,409.00,Priya Raman,-
2024-11-10,South,422.00,Priya Raman,N/A
2024-11-11,North,435.00,Dana Whitfield,call back
2024-11-12,South,448.00,Priya Raman,call back
2024-11-13,North,61.00,Dana Whitfield,LEFT VOICEMAIL
2024-11-14,North,74.00,Tomasz Nowak,left voicemail
2024-11-15,South,87.00,Tomasz Nowak,  call   back 
2024-11-16,South,100.00,Priya Raman,left voicemail
2024-11-17,South,113.00,Marco Bellini,-
2024-11-18,South,126.00,Marco Bellini,2024-03-05
2024-11-19,North,139.00,Marco Bellini,N/A
2024-11-20,South,152.00,Tomasz Nowak,call back
2024-11-21,North,165.00,Priya Raman,  call   back 
2024-11-22,South,178.00,Dana Whitfield,call back
2024-11-23,North,191.00,Tomasz Nowak,call back
2024-11-24,South,204.00,Tomasz Nowak,
2024-11-25,North,217.00,Dana Whitfield,2024-03-05
2024-11-26,South,230.00,Marco Bellini,call back
2024-11-27,North,243.00,Marco Bellini,Call Back
2024-11-28,North,256.00,Priya Raman,Call Back
2024-11-29,North,269.00,Priya Raman,  call   back 
2024-11-30,South,282.00,Priya Raman,Call Back
2024-12-01,North,295.00,Dana Whitfield,left voicemail
2024-12-02,South,308.00,Priya Raman,-
2024-12-03,South,321.00,Tomasz Nowak,LEFT VOICEMAIL
2024-12-04,North,334.00,Dana Whitfield,LEFT VOICEMAIL
2024-12-05,South,347.00,Priya Raman,LEFT VOICEMAIL
2024-12-06,North,360.00,Priya Raman,LEFT VOICEMAIL
2024-12-07,North,373.00,Priya Raman,call back
2024-12-08,North,386.00,Priya Raman,2024-03-05
2024-12-09,South,399.00,Tomasz Nowak,Call Back
2024-12-10,South,412.00,Tomasz Nowak,
2024-12-11,South,425.00,Priya Raman,left voicemail
2024-12-12,North,438.00,Dana Whitfield,Call Back
2024-12-13,North,51.00,Marco Bellini,left voicemail
2024-12-14,North,64.00,Tomasz Nowak,LEFT VOICEMAIL
2024-12-15,North,77.00,Marco Bellini,Call Back
2024-12-16,South,90.00,Priya Raman,LEFT VOICEMAIL
2024-12-17,South,103.00,Marco Bellini,2024-03-05
2024-12-18,North,116.00,Marco Bellini,call back
2024-12-19,North,129.00,Marco Bellini,LEFT VOICEMAIL
2024-12-20,North,142.00,Dana Whitfield,  call   back 
2024-12-21,North,155.00,Marco Bellini,Call Back
2024-12-22,South,168.00,Marco Bellini,2024-03-05
2024-12-23,South,181.00,Dana Whitfield,call back
2024-12-24,North,194.00,Tomasz Nowak,2024-03-05
2024-12-25,North,207.00,Dana Whitfield,Call Back
2024-12-26,South,220.00,Tomasz Nowak,2024-03-05
2024-12-27,North,233.00,Marco Bellini,N/A
2024-12-28,South,246.00,Priya Raman,LEFT VOICEMAIL
2024-12-29,South,259.00,Marco Bellini,
2024-12-30,South,272.00,Marco Bellini,Call Back
2024-12-31,North,285.00,Priya Raman,LEFT VOICEMAIL
2025-01-01,South,298.00,Dana Whitfield,call back
2025-01-02,North,311.00,Marco Bellini,-
2025-01-03,South,324.00,Marco Bellini,-
2025-01-04,South,337.00,Marco Bellini,  call   back 
2025-01-05,North,350.00,Priya Raman,
2025-01-06,North,363.00,Tomasz Nowak,left voicemail
2025-01-07,North,376.00,Dana Whitfield,Call Back
2025-01-08,North,389.00,Marco Bellini,N/A
2025-01-09,South,402.00,Tomasz Nowak,left voicemail
2025-01-10,North,415.00,Priya Raman,2024-03-05
2025-01-11,North,428.00,Marco Bellini,Call Back
2025-01-12,North,441.00,Dana Whitfield,N/A
2025-01-13,South,54.00,Tomasz Nowak,-
2025-01-14,South,67.00,Tomasz Nowak,N/A
2025-01-15,North,80.00,Priya Raman,2024-03-05
2025-01-16,South,93.00,Priya Raman,2024-03-05
2025-01-17,South,106.00,Marco Bellini,-
2025-01-18,South,119.00,Dana Whitfield,
2025-01-19,South,132.00,Priya Raman,
2025-01-20,North,145.00,Priya Raman,Call Back
2025-01-21,North,158.00,Marco Bellini,left voicemail
2025-01-22,North,171.00,Priya Raman,-
2025-01-23,North,184.00,Dana Whitfield,LEFT VOICEMAIL
2025-01-24,South,197.00,Tomasz Nowak,Call Back
2025-01-25,South,210.00,Tomasz Nowak,N/A
2025-01-26,South,223.00,Tomasz Nowak,
2025-01-27,North,236.00,Priya Raman,call back
2025-01-28,North,249.00,Dana Whitfield,LEFT VOICEMAIL
2025-01-29,South,262.00,Dana Whitfield,Call Back
2025-01-30,North,275.00,Marco Bellini,Call Back
2025-01-31,South,288.00,Tomasz Nowak,LEFT VOICEMAIL
2025-02-01,South,301.00,Dana Whitfield,2024-03-05
2025-02-02,South,314.00,Tomasz Nowak,-
2025-02-03,South,327.00,Marco Bellini,2024-03-05
2025-02-04,North,340.00,Marco Bellini,2024-03-05
2025-02-05,North,353.00,Marco Bellini,2024-03-05
2025-02-06,North,366.00,Dana Whitfield,-
2025-02-07,South,379.00,Marco Bellini,  call   back 
2025-02-08,South,392.00,Priya Raman,
2025-02-09,North,405.00,Tomasz Nowak,
2025-02-10,South,418.00,Marco Bellini,call back
2025-02-11,North,431.00,Marco Bellini,2024-03-05
2025-02-12,South,444.00,Tomasz Nowak,-
2025-02-13,North,57.00,Dana Whitfield,Call Back
2025-02-14,South,70.00,Dana Whitfield,  call   back 
2025-02-15,North,83.00,Tomasz Nowak,LEFT VOICEMAIL
2025-02-16,South,96.00,Priya Raman,  call   back 
2025-02-17,South,109.00,Tomasz Nowak,Call Back
2025-02-18,South,122.00,Tomasz Nowak,call back
2025-02-19,North,135.00,Dana Whitfield,Call Back
2025-02-20,South,148.00,Marco Bellini,2024-03-05
2025-02-21,South,161.00,Marco Bellini,left voicemail
2025-02-22,South,174.00,Dana Whitfield,left voicemail
2025-02-23,North,187.00,Tomasz Nowak,
2025-02-24,North,200.00,Marco Bellini,Call Back
2025-02-25,South,213.00,Dana Whitfield,-
2025-02-26,South,226.00,Marco Bellini,N/A
2025-02-27,South,239.00,Marco Bellini,LEFT VOICEMAIL
2025-02-28,North,252.00,Dana Whitfield,LEFT VOICEMAIL
2025-03-01,North,265.00,Tomasz Nowak,2024-03-05
2025-03-02,North,278.00,Dana Whitfield,N/A
2025-03-03,North,291.00,Priya Raman,LEFT VOICEMAIL
2025-03-04,North,304.00,Priya Raman,Call Back
2025-03-05,South,317.00,Tomasz Nowak,-
2025-03-06,North,330.00,Tomasz Nowak,LEFT VOICEMAIL
2025-03-07,South,343.00,Priya Raman,2024-03-05
2025-03-08,North,356.00,Dana Whitfield,  call   back 
2025-03-09,South,369.00,Priya Raman,-
2025-03-10,North,382.00,Tomasz Nowak,call back
2025-03-11,South,395.00,Dana Whitfield,N/A
2025-03-12,South,408.00,Marco Bellini,Call Back
2025-03-13,North,421.00,Priya Raman,2024-03-05
2025-03-14,North,434.00,Tomasz Nowak,  call   back 
2025-03-15,North,447.00,Marco Bellini,2024-03-05
2025-03-16,South,60.00,Dana Whitfield,Call Back
2025-03-17,North,73.00,Marco Bellini,LEFT VOICEMAIL
2025-03-18,North,86.00,Marco Bellini,Call Back
2025-03-19,South,99.00,Tomasz Nowak,left voicemail
2025-03-20,South,112.00,Dana Whitfield,Call Back
2025-03-21,South,125.00,Priya Raman,LEFT VOICEMAIL
2025-03-22,South,138.00,Dana Whitfield,Call Back
2025-03-23,North,151.00,Priya Raman,
2025-03-24,North,164.00,Marco Bellini,2024-03-05
2025-03-25,North,177.00,Marco Bellini,2024-03-05
2025-03-26,South,190.00,Priya Raman,Call Back
2025-03-27,North,203.00,Priya Raman,LEFT VOICEMAIL
2025-03-28,North,216.00,Tomasz Nowak,N/A
2025-03-29,North,229.00,Dana Whitfield,-
2025-03-30,South,242.00,Priya Raman,
2025-03-31,South,255.00,Dana Whitfield,left voicemail
2025-04-01,North,268.00,Tomasz Nowak,left voicemail
2025-04-02,South,281.00,Priya Raman,N/A
2025-04-03,North,294.00,Tomasz Nowak,LEFT VOICEMAIL
2025-04-04,North,307.00,Priya Raman,Call Back
2025-04-05,South,320.00,Priya Raman,left voicemail
2025-04-06,South,333.00,Priya Raman,left voicemail
2025-04-07,South,346.00,Dana Whitfield,call back
2025-04-08,South,359.00,Tomasz Nowak,2024-03-05
2025-04-09,South,372.00,Dana Whitfield,Call Back
2025-04-10,South,385.00,Priya Raman,call back
2025-04-11,North,398.00,Marco Bellini,  call   back 
2025-04-12,South,411.00,Dana Whitfield,call back
2025-04-13,South,424.00,Dana Whitfield,call back
2025-04-14,North,437.00,Dana Whitfield,LEFT VOICEMAIL
2022-01-01,South,50.00,Tomasz Nowak,LEFT VOICEMAIL
2022-01-02,North,63.00,Marco Bellini,-
2022-01-03,South,76.00,Marco Bellini,-
2022-01-04,South,89.00,Priya Raman,Call Back
2022-01-05,North,102.00,Dana Whitfield,  call   back 
2022-01-06,South,115.00,Marco Bellini,left voicemail
2022-01-07,North,128.00,Dana Whitfield,call back
2022-01-08,North,141.00,Marco Bellini,call back
2022-01-09,South,154.00,Priya Raman,call back
2022-01-10,North,167.00,Marco Bellini,LEFT VOICEMAIL
2022-01-11,South,180.00,Dana Whitfield,
2022-01-12,South,193.00,Priya Raman,Call Back
2022-01-13,North,206.00,Priya Raman,left voicemail
2022-01-14,North,219.00,Priya Raman,2024-03-05
2022-01-15,North,232.00,Dana Whitfield,call back
2022-01-16,North,245.00,Priya Raman,left voicemail
2022-01-17,North,258.00,Dana Whitfield,left voicemail
2022-01-18,North,271.00,Marco Bellini,call back
2022-01-19,South,284.00,Tomasz Nowak,call back
2022-01-20,South,297.00,Dana Whitfield,left voicemail
2022-01-21,South,310.00,Priya Raman,N/A
2022-01-22,South,323.00,Priya Raman,Call Back
2022-01-23,South,336.00,Dana Whitfield,call back
2022-01-24,North,349.00,Dana Whitfield,  call   back 
2022-01-25,North,362.00,Tomasz Nowak,call back
2022-01-26,North,375.00,Marco Bellini,LEFT VOICEMAIL
2022-01-27,North,388.00,Marco Bellini,LEFT VOICEMAIL
2022-01-28,South,401.00,Dana Whitfield,left voicemail
2022-01-29,South,414.00,Marco Bellini,left voicemail
2022-01-30,South,427.00,Priya Raman,call back
2022-01-31,North,440.00,Marco Bellini,call back
2022-02-01,North,53.00,Dana Whitfield,left voicemail
2022-02-02,North,66.00,Tomasz Nowak,  call   back 
2022-02-03,North,79.00,Priya Raman,
2022-02-04,South,92.00,Dana Whitfield,
2022-02-05,North,105.00,Marco Bellini,Call Back
2022-02-06,North,118.00,Priya Raman,N/A
2022-02-07,South,131.00,Marco Bellini,2024-03-05
2022-02-08,North,144.00,Tomasz Nowak,LEFT VOICEMAIL
2022-02-09,North,157.00,Priya Raman,  call   back 
2022-02-10,North,170.00,Marco Bellini,N/A
2022-02-11,North,183.00,Tomasz Nowak,  call   back 
2022-02-12,North,196.00,Tomasz Nowak,LEFT VOICEMAIL
2022-02-13,North,209.00,Dana Whitfield,call back
2022-02-14,South,222.00,Marco Bellini,call back
2022-02-15,South,235.00,Tomasz Nowak,left voicemail
2022-02-16,South,248.00,Marco Bellini,LEFT VOICEMAIL
2022-02-17,North,261.00,Marco Bellini,Call Back
2022-02-18,North,274.00,Priya Raman,LEFT VOICEMAIL
2022-02-19,North,287.00,Dana Whitfield,N/A
2022-02-20,South,300.00,Tomasz Nowak,Call Back
2022-02-21,North,313.00,Dana Whitfield,LEFT VOICEMAIL
2022-02-22,North,326.00,Priya Raman,call back
2022-02-23,North,339.00,Dana Whitfield,2024-03-05
2022-02-24,North,352.00,Tomasz Nowak,2024-03-05
2022-02-25,North,365.00,Dana Whitfield,2024-03-05
2022-02-26,South,378.00,Priya Raman,call back
2022-02-27,North,391.00,Dana Whitfield,
2022-02-28,South,404.00,Dana Whitfield,Call Back
2022-03-01,South,417.00,Marco Bellini,
2022-04-11,North,150.00,Tomasz Nowak,N/A
2022-04-12,North,163.00,Tomasz Nowak,LEFT VOICEMAIL
2022-04-13,North,176.00,Dana Whitfield,LEFT VOICEMAIL
2022-04-14,South,189.00,Tomasz Nowak,LEFT VOICEMAIL
2022-04-15,North,202.00,Dana Whitfield,2024-03-05
2022-04-16,North,215.00,Marco Bellini,CALL BACK
2022-04-17,North,228.00,Priya Raman,LEFT VOICEMAIL
2022-04-18,South,241.00,Priya Raman,-
2022-04-19,South,254.00,Dana Whitfield,CALL BACK
2022-04-20,South,267.00,Priya Raman,CALL BACK
2022-04-21,South,280.00,Priya Raman,-
2022-04-22,North,293.00,Marco Bellini,LEFT VOICEMAIL
2022-04-23,South,306.00,Dana Whitfield,CALL BACK
2022-04-24,South,319.00,Marco Bellini,  CALL   BACK 
2022-04-25,North,332.00,Tomasz Nowak,LEFT VOICEMAIL
2022-04-26,North,345.00,Marco Bellini,LEFT VOICEMAIL
2022-04-27,South,358.00,Marco Bellini,LEFT VOICEMAIL
2022-04-28,South,371.00,Priya Raman,-
2022-04-29,North,384.00,Priya Raman,LEFT VOICEMAIL
2022-04-30,South,397.00,Tomasz Nowak,  CALL   BACK 
2022-05-01,South,410.00,Dana Whitfield,N/A
2022-05-02,North,423.00,Tomasz Nowak,-
2022-05-03,North,436.00,Tomasz Nowak,CALL BACK
2022-05-04,North,449.00,Tomasz Nowak,-
2022-05-05,North,62.00,Dana Whitfield,CALL BACK
2022-05-06,South,75.00,Tomasz Nowak,-
2022-05-07,South,88.00,Marco Bellini,LEFT VOICEMAIL
2022-05-08,South,101.00,Marco Bellini,LEFT VOICEMAIL
2022-05-09,South,114.00,Tomasz Nowak,2024-03-05
2022-05-10,South,127.00,Dana Whitfield,-
2022-07-20,North,250.00,Dana Whitfield,    call   back   
2022-07-21,South,263.00,Tomasz Nowak,  call back  
2022-07-22,North,276.00,Dana Whitfield,  Call Back  
2022-07-23,North,289.00,Dana Whitfield,  2024-03-05  
2022-07-24,South,302.00,Marco Bellini,  2024-03-05  
2022-07-25,South,315.00,Priya Raman,  left voicemail  
2022-07-26,South,328.00,Marco Bellini,  left voicemail  
2022-07-27,North,341.00,Marco Bellini,    
2022-07-28,North,354.00,Priya Raman,  LEFT VOICEMAIL  
2022-07-29,South,367.00,Priya Raman,  -  
2022-07-30,North,380.00,Priya Raman,    
2022-07-31,North,393.00,Marco Bellini,  N/A  
2022-08-01,North,406.00,Dana Whitfield,  -  
2022-08-02,North,419.00,Priya Raman,  call back  
2022-08-03,South,432.00,Dana Whitfield,    
2022-08-04,North,445.00,Marco Bellini,  call back  
2022-08-05,South,58.00,Dana Whitfield,  -  
2022-08-06,North,71.00,Marco Bellini,  Call Back  
2022-08-07,South,84.00,Tomasz Nowak,  2024-03-05  
2022-08-08,North,97.00,Priya Raman,  2024-03-05  
2022-08-09,South,110.00,Marco Bellini,  2024-03-05  
2022-08-10,North,123.00,Tomasz Nowak,  Call Back  
2022-08-11,South,136.00,Tomasz Nowak,  N/A  
2022-08-12,South,149.00,Marco Bellini,    
2022-08-13,North,162.00,Priya Raman,  2024-03-05  
2022-08-14,North,175.00,Tomasz Nowak,    
2022-08-15,North,188.00,Tomasz Nowak,  2024-03-05  
2022-08-16,North,201.00,Dana Whitfield,  2024-03-05  
2022-08-17,South,214.00,Tomasz Nowak,  left voicemail  
2022-08-18,North,227.00,Dana Whitfield,    
2022-10-28,North,350.00,Marco Bellini,LEFT VOICEMAIL
2022-10-29,South,363.00,Tomasz Nowak,  call   back 
2022-10-30,South,376.00,Priya Raman,N/A
2022-10-31,North,389.00,Priya Raman,left voicemail
2022-11-01,North,402.00,Tomasz Nowak,N/A
2022-11-02,South,415.00,Priya Raman,Call Back
2022-11-03,South,428.00,Priya Raman,N/A
2022-11-04,South,441.00,Dana Whitfield,LEFT VOICEMAIL
2022-11-05,North,54.00,Dana Whitfield,Call Back
2022-11-06,North,67.00,Marco Bellini,  call   back 
2022-11-07,South,80.00,Dana Whitfield,N/A
2022-11-08,North,93.00,Dana Whitfield,LEFT VOICEMAIL
2022-11-09,North,106.00,Marco Bellini,N/A
2022-11-10,South,119.00,Tomasz Nowak,Call Back
2022-11-11,South,132.00,Tomasz Nowak,Call Back
2022-11-12,North,145.00,Marco Bellini,N/A
2022-11-13,South,158.00,Tomasz Nowak,  call   back 
2022-11-14,South,171.00,Dana Whitfield,2024-03-05
2022-11-15,South,184.00,Marco Bellini,left voicemail
2022-11-16,North,197.00,Priya Raman,N/A
2022-11-17,North,210.00,Priya Raman,2024-03-05
2022-11-18,South,223.00,Dana Whitfield,N/A
2022-11-19,South,236.00,Marco Bellini,N/A
2022-11-20,South,249.00,Priya Raman,N/A
2022-11-21,North,262.00,Priya Raman,Call Back
2022-11-22,South,275.00,Marco Bellini,N/A
2022-11-23,North,288.00,Marco Bellini,2024-03-05
2022-11-24,North,301.00,Dana Whitfield,N/A
2022-11-25,North,314.00,Marco Bellini,N/A
2022-11-26,South,327.00,Tomasz Nowak,N/A
