order_date,amount,region,ship_date,delivery_date
2019-01-01,100.00,E,pending,pending
2019-01-03,103.10,E,pending,pending
2019-01-05,106.20,N,pending,pending
2019-01-07,109.30,W,2019-01-12,2019-01-16
2019-01-09,112.40,S,2019-01-14,2019-01-18
2019-01-11,115.50,N,2019-01-16,2019-01-20
2019-01-13,118.60,S,2019-01-18,2019-01-22
2019-01-15,121.70,N,2019-01-20,2019-01-24
2019-01-17,124.80,E,2019-01-22,2019-01-26
2019-01-19,127.90,W,2019-01-24,2019-01-28
2019-01-21,131.00,S,pending,pending
2019-01-23,134.10,W,pending,pending
2019-01-25,137.20,N,pending,pending
2019-01-27,140.30,S,2019-02-01,2019-02-05
2019-01-29,143.40,N,2019-02-03,2019-02-07
2019-01-31,146.50,S,2019-02-05,2019-02-09
2019-02-02,149.60,W,2019-02-07,2019-02-11
2019-02-04,152.70,E,2019-02-09,2019-02-13
2019-02-06,155.80,S,2019-02-11,2019-02-15
2019-02-08,158.90,W,2019-02-13,2019-02-17
2019-02-10,162.00,S,pending,pending
2019-02-12,165.10,N,pending,pending
2019-02-14,168.20,S,pending,pending
2019-02-16,171.30,W,2019-02-21,2019-02-25
2019-02-18,174.40,S,2019-02-23,2019-02-27
2019-02-20,177.50,S,2019-02-25,2019-03-01
2019-02-22,180.60,N,2019-02-27,2019-03-03
2019-02-24,183.70,N,2019-03-01,2019-03-05
2019-02-26,186.80,S,2019-03-03,2019-03-07
2019-02-28,189.90,S,2019-03-05,2019-03-09
2019-03-02,193.00,S,pending,pending
2019-03-04,196.10,S,pending,pending
2019-03-06,199.20,E,pending,pending
2019-03-08,202.30,E,2019-03-13,2019-03-17
2019-03-10,205.40,S,2019-03-15,2019-03-19
2019-03-12,208.50,S,2019-03-17,2019-03-21
2019-03-14,211.60,S,2019-03-19,2019-03-23
2019-03-16,214.70,S,2019-03-21,2019-03-25
2019-03-18,217.80,W,2019-03-23,2019-03-27
2019-03-20,220.90,E,2019-03-25,2019-03-29
2019-03-22,224.00,N,pending,pending
2019-03-24,227.10,E,pending,pending
2019-03-26,230.20,W,pending,pending
2019-03-28,233.30,S,2019-04-02,2019-04-06
2019-03-30,236.40,S,2019-04-04,2019-04-08
2019-04-01,239.50,E,2019-04-06,2019-04-10
2019-04-03,242.60,N,2019-04-08,2019-04-12
2019-04-05,245.70,E,2019-04-10,2019-04-14
2019-04-07,248.80,E,2019-04-12,2019-04-16
2019-04-09,251.90,N,2019-04-14,2019-04-18
2019-04-11,100.00,E,pending,pending
2019-04-13,103.10,N,pending,pending
2019-04-15,106.20,E,pending,pending
2019-04-17,109.30,E,2019-04-22,2019-04-26
2019-04-19,112.40,E,2019-04-24,2019-04-28
2019-04-21,115.50,W,2019-04-26,2019-04-30
2019-04-23,118.60,E,2019-04-28,2019-05-02
2019-04-25,121.70,S,2019-04-30,2019-05-04
2019-04-27,124.80,W,2019-05-02,2019-05-06
2019-04-29,127.90,W,2019-05-04,2019-05-08
2019-05-01,131.00,S,pending,pending
2019-05-03,134.10,N,pending,pending
2019-05-05,137.20,E,pending,pending
2019-05-07,140.30,N,2019-05-12,2019-05-16
2019-05-09,143.40,E,2019-05-14,2019-05-18
2019-05-11,146.50,W,2019-05-16,2019-05-20
2019-05-13,149.60,N,2019-05-18,2019-05-22
2019-05-15,152.70,W,2019-05-20,2019-05-24
2019-05-17,155.80,E,2019-05-22,2019-05-26
2019-05-19,158.90,W,2019-05-24,2019-05-28
2019-05-21,162.00,N,pending,pending
2019-05-23,165.10,W,pending,pending
2019-05-25,168.20,N,pending,pending
2019-05-27,171.30,S,2019-06-01,2019-06-05
2019-05-29,174.40,S,2019-06-03,2019-06-07
2019-05-31,177.50,N,2019-06-05,2019-06-09
2019-06-02,180.60,S,2019-06-07,2019-06-11
2019-06-04,183.70,W,2019-06-09,2019-06-13
2019-06-06,186.80,E,2019-06-11,2019-06-15
2019-06-08,189.90,E,2019-06-13,2019-06-17
2019-06-10,193.00,E,pending,pending
2019-06-12,196.10,W,pending,pending
2019-06-14,199.20,N,pending,pending
2019-06-16,202.30,E,2019-06-21,2019-06-25
2019-06-18,205.40,E,2019-06-23,2019-06-27
2019-06-20,208.50,N,2019-06-25,2019-06-29
2019-06-22,211.60,W,2019-06-27,2019-07-01
2019-06-24,214.70,N,2019-06-29,2019-07-03
2019-06-26,217.80,S,2019-07-01,2019-07-05
2019-06-28,220.90,E,2019-07-03,2019-07-07
2019-06-30,224.00,E,pending,pending
2019-07-02,227.10,S,pending,pending
2019-07-04,230.20,E,pending,pending
2019-07-06,233.30,E,2019-07-11,2019-07-15
2019-07-08,236.40,N,2019-07-13,2019-07-17
2019-07-10,239.50,E,2019-07-15,2019-07-19
2019-07-12,242.60,E,2019-07-17,2019-07-21
2019-07-14,245.70,E,2019-07-19,2019-07-23
2019-07-16,248.80,S,2019-07-21,2019-07-25
2019-07-18,251.90,N,2019-07-23,2019-07-27
2019-07-20,100.00,S,pending,pending
2019-07-22,103.10,E,pending,pending
2019-07-24,106.20,W,pending,pending
2019-07-26,109.30,S,2019-07-31,2019-08-04
2019-07-28,112.40,N,2019-08-02,2019-08-06
2019-07-30,115.50,N,2019-08-04,2019-08-08
2019-08-01,118.60,W,2019-08-06,2019-08-10
2019-08-03,121.70,N,2019-08-08,2019-08-12
2019-08-05,124.80,S,2019-08-10,2019-08-14
2019-08-07,127.90,E,2019-08-12,2019-08-16
2019-08-09,131.00,E,pending,pending
2019-08-11,134.10,W,pending,pending
2019-08-13,137.20,W,pending,pending
2019-08-15,140.30,S,2019-08-20,2019-08-24
2019-08-17,143.40,N,2019-08-22,2019-08-26
2019-08-19,146.50,N,2019-08-24,2019-08-28
2019-08-21,149.60,W,2019-08-26,2019-08-30
2019-08-23,152.70,E,2019-08-28,2019-09-01
2019-08-25,155.80,S,2019-08-30,2019-09-03
2019-08-27,158.90,S,2019-09-01,2019-09-05
2019-08-29,162.00,S,pending,pending
2019-08-31,165.10,W,pending,pending
2019-09-02,168.20,N,pending,pending
2019-09-04,171.30,S,2019-09-09,2019-09-13
2019-09-06,174.40,W,2019-09-11,2019-09-15
2019-09-08,177.50,E,2019-09-13,2019-09-17
2019-09-10,180.60,S,2019-09-15,2019-09-19
2019-09-12,183.70,N,2019-09-17,2019-09-21
2019-09-14,186.80,W,2019-09-19,2019-09-23
2019-09-16,189.90,E,2019-09-21,2019-09-25
2019-09-18,193.00,S,pending,pending
2019-09-20,196.10,W,pending,pending
2019-09-22,199.20,S,pending,pending
2019-09-24,202.30,W,2019-09-29,2019-10-03
2019-09-26,205.40,W,2019-10-01,2019-10-05
2019-09-28,208.50,E,2019-10-03,2019-10-07
2019-09-30,211.60,W,2019-10-05,2019-10-09
2019-10-02,214.70,E,2019-10-07,2019-10-11
2019-10-04,217.80,E,2019-10-09,2019-10-13
2019-10-06,220.90,W,2019-10-11,2019-10-15
2019-10-08,224.00,W,pending,pending
2019-10-10,227.10,S,pending,pending
2019-10-12,230.20,N,pending,pending
2019-10-14,233.30,W,2019-10-19,2019-10-23
2019-10-16,236.40,S,2019-10-21,2019-10-25
2019-10-18,239.50,W,2019-10-23,2019-10-27
2019-10-20,242.60,E,2019-10-25,2019-10-29
2019-10-22,245.70,S,2019-10-27,2019-10-31
2019-10-24,248.80,N,2019-10-29,2019-11-02
2019-10-26,251.90,W,2019-10-31,2019-11-04
2019-10-28,100.00,E,pending,pending
2019-10-30,103.10,E,pending,pending
2019-11-01,106.20,N,pending,pending
2019-11-03,109.30,E,2019-11-08,2019-11-12
2019-11-05,112.40,N,2019-11-10,2019-11-14
2019-11-07,115.50,E,2019-11-12,2019-11-16
2019-11-09,118.60,E,2019-11-14,2019-11-18
2019-11-11,121.70,E,2019-11-16,2019-11-20
2019-11-13,124.80,W,2019-11-18,2019-11-22
2019-11-15,127.90,E,2019-11-20,2019-11-24
2019-11-17,131.00,E,pending,pending
2019-11-19,134.10,E,pending,pending
2019-11-21,137.20,S,pending,pending
2019-11-23,140.30,N,2019-11-28,2019-12-02
2019-11-25,143.40,W,2019-11-30,2019-12-04
2019-11-27,146.50,E,2019-12-02,2019-12-06
2019-11-29,149.60,E,2019-12-04,2019-12-08
2019-12-01,152.70,E,2019-12-06,2019-12-10
2019-12-03,155.80,W,2019-12-08,2019-12-12
2019-12-05,158.90,E,2019-12-10,2019-12-14
2019-12-07,162.00,E,pending,pending
2019-12-09,165.10,E,pending,pending
2019-12-11,168.20,E,pending,pending
2019-12-13,171.30,E,2019-12-18,2019-12-22
2019-12-15,174.40,W,2019-12-20,2019-12-24
2019-12-17,177.50,E,2019-12-22,2019-12-26
2019-12-19,180.60,S,2019-12-24,2019-12-28
2019-12-21,183.70,W,2019-12-26,2019-12-30
2019-12-23,186.80,E,2019-12-28,2020-01-01
2019-12-25,189.90,E,2019-12-30,2020-01-03
2019-12-27,193.00,S,pending,pending
2019-12-29,196.10,S,pending,pending
2019-12-31,199.20,S,pending,pending
2020-01-02,202.30,E,2020-01-07,2020-01-11
2020-01-04,205.40,W,2020-01-09,2020-01-13
2020-01-06,208.50,E,2020-01-11,2020-01-15
2020-01-08,211.60,N,2020-01-13,2020-01-17
2020-01-10,214.70,W,2020-01-15,2020-01-19
2020-01-12,217.80,S,2020-01-17,2020-01-21
2020-01-14,220.90,W,2020-01-19,2020-01-23
2020-01-16,224.00,E,pending,pending
2020-01-18,227.10,E,pending,pending
2020-01-20,230.20,N,pending,pending
2020-01-22,233.30,S,2020-01-27,2020-01-31
2020-01-24,236.40,S,2020-01-29,2020-02-02
2020-01-26,239.50,W,2020-01-31,2020-02-04
2020-01-28,242.60,S,2020-02-02,2020-02-06
2020-01-30,245.70,S,2020-02-04,2020-02-08
2020-02-01,248.80,S,2020-02-06,2020-02-10
2020-02-03,251.90,N,2020-02-08,2020-02-12
2020-02-05,100.00,W,pending,pending
2020-02-07,103.10,S,pending,pending
2020-02-09,106.20,S,pending,pending
2020-02-11,109.30,N,2020-02-16,2020-02-20
2020-02-13,112.40,S,2020-02-18,2020-02-22
2020-02-15,115.50,N,2020-02-20,2020-02-24
2020-02-17,118.60,E,2020-02-22,2020-02-26
2020-02-19,121.70,S,2020-02-24,2020-02-28
2020-02-21,124.80,W,2020-02-26,2020-03-01
2020-02-23,127.90,S,2020-02-28,2020-03-03
2020-02-25,131.00,N,pending,pending
2020-02-27,134.10,W,pending,pending
2020-02-29,137.20,W,pending,pending
2020-03-02,140.30,E,2020-03-07,2020-03-11
2020-03-04,143.40,W,2020-03-09,2020-03-13
2020-03-06,146.50,N,2020-03-11,2020-03-15
2020-03-08,149.60,S,2020-03-13,2020-03-17
2020-03-10,152.70,S,2020-03-15,2020-03-19
2020-03-12,155.80,E,2020-03-17,2020-03-21
2020-03-14,158.90,N,2020-03-19,2020-03-23
2020-03-16,162.00,E,pending,pending
2020-03-18,165.10,W,pending,pending
2020-03-20,168.20,E,pending,pending
2020-03-22,171.30,W,2020-03-27,2020-03-31
2020-03-24,174.40,N,2020-03-29,2020-04-02
2020-03-26,177.50,E,2020-03-31,2020-04-04
2020-03-28,180.60,N,2020-04-02,2020-04-06
2020-03-30,183.70,E,2020-04-04,2020-04-08
2020-04-01,186.80,N,2020-04-06,2020-04-10
2020-04-03,189.90,E,2020-04-08,2020-04-12
2020-04-05,193.00,E,pending,pending
2020-04-07,196.10,E,pending,pending
2020-04-09,199.20,E,pending,pending
2020-04-11,202.30,S,2020-04-16,2020-04-20
2020-04-13,205.40,W,2020-04-18,2020-04-22
2020-04-15,208.50,W,2020-04-20,2020-04-24
2020-04-17,211.60,E,2020-04-22,2020-04-26
2020-04-19,214.70,W,2020-04-24,2020-04-28
2020-04-21,217.80,S,2020-04-26,2020-04-30
2020-04-23,220.90,S,2020-04-28,2020-05-02
2020-04-25,224.00,W,pending,pending
2020-04-27,227.10,W,pending,pending
2020-04-29,230.20,S,pending,pending
2020-05-01,233.30,S,2020-05-06,2020-05-10
2020-05-03,236.40,N,2020-05-08,2020-05-12
2020-05-05,239.50,E,2020-05-10,2020-05-14
2020-05-07,242.60,N,2020-05-12,2020-05-16
2020-05-09,245.70,W,2020-05-14,2020-05-18
2020-05-11,248.80,N,2020-05-16,2020-05-20
2020-05-13,251.90,E,2020-05-18,2020-05-22
2020-05-15,100.00,S,pending,pending
2020-05-17,103.10,E,pending,pending
2020-05-19,106.20,W,pending,pending
2020-05-21,109.30,W,2020-05-26,2020-05-30
2020-05-23,112.40,W,2020-05-28,2020-06-01
2020-05-25,115.50,S,2020-05-30,2020-06-03
2020-05-27,118.60,W,2020-06-01,2020-06-05
2020-05-29,121.70,E,2020-06-03,2020-06-07
2020-05-31,124.80,W,2020-06-05,2020-06-09
2020-06-02,127.90,W,2020-06-07,2020-06-11
2020-06-04,131.00,W,pending,pending
2020-06-06,134.10,S,pending,pending
2020-06-08,137.20,E,pending,pending
2020-06-10,140.30,E,2020-06-15,2020-06-19
2020-06-12,143.40,W,2020-06-17,2020-06-21
2020-06-14,146.50,E,2020-06-19,2020-06-23
2020-06-16,149.60,W,2020-06-21,2020-06-25
2020-06-18,152.70,N,2020-06-23,2020-06-27
2020-06-20,155.80,E,2020-06-25,2020-06-29
2020-06-22,158.90,E,2020-06-27,2020-07-01
2020-06-24,162.00,W,pending,pending
2020-06-26,165.10,E,pending,pending
2020-06-28,168.20,S,pending,pending
2020-06-30,171.30,W,2020-07-05,2020-07-09
2020-07-02,174.40,N,2020-07-07,2020-07-11
2020-07-04,177.50,N,2020-07-09,2020-07-13
2020-07-06,180.60,W,2020-07-11,2020-07-15
2020-07-08,183.70,S,2020-07-13,2020-07-17
2020-07-10,186.80,E,2020-07-15,2020-07-19
2020-07-12,189.90,N,2020-07-17,2020-07-21
2020-07-14,193.00,S,pending,pending
2020-07-16,196.10,W,pending,pending
2020-07-18,199.20,N,pending,pending
2020-07-20,202.30,W,2020-07-25,2020-07-29
2020-07-22,205.40,E,2020-07-27,2020-07-31
2020-07-24,208.50,S,2020-07-29,2020-08-02
2020-07-26,211.60,W,2020-07-31,2020-08-04
2020-07-28,214.70,N,2020-08-02,2020-08-06
2020-07-30,217.80,S,2020-08-04,2020-08-08
2020-08-01,220.90,W,2020-08-06,2020-08-10
2020-08-03,224.00,E,pending,pending
2020-08-05,227.10,S,pending,pending
2020-08-07,230.20,E,pending,pending
2020-08-09,233.30,E,2020-08-14,2020-08-18
2020-08-11,236.40,W,2020-08-16,2020-08-20
2020-08-13,239.50,W,2020-08-18,2020-08-22
2020-08-15,242.60,N,2020-08-20,2020-08-24
2020-08-17,245.70,N,2020-08-22,2020-08-26
2020-08-19,248.80,S,2020-08-24,2020-08-28
2020-08-21,251.90,E,2020-08-26,2020-08-30
2020-08-23,100.00,E,pending,pending
2020-08-25,103.10,E,pending,pending
2020-08-27,106.20,E,pending,pending
2020-08-29,109.30,N,2020-09-03,2020-09-07
2020-08-31,112.40,W,2020-09-05,2020-09-09
2020-09-02,115.50,E,2020-09-07,2020-09-11
2020-09-04,118.60,E,2020-09-09,2020-09-13
2020-09-06,121.70,S,2020-09-11,2020-09-15
2020-09-08,124.80,N,2020-09-13,2020-09-17
2020-09-10,127.90,N,2020-09-15,2020-09-19
2020-09-12,131.00,E,pending,pending
2020-09-14,134.10,W,pending,pending
2020-09-16,137.20,N,pending,pending
2020-09-18,140.30,S,2020-09-23,2020-09-27
2020-09-20,143.40,N,2020-09-25,2020-09-29
2020-09-22,146.50,W,2020-09-27,2020-10-01
2020-09-24,149.60,W,2020-09-29,2020-10-03
2020-09-26,152.70,W,2020-10-01,2020-10-05
2020-09-28,155.80,W,2020-10-03,2020-10-07
2020-09-30,158.90,W,2020-10-05,2020-10-09
2020-10-02,162.00,W,pending,pending
2020-10-04,165.10,S,pending,pending
2020-10-06,168.20,E,pending,pending
2020-10-08,171.30,W,2020-10-13,2020-10-17
2020-10-10,174.40,N,2020-10-15,2020-10-19
2020-10-12,177.50,E,2020-10-17,2020-10-21
2020-10-14,180.60,N,2020-10-19,2020-10-23
2020-10-16,183.70,W,2020-10-21,2020-10-25
2020-10-18,186.80,E,2020-10-23,2020-10-27
2020-10-20,189.90,W,2020-10-25,2020-10-29
2020-10-22,193.00,E,pending,pending
2020-10-24,196.10,S,pending,pending
2020-10-26,199.20,S,pending,pending
2020-10-28,202.30,W,2020-11-02,2020-11-06
2020-10-30,205.40,W,2020-11-04,2020-11-08
2020-11-01,208.50,E,2020-11-06,2020-11-10
2020-11-03,211.60,S,2020-11-08,2020-11-12
2020-11-05,214.70,W,2020-11-10,2020-11-14
2020-11-07,217.80,N,2020-11-12,2020-11-16
2020-11-09,220.90,N,2020-11-14,2020-11-18
2020-11-11,224.00,S,pending,pending
2020-11-13,227.10,E,pending,pending
2020-11-15,230.20,N,pending,pending
2020-11-17,233.30,N,2020-11-22,2020-11-26
2020-11-19,236.40,N,2020-11-24,2020-11-28
2020-11-21,239.50,E,2020-11-26,2020-11-30
2020-11-23,242.60,W,2020-11-28,2020-12-02
2020-11-25,245.70,N,2020-11-30,2020-12-04
2020-11-27,248.80,W,2020-12-02,2020-12-06
2020-11-29,251.90,W,2020-12-04,2020-12-08
2020-12-01,100.00,N,pending,pending
2020-12-03,103.10,N,pending,pending
2020-12-05,106.20,N,pending,pending
2020-12-07,109.30,S,2020-12-12,2020-12-16
2020-12-09,112.40,N,2020-12-14,2020-12-18
2020-12-11,115.50,S,2020-12-16,2020-12-20
2020-12-13,118.60,E,2020-12-18,2020-12-22
2020-12-15,121.70,W,2020-12-20,2020-12-24
2020-12-17,124.80,S,2020-12-22,2020-12-26
2020-12-19,127.90,S,2020-12-24,2020-12-28
2020-12-21,131.00,S,pending,pending
2020-12-23,134.10,W,pending,pending
2020-12-25,137.20,S,pending,pending
2020-12-27,140.30,N,2021-01-01,2021-01-05
2020-12-29,143.40,S,2021-01-03,2021-01-07
2020-12-31,146.50,N,2021-01-05,2021-01-09
2021-01-02,149.60,N,2021-01-07,2021-01-11
2021-01-04,152.70,W,2021-01-09,2021-01-13
2021-01-06,155.80,N,2021-01-11,2021-01-15
2021-01-08,158.90,E,2021-01-13,2021-01-17
2021-01-10,162.00,N,pending,pending
2021-01-12,165.10,N,pending,pending
2021-01-14,168.20,W,pending,pending
2021-01-16,171.30,S,2021-01-21,2021-01-25
2021-01-18,174.40,N,2021-01-23,2021-01-27
2021-01-20,177.50,W,2021-01-25,2021-01-29
2021-01-22,180.60,N,2021-01-27,2021-01-31
2021-01-24,183.70,E,2021-01-29,2021-02-02
2021-01-26,186.80,W,2021-01-31,2021-02-04
2021-01-28,189.90,W,2021-02-02,2021-02-06
2021-01-30,193.00,E,pending,pending
2021-02-01,196.10,E,pending,pending
2021-02-03,199.20,N,pending,pending
2021-02-05,202.30,S,2021-02-10,2021-02-14
2021-02-07,205.40,E,2021-02-12,2021-02-16
2021-02-09,208.50,S,2021-02-14,2021-02-18
2021-02-11,211.60,E,2021-02-16,2021-02-20
2021-02-13,214.70,S,2021-02-18,2021-02-22
2021-02-15,217.80,E,2021-02-20,2021-02-24
2021-02-17,220.90,N,2021-02-22,2021-02-26
2021-02-19,224.00,S,pending,pending
2021-02-21,227.10,E,pending,pending
2021-02-23,230.20,E,pending,pending
2021-02-25,233.30,S,2021-03-02,2021-03-06
2021-02-27,236.40,S,2021-03-04,2021-03-08
2021-03-01,239.50,E,2021-03-06,2021-03-10
2021-03-03,242.60,W,2021-03-08,2021-03-12
2021-03-05,245.70,W,2021-03-10,2021-03-14
2021-03-07,248.80,S,2021-03-12,2021-03-16
2021-03-09,251.90,S,2021-03-14,2021-03-18
2021-03-11,100.00,N,pending,pending
2021-03-13,103.10,E,pending,pending
2021-03-15,106.20,N,pending,pending
2021-03-17,109.30,N,2021-03-22,2021-03-26
2021-03-19,112.40,N,2021-03-24,2021-03-28
2021-03-21,115.50,N,2021-03-26,2021-03-30
2021-03-23,118.60,W,2021-03-28,2021-04-01
2021-03-25,121.70,S,2021-03-30,2021-04-03
2021-03-27,124.80,W,2021-04-01,2021-04-05
2021-03-29,127.90,W,2021-04-03,2021-04-07
2021-03-31,131.00,W,pending,pending
2021-04-02,134.10,E,pending,pending
2021-04-04,137.20,N,pending,pending
2021-04-06,140.30,N,2021-04-11,2021-04-15
2021-04-08,143.40,W,2021-04-13,2021-04-17
2021-04-10,146.50,N,2021-04-15,2021-04-19
2021-04-12,149.60,S,2021-04-17,2021-04-21
2021-04-14,152.70,W,2021-04-19,2021-04-23
2021-04-16,155.80,S,2021-04-21,2021-04-25
2021-04-18,158.90,N,2021-04-23,2021-04-27
2021-04-20,162.00,N,pending,pending
2021-04-22,165.10,W,pending,pending
2021-04-24,168.20,S,pending,pending
2021-04-26,171.30,S,2021-05-01,2021-05-05
2021-04-28,174.40,W,2021-05-03,2021-05-07
2021-04-30,177.50,E,2021-05-05,2021-05-09
2021-05-02,180.60,S,2021-05-07,2021-05-11
2021-05-04,183.70,E,2021-05-09,2021-05-13
2021-05-06,186.80,E,2021-05-11,2021-05-15
2021-05-08,189.90,E,2021-05-13,2021-05-17
2021-05-10,193.00,W,pending,pending
2021-05-12,196.10,W,pending,pending
2021-05-14,199.20,S,pending,pending
2021-05-16,202.30,E,2021-05-21,2021-05-25
2021-05-18,205.40,E,2021-05-23,2021-05-27
2021-05-20,208.50,W,2021-05-25,2021-05-29
2021-05-22,211.60,E,2021-05-27,2021-05-31
2021-05-24,214.70,N,2021-05-29,2021-06-02
2021-05-26,217.80,S,2021-05-31,2021-06-04
2021-05-28,220.90,S,2021-06-02,2021-06-06
2021-05-30,224.00,W,pending,pending
2021-06-01,227.10,N,pending,pending
2021-06-03,230.20,N,pending,pending
2021-06-05,233.30,N,2021-06-10,2021-06-14
2021-06-07,236.40,N,2021-06-12,2021-06-16
2021-06-09,239.50,S,2021-06-14,2021-06-18
2021-06-11,242.60,S,2021-06-16,2021-06-20
2021-06-13,245.70,S,2021-06-18,2021-06-22
2021-06-15,248.80,N,2021-06-20,2021-06-24
2021-06-17,251.90,W,2021-06-22,2021-06-26
2021-06-19,100.00,W,pending,pending
2021-06-21,103.10,E,pending,pending
2021-06-23,106.20,N,pending,pending
2021-06-25,109.30,W,2021-06-30,2021-07-04
2021-06-27,112.40,W,2021-07-02,2021-07-06
2021-06-29,115.50,E,2021-07-04,2021-07-08
2021-07-01,118.60,W,2021-07-06,2021-07-10
2021-07-03,121.70,E,2021-07-08,2021-07-12
2021-07-05,124.80,W,2021-07-10,2021-07-14
2021-07-07,127.90,W,2021-07-12,2021-07-16
2021-07-09,131.00,N,pending,pending
2021-07-11,134.10,S,pending,pending
2021-07-13,137.20,S,pending,pending
2021-07-15,140.30,S,2021-07-20,2021-07-24
2021-07-17,143.40,N,2021-07-22,2021-07-26
2021-07-19,146.50,E,2021-07-24,2021-07-28
2021-07-21,149.60,W,2021-07-26,2021-07-30
2021-07-23,152.70,W,2021-07-28,2021-08-01
2021-07-25,155.80,S,2021-07-30,2021-08-03
2021-07-27,158.90,E,2021-08-01,2021-08-05
2021-07-29,162.00,N,pending,pending
2021-07-31,165.10,E,pending,pending
2021-08-02,168.20,S,pending,pending
2021-08-04,171.30,E,2021-08-09,2021-08-13
2021-08-06,174.40,S,2021-08-11,2021-08-15
2021-08-08,177.50,N,2021-08-13,2021-08-17
2021-08-10,180.60,W,2021-08-15,2021-08-19
2021-08-12,183.70,N,2021-08-17,2021-08-21
2021-08-14,186.80,E,2021-08-19,2021-08-23
2021-08-16,189.90,E,2021-08-21,2021-08-25
2021-08-18,193.00,E,pending,pending
2021-08-20,196.10,N,pending,pending
2021-08-22,199.20,N,pending,pending
2021-08-24,202.30,W,2021-08-29,2021-09-02
2021-08-26,205.40,W,2021-08-31,2021-09-04
2021-08-28,208.50,S,2021-09-02,2021-09-06
2021-08-30,211.60,N,2021-09-04,2021-09-08
2021-09-01,214.70,E,2021-09-06,2021-09-10
2021-09-03,217.80,E,2021-09-08,2021-09-12
2021-09-05,220.90,W,2021-09-10,2021-09-14
2021-09-07,224.00,S,pending,pending
2021-09-09,227.10,S,pending,pending
2021-09-11,230.20,N,pending,pending
2021-09-13,233.30,S,2021-09-18,2021-09-22
2021-09-15,236.40,N,2021-09-20,2021-09-24
2021-09-17,239.50,S,2021-09-22,2021-09-26
2021-09-19,242.60,N,2021-09-24,2021-09-28
2021-09-21,245.70,W,2021-09-26,2021-09-30
2021-09-23,248.80,E,2021-09-28,2021-10-02
2021-09-25,251.90,E,2021-09-30,2021-10-04
2021-09-27,100.00,S,pending,pending
2021-09-29,103.10,W,pending,pending
2021-10-01,106.20,E,pending,pending
2021-10-03,109.30,E,2021-10-08,2021-10-12
2021-10-05,112.40,N,2021-10-10,2021-10-14
2021-10-07,115.50,W,2021-10-12,2021-10-16
2021-10-09,118.60,S,2021-10-14,2021-10-18
2021-10-11,121.70,S,2021-10-16,2021-10-20
2021-10-13,124.80,S,2021-10-18,2021-10-22
2021-10-15,127.90,S,2021-10-20,2021-10-24
2021-10-17,131.00,N,pending,pending
2021-10-19,134.10,W,pending,pending
2021-10-21,137.20,E,pending,pending
2021-10-23,140.30,N,2021-10-28,2021-11-01
2021-10-25,143.40,W,2021-10-30,2021-11-03
2021-10-27,146.50,N,2021-11-01,2021-11-05
2021-10-29,149.60,W,2021-11-03,2021-11-07
2021-10-31,152.70,W,2021-11-05,2021-11-09
2021-11-02,155.80,S,2021-11-07,2021-11-11
2021-11-04,158.90,N,2021-11-09,2021-11-13
2021-11-06,162.00,N,pending,pending
2021-11-08,165.10,E,pending,pending
2021-11-10,168.20,N,pending,pending
2021-11-12,171.30,N,2021-11-17,2021-11-21
2021-11-14,174.40,S,2021-11-19,2021-11-23
2021-11-16,177.50,W,2021-11-21,2021-11-25
2021-11-18,180.60,N,2021-11-23,2021-11-27
2021-11-20,183.70,W,2021-11-25,2021-11-29
2021-11-22,186.80,N,2021-11-27,2021-12-01
2021-11-24,189.90,S,2021-11-29,2021-12-03
2021-11-26,193.00,N,pending,pending
2021-11-28,196.10,W,pending,pending
2021-11-30,199.20,W,pending,pending
2021-12-02,202.30,N,2021-12-07,2021-12-11
2021-12-04,205.40,N,2021-12-09,2021-12-13
2021-12-06,208.50,E,2021-12-11,2021-12-15
2021-12-08,211.60,W,2021-12-13,2021-12-17
2021-12-10,214.70,W,2021-12-15,2021-12-19
2021-12-12,217.80,E,2021-12-17,2021-12-21
2021-12-14,220.90,N,2021-12-19,2021-12-23
2021-12-16,224.00,N,pending,pending
2021-12-18,227.10,S,pending,pending
2021-12-20,230.20,S,pending,pending
2021-12-22,233.30,W,2021-12-27,2021-12-31
2021-12-24,236.40,S,2021-12-29,2022-01-02
2021-12-26,239.50,S,2021-12-31,2022-01-04
2021-12-28,242.60,N,2022-01-02,2022-01-06
2021-12-30,245.70,E,2022-01-04,2022-01-08
2022-01-01,248.80,N,2022-01-06,2022-01-10
2022-01-03,251.90,N,2022-01-08,2022-01-12
2022-01-05,100.00,S,pending,pending
2022-01-07,103.10,N,pending,pending
2022-01-09,106.20,S,pending,pending
2022-01-11,109.30,N,2022-01-16,2022-01-20
2022-01-13,112.40,W,2022-01-18,2022-01-22
2022-01-15,115.50,E,2022-01-20,2022-01-24
2022-01-17,118.60,W,2022-01-22,2022-01-26
2022-01-19,121.70,W,2022-01-24,2022-01-28
2022-01-21,124.80,W,2022-01-26,2022-01-30
2022-01-23,127.90,S,2022-01-28,2022-02-01
2022-01-25,131.00,N,pending,pending
2022-01-27,134.10,E,pending,pending
2022-01-29,137.20,W,pending,pending
2022-01-31,140.30,S,2022-02-05,2022-02-09
2022-02-02,143.40,N,2022-02-07,2022-02-11
2022-02-04,146.50,S,2022-02-09,2022-02-13
2022-02-06,149.60,E,2022-02-11,2022-02-15
2022-02-08,152.70,W,2022-02-13,2022-02-17
2022-02-10,155.80,N,2022-02-15,2022-02-19
2022-02-12,158.90,E,2022-02-17,2022-02-21
2022-02-14,162.00,W,pending,pending
2022-02-16,165.10,E,pending,pending
2022-02-18,168.20,S,pending,pending
2022-02-20,171.30,S,2022-02-25,2022-03-01
2022-02-22,174.40,N,2022-02-27,2022-03-03
2022-02-24,177.50,W,2022-03-01,2022-03-05
2022-02-26,180.60,S,2022-03-03,2022-03-07
2022-02-28,183.70,N,2022-03-05,2022-03-09
2022-03-02,186.80,W,2022-03-07,2022-03-11
2022-03-04,189.90,S,2022-03-09,2022-03-13
2022-03-06,193.00,E,pending,pending
2022-03-08,196.10,N,pending,pending
2022-03-10,199.20,W,pending,pending
2022-03-12,202.30,S,2022-03-17,2022-03-21
2022-03-14,205.40,N,2022-03-19,2022-03-23
2022-03-16,208.50,S,2022-03-21,2022-03-25
2022-03-18,211.60,E,2022-03-23,2022-03-27
2022-03-20,214.70,E,2022-03-25,2022-03-29
2022-03-22,217.80,N,2022-03-27,2022-03-31
2022-03-24,220.90,N,2022-03-29,2022-04-02
2022-03-26,224.00,W,pending,pending
2022-03-28,227.10,E,pending,pending
2022-03-30,230.20,W,pending,pending
2022-04-01,233.30,N,2022-04-06,2022-04-10
2022-04-03,236.40,E,2022-04-08,2022-04-12
2022-04-05,239.50,S,2022-04-10,2022-04-14
2022-04-07,242.60,N,2022-04-12,2022-04-16
2022-04-09,245.70,W,2022-04-14,2022-04-18
2022-04-11,248.80,S,2022-04-16,2022-04-20
2022-04-13,251.90,N,2022-04-18,2022-04-22
2022-04-15,100.00,N,pending,pending
2022-04-17,103.10,W,pending,pending
2022-04-19,106.20,E,pending,pending
2022-04-21,109.30,N,2022-04-26,2022-04-30
2022-04-23,112.40,W,2022-04-28,2022-05-02
2022-04-25,115.50,S,2022-04-30,2022-05-04
2022-04-27,118.60,E,2022-05-02,2022-05-06
2022-04-29,121.70,N,2022-05-04,2022-05-08
2022-05-01,124.80,E,2022-05-06,2022-05-10
2022-05-03,127.90,S,2022-05-08,2022-05-12
2022-05-05,131.00,S,pending,pending
2022-05-07,134.10,E,pending,pending
2022-05-09,137.20,W,pending,pending
2022-05-11,140.30,E,2022-05-16,2022-05-20
2022-05-13,143.40,E,2022-05-18,2022-05-22
2022-05-15,146.50,N,2022-05-20,2022-05-24
2022-05-17,149.60,N,2022-05-22,2022-05-26
2022-05-19,152.70,N,2022-05-24,2022-05-28
2022-05-21,155.80,N,2022-05-26,2022-05-30
2022-05-23,158.90,N,2022-05-28,2022-06-01
2022-05-25,162.00,N,pending,pending
2022-05-27,165.10,S,pending,pending
2022-05-29,168.20,E,pending,pending
2022-05-31,171.30,W,2022-06-05,2022-06-09
2022-06-02,174.40,E,2022-06-07,2022-06-11
2022-06-04,177.50,N,2022-06-09,2022-06-13
2022-06-06,180.60,S,2022-06-11,2022-06-15
2022-06-08,183.70,W,2022-06-13,2022-06-17
2022-06-10,186.80,S,2022-06-15,2022-06-19
2022-06-12,189.90,E,2022-06-17,2022-06-21
2022-06-14,193.00,S,pending,pending
2022-06-16,196.10,E,pending,pending
2022-06-18,199.20,E,pending,pending
2022-06-20,202.30,N,2022-06-25,2022-06-29
2022-06-22,205.40,S,2022-06-27,2022-07-01
2022-06-24,208.50,S,2022-06-29,2022-07-03
2022-06-26,211.60,N,2022-07-01,2022-07-05
2022-06-28,214.70,E,2022-07-03,2022-07-07
2022-06-30,217.80,S,2022-07-05,2022-07-09
2022-07-02,220.90,S,2022-07-07,2022-07-11
2022-07-04,224.00,W,pending,pending
2022-07-06,227.10,W,pending,pending
2022-07-08,230.20,W,pending,pending
2022-07-10,233.30,N,2022-07-15,2022-07-19
2022-07-12,236.40,E,2022-07-17,2022-07-21
2022-07-14,239.50,E,2022-07-19,2022-07-23
2022-07-16,242.60,W,2022-07-21,2022-07-25
2022-07-18,245.70,S,2022-07-23,2022-07-27
2022-07-20,248.80,W,2022-07-25,2022-07-29
2022-07-22,251.90,W,2022-07-27,2022-07-31
2022-07-24,100.00,S,pending,pending
2022-07-26,103.10,W,pending,pending
2022-07-28,106.20,N,pending,pending
2022-07-30,109.30,S,2022-08-04,2022-08-08
2022-08-01,112.40,W,2022-08-06,2022-08-10
2022-08-03,115.50,W,2022-08-08,2022-08-12
2022-08-05,118.60,N,2022-08-10,2022-08-14
2022-08-07,121.70,N,2022-08-12,2022-08-16
2022-08-09,124.80,S,2022-08-14,2022-08-18
2022-08-11,127.90,W,2022-08-16,2022-08-20
2022-08-13,131.00,N,pending,pending
2022-08-15,134.10,S,pending,pending
2022-08-17,137.20,N,pending,pending
2022-08-19,140.30,N,2022-08-24,2022-08-28
2022-08-21,143.40,S,2022-08-26,2022-08-30
2022-08-23,146.50,W,2022-08-28,2022-09-01
2022-08-25,149.60,E,2022-08-30,2022-09-03
2022-08-27,152.70,W,2022-09-01,2022-09-05
2022-08-29,155.80,W,2022-09-03,2022-09-07
2022-08-31,158.90,S,2022-09-05,2022-09-09
2022-09-02,162.00,S,pending,pending
2022-09-04,165.10,E,pending,pending
2022-09-06,168.20,S,pending,pending
2022-09-08,171.30,E,2022-09-13,2022-09-17
2022-09-10,174.40,E,2022-09-15,2022-09-19
2022-09-12,177.50,S,2022-09-17,2022-09-21
2022-09-14,180.60,E,2022-09-19,2022-09-23
2022-09-16,183.70,E,2022-09-21,2022-09-25
2022-09-18,186.80,S,2022-09-23,2022-09-27
2022-09-20,189.90,N,2022-09-25,2022-09-29
2022-09-22,193.00,W,pending,pending
2022-09-24,196.10,W,pending,pending
2022-09-26,199.20,E,pending,pending
2022-09-28,202.30,S,2022-10-03,2022-10-07
2022-09-30,205.40,S,2022-10-05,2022-10-09
2022-10-02,208.50,S,2022-10-07,2022-10-11
2022-10-04,211.60,W,2022-10-09,2022-10-13
2022-10-06,214.70,W,2022-10-11,2022-10-15
2022-10-08,217.80,N,2022-10-13,2022-10-17
2022-10-10,220.90,N,2022-10-15,2022-10-19
2022-10-12,224.00,S,pending,pending
2022-10-14,227.10,W,pending,pending
2022-10-16,230.20,N,pending,pending
2022-10-18,233.30,E,2022-10-23,2022-10-27
2022-10-20,236.40,S,2022-10-25,2022-10-29
2022-10-22,239.50,E,2022-10-27,2022-10-31
2022-10-24,242.60,W,2022-10-29,2022-11-02
2022-10-26,245.70,W,2022-10-31,2022-11-04
2022-10-28,248.80,N,2022-11-02,2022-11-06
2022-10-30,251.90,S,2022-11-04,2022-11-08
2022-11-01,100.00,W,pending,pending
2022-11-03,103.10,N,pending,pending
2022-11-05,106.20,N,pending,pending
2022-11-07,109.30,S,2022-11-12,2022-11-16
2022-11-09,112.40,W,2022-11-14,2022-11-18
2022-11-11,115.50,N,2022-11-16,2022-11-20
2022-11-13,118.60,E,2022-11-18,2022-11-22
2022-11-15,121.70,N,2022-11-20,2022-11-24
2022-11-17,124.80,E,2022-11-22,2022-11-26
2022-11-19,127.90,W,2022-11-24,2022-11-28
2022-11-21,131.00,W,pending,pending
2022-11-23,134.10,W,pending,pending
2022-11-25,137.20,W,pending,pending
2022-11-27,140.30,N,2022-12-02,2022-12-06
2022-11-29,143.40,S,2022-12-04,2022-12-08
2022-12-01,146.50,W,2022-12-06,2022-12-10
2022-12-03,149.60,E,2022-12-08,2022-12-12
2022-12-05,152.70,N,2022-12-10,2022-12-14
2022-12-07,155.80,S,2022-12-12,2022-12-16
2022-12-09,158.90,E,2022-12-14,2022-12-18
2022-12-11,162.00,E,pending,pending
2022-12-13,165.10,N,pending,pending
2022-12-15,168.20,N,pending,pending
2022-12-17,171.30,N,2022-12-22,2022-12-26
2022-12-19,174.40,E,2022-12-24,2022-12-28
2022-12-21,177.50,W,2022-12-26,2022-12-30
2022-12-23,180.60,E,2022-12-28,2023-01-01
2022-12-25,183.70,N,2022-12-30,2023-01-03
2022-12-27,186.80,E,2023-01-01,2023-01-05
2022-12-29,189.90,S,2023-01-03,2023-01-07
2022-12-31,193.00,N,pending,pending
2023-01-02,196.10,N,pending,pending
2023-01-04,199.20,N,pending,pending
2023-01-06,202.30,E,2023-01-11,2023-01-15
2023-01-08,205.40,E,2023-01-13,2023-01-17
2023-01-10,208.50,S,2023-01-15,2023-01-19
2023-01-12,211.60,W,2023-01-17,2023-01-21
2023-01-14,214.70,N,2023-01-19,2023-01-23
2023-01-16,217.80,N,2023-01-21,2023-01-25
2023-01-18,220.90,S,2023-01-23,2023-01-27
2023-01-20,224.00,E,pending,pending
2023-01-22,227.10,W,pending,pending
2023-01-24,230.20,W,pending,pending
2023-01-26,233.30,N,2023-01-31,2023-02-04
2023-01-28,236.40,W,2023-02-02,2023-02-06
2023-01-30,239.50,W,2023-02-04,2023-02-08
2023-02-01,242.60,S,2023-02-06,2023-02-10
2023-02-03,245.70,S,2023-02-08,2023-02-12
2023-02-05,248.80,E,2023-02-10,2023-02-14
2023-02-07,251.90,W,2023-02-12,2023-02-16
2023-02-09,100.00,E,pending,pending
2023-02-11,103.10,N,pending,pending
2023-02-13,106.20,E,pending,pending
2023-02-15,109.30,S,2023-02-20,2023-02-24
2023-02-17,112.40,N,2023-02-22,2023-02-26
2023-02-19,115.50,S,2023-02-24,2023-02-28
2023-02-21,118.60,E,2023-02-26,2023-03-02
2023-02-23,121.70,E,2023-02-28,2023-03-04
2023-02-25,124.80,E,2023-03-02,2023-03-06
2023-02-27,127.90,N,2023-03-04,2023-03-08
2023-03-01,131.00,S,pending,pending
2023-03-03,134.10,N,pending,pending
2023-03-05,137.20,W,pending,pending
2023-03-07,140.30,S,2023-03-12,2023-03-16
2023-03-09,143.40,S,2023-03-14,2023-03-18
2023-03-11,146.50,N,2023-03-16,2023-03-20
2023-03-13,149.60,W,2023-03-18,2023-03-22
2023-03-15,152.70,W,2023-03-20,2023-03-24
2023-03-17,155.80,S,2023-03-22,2023-03-26
2023-03-19,158.90,W,2023-03-24,2023-03-28
2023-03-21,162.00,W,pending,pending
2023-03-23,165.10,S,pending,pending
2023-03-25,168.20,E,pending,pending
2023-03-27,171.30,W,2023-04-01,2023-04-05
2023-03-29,174.40,E,2023-04-03,2023-04-07
2023-03-31,177.50,N,2023-04-05,2023-04-09
2023-04-02,180.60,E,2023-04-07,2023-04-11
2023-04-04,183.70,S,2023-04-09,2023-04-13
2023-04-06,186.80,W,2023-04-11,2023-04-15
2023-04-08,189.90,N,2023-04-13,2023-04-17
2023-04-10,193.00,S,pending,pending
2023-04-12,196.10,N,pending,pending
2023-04-14,199.20,E,pending,pending
2023-04-16,202.30,S,2023-04-21,2023-04-25
2023-04-18,205.40,W,2023-04-23,2023-04-27
2023-04-20,208.50,S,2023-04-25,2023-04-29
2023-04-22,211.60,E,2023-04-27,2023-05-01
2023-04-24,214.70,N,2023-04-29,2023-05-03
2023-04-26,217.80,E,2023-05-01,2023-05-05
2023-04-28,220.90,N,2023-05-03,2023-05-07
2023-04-30,224.00,N,pending,pending
2023-05-02,227.10,W,pending,pending
2023-05-04,230.20,S,pending,pending
2023-05-06,233.30,N,2023-05-11,2023-05-15
2023-05-08,236.40,E,2023-05-13,2023-05-17
2023-05-10,239.50,S,2023-05-15,2023-05-19
2023-05-12,242.60,W,2023-05-17,2023-05-21
2023-05-14,245.70,W,2023-05-19,2023-05-23
2023-05-16,248.80,S,2023-05-21,2023-05-25
2023-05-18,251.90,W,2023-05-23,2023-05-27
2023-05-20,100.00,N,pending,pending
2023-05-22,103.10,N,pending,pending
2023-05-24,106.20,S,pending,pending
2023-05-26,109.30,S,2023-05-31,2023-06-04
2023-05-28,112.40,N,2023-06-02,2023-06-06
2023-05-30,115.50,N,2023-06-04,2023-06-08
2023-06-01,118.60,E,2023-06-06,2023-06-10
2023-06-03,121.70,S,2023-06-08,2023-06-12
2023-06-05,124.80,E,2023-06-10,2023-06-14
2023-06-07,127.90,N,2023-06-12,2023-06-16
2023-06-09,131.00,W,pending,pending
2023-06-11,134.10,E,pending,pending
2023-06-13,137.20,S,pending,pending
2023-06-15,140.30,N,2023-06-20,2023-06-24
2023-06-17,143.40,E,2023-06-22,2023-06-26
2023-06-19,146.50,N,2023-06-24,2023-06-28
2023-06-21,149.60,N,2023-06-26,2023-06-30
2023-06-23,152.70,S,2023-06-28,2023-07-02
2023-06-25,155.80,S,2023-06-30,2023-07-04
2023-06-27,158.90,E,2023-07-02,2023-07-06
2023-06-29,162.00,E,pending,pending
2023-07-01,165.10,S,pending,pending
2023-07-03,168.20,W,pending,pending
2023-07-05,171.30,N,2023-07-10,2023-07-14
2023-07-07,174.40,S,2023-07-12,2023-07-16
2023-07-09,177.50,W,2023-07-14,2023-07-18
2023-07-11,180.60,W,2023-07-16,2023-07-20
2023-07-13,183.70,W,2023-07-18,2023-07-22
2023-07-15,186.80,N,2023-07-20,2023-07-24
2023-07-17,189.90,N,2023-07-22,2023-07-26
2023-07-19,193.00,E,pending,pending
2023-07-21,196.10,S,pending,pending
2023-07-23,199.20,N,pending,pending
2023-07-25,202.30,W,2023-07-30,2023-08-03
2023-07-27,205.40,W,2023-08-01,2023-08-05
2023-07-29,208.50,E,2023-08-03,2023-08-07
2023-07-31,211.60,N,2023-08-05,2023-08-09
2023-08-02,214.70,W,2023-08-07,2023-08-11
2023-08-04,217.80,E,2023-08-09,2023-08-13
2023-08-06,220.90,N,2023-08-11,2023-08-15
2023-08-08,224.00,N,pending,pending
2023-08-10,227.10,W,pending,pending
2023-08-12,230.20,E,pending,pending
2023-08-14,233.30,S,2023-08-19,2023-08-23
2023-08-16,236.40,E,2023-08-21,2023-08-25
2023-08-18,239.50,W,2023-08-23,2023-08-27
2023-08-20,242.60,S,2023-08-25,2023-08-29
2023-08-22,245.70,E,2023-08-27,2023-08-31
2023-08-24,248.80,W,2023-08-29,2023-09-02
2023-08-26,251.90,N,2023-08-31,2023-09-04
2023-08-28,100.00,N,pending,pending
2023-08-30,103.10,E,pending,pending
2023-09-01,106.20,W,pending,pending
2023-09-03,109.30,E,2023-09-08,2023-09-12
2023-09-05,112.40,N,2023-09-10,2023-09-14
2023-09-07,115.50,W,2023-09-12,2023-09-16
2023-09-09,118.60,N,2023-09-14,2023-09-18
2023-09-11,121.70,S,2023-09-16,2023-09-20
2023-09-13,124.80,W,2023-09-18,2023-09-22
2023-09-15,127.90,S,2023-09-20,2023-09-24
2023-09-17,131.00,E,pending,pending
2023-09-19,134.10,N,pending,pending
2023-09-21,137.20,S,pending,pending
2023-09-23,140.30,E,2023-09-28,2023-10-02
2023-09-25,143.40,N,2023-09-30,2023-10-04
2023-09-27,146.50,W,2023-10-02,2023-10-06
2023-09-29,149.60,W,2023-10-04,2023-10-08
2023-10-01,152.70,S,2023-10-06,2023-10-10
2023-10-03,155.80,W,2023-10-08,2023-10-12
2023-10-05,158.90,S,2023-10-10,2023-10-14
2023-10-07,162.00,N,pending,pending
2023-10-09,165.10,W,pending,pending
2023-10-11,168.20,E,pending,pending
2023-10-13,171.30,S,2023-10-18,2023-10-22
2023-10-15,174.40,N,2023-10-20,2023-10-24
2023-10-17,177.50,N,2023-10-22,2023-10-26
2023-10-19,180.60,S,2023-10-24,2023-10-28
2023-10-21,183.70,E,2023-10-26,2023-10-30
2023-10-23,186.80,N,2023-10-28,2023-11-01
2023-10-25,189.90,N,2023-10-30,2023-11-03
2023-10-27,193.00,E,pending,pending
2023-10-29,196.10,W,pending,pending
2023-10-31,199.20,W,pending,pending
2023-11-02,202.30,N,2023-11-07,2023-11-11
2023-11-04,205.40,N,2023-11-09,2023-11-13
2023-11-06,208.50,S,2023-11-11,2023-11-15
2023-11-08,211.60,S,2023-11-13,2023-11-17
2023-11-10,214.70,W,2023-11-15,2023-11-19
2023-11-12,217.80,N,2023-11-17,2023-11-21
2023-11-14,220.90,W,2023-11-19,2023-11-23
2023-11-16,224.00,N,pending,pending
2023-11-18,227.10,E,pending,pending
2023-11-20,230.20,W,pending,pending
2023-11-22,233.30,N,2023-11-27,2023-12-01
2023-11-24,236.40,N,2023-11-29,2023-12-03
2023-11-26,239.50,S,2023-12-01,2023-12-05
2023-11-28,242.60,W,2023-12-03,2023-12-07
2023-11-30,245.70,W,2023-12-05,2023-12-09
2023-12-02,248.80,N,2023-12-07,2023-12-11
2023-12-04,251.90,S,2023-12-09,2023-12-13
