snapshot_date,product,account_balance,units_on_hand
2016-01-05,Line of credit,0.00,202
2016-01-08,Line of credit,0.00,275
2016-01-02,Chequing,779.64,340
2016-01-19,Chequing,3675.25,105
2016-01-07,Chequing,3862.73,175
2016-01-24,Chequing,1856.23,108
2016-01-27,Chequing,3330.48,27
2016-01-01,Chequing,1059.10,193
2016-01-07,Savings,4348.36,112
2016-01-16,Chequing,1009.37,113
2016-01-21,Line of credit,1502.20,247
2016-01-26,Savings,4808.55,49
2016-01-10,Chequing,2821.44,346
2016-01-23,Chequing,192.35,192
2016-01-04,Savings,1459.84,101
2016-01-18,Line of credit,1702.96,25
2016-01-07,Chequing,539.39,62
2016-01-02,Savings,3581.63,244
2016-01-16,Line of credit,2584.57,314
2016-01-20,Line of credit,4280.03,372
2016-01-16,Savings,4154.48,0
2016-01-15,Chequing,105.37,145
2016-01-02,Line of credit,704.11,315
2016-01-23,Chequing,3955.16,153
2016-01-28,Line of credit,2814.69,364
2016-02-10,Line of credit,2644.00,237
2016-02-26,Savings,1663.48,268
2016-02-25,Chequing,4716.63,297
2016-02-14,Chequing,0.00,376
2016-02-23,Savings,1934.47,218
2016-02-27,Chequing,1251.60,377
2016-02-09,Line of credit,0.00,141
2016-02-02,Savings,4078.67,206
2016-02-10,Line of credit,1032.30,177
2016-02-20,Line of credit,605.96,128
2016-02-22,Chequing,2524.25,143
2016-02-27,Chequing,386.74,243
2016-02-10,Chequing,1422.31,146
2016-02-08,Line of credit,2047.07,120
2016-02-22,Line of credit,3181.74,50
2016-02-10,Line of credit,152.04,253
2016-02-13,Line of credit,4701.01,199
2016-02-27,Line of credit,4438.17,25
2016-02-14,Line of credit,3543.86,0
2016-02-02,Savings,1401.06,282
2016-02-25,Chequing,2483.87,73
2016-02-18,Savings,4004.08,116
2016-02-15,Savings,429.44,243
2016-02-27,Line of credit,2416.35,348
2016-02-28,Savings,1213.98,239
2016-03-20,Savings,0.00,165
2016-03-02,Line of credit,1134.19,229
2016-03-26,Line of credit,3771.36,377
2016-03-26,Chequing,1627.15,132
2016-03-28,Chequing,729.55,364
2016-03-11,Savings,1936.36,175
2016-03-14,Savings,4178.63,343
2016-03-27,Chequing,0.00,134
2016-03-09,Line of credit,4264.80,159
2016-03-11,Line of credit,2188.91,49
2016-03-16,Chequing,2410.02,224
2016-03-28,Savings,0.00,161
2016-03-28,Line of credit,3880.32,363
2016-03-19,Line of credit,3503.93,262
2016-03-20,Savings,1355.72,200
2016-03-24,Chequing,4286.25,133
2016-03-16,Line of credit,882.62,74
2016-03-15,Chequing,3607.45,219
2016-03-12,Savings,2585.77,300
2016-03-16,Savings,1038.05,7
2016-03-06,Chequing,979.79,158
2016-03-28,Chequing,3703.04,178
2016-03-20,Savings,401.86,326
2016-03-02,Savings,372.02,0
2016-03-10,Line of credit,1227.71,213
2016-04-03,Chequing,0.00,51
2016-04-12,Chequing,2595.52,19
2016-04-23,Line of credit,2007.42,393
2016-04-16,Savings,1660.87,311
2016-04-06,Savings,2165.63,332
2016-04-19,Chequing,3177.19,110
2016-04-09,Line of credit,3471.43,54
2016-04-15,Line of credit,1171.37,148
2016-04-09,Savings,1203.12,339
2016-04-19,Line of credit,3249.95,213
2016-04-17,Line of credit,257.70,173
2016-04-23,Line of credit,2386.69,305
2016-04-18,Line of credit,4288.09,252
2016-04-02,Savings,185.65,353
2016-04-03,Savings,1444.83,143
2016-04-22,Savings,2254.89,96
2016-04-18,Savings,682.54,309
2016-04-28,Chequing,1339.10,321
2016-04-15,Line of credit,0.00,22
2016-04-21,Line of credit,2257.79,240
2016-04-11,Savings,1547.89,37
2016-04-04,Chequing,3050.25,65
2016-04-02,Savings,392.25,250
2016-04-25,Line of credit,1126.35,27
2016-04-19,Chequing,4350.02,0
2016-05-03,Chequing,631.14,45
2016-05-11,Chequing,1645.95,148
2016-05-28,Chequing,1878.33,26
2016-05-08,Line of credit,4226.51,255
2016-05-21,Chequing,3449.84,268
2016-05-17,Chequing,3498.43,310
2016-05-19,Line of credit,783.29,75
2016-05-21,Line of credit,4370.07,201
2016-05-26,Savings,3784.57,271
2016-05-04,Savings,3039.09,181
2016-05-05,Chequing,794.48,0
2016-05-12,Line of credit,712.32,348
2016-05-22,Savings,3534.93,133
2016-05-12,Chequing,1477.38,365
2016-05-14,Line of credit,1024.60,350
2016-05-26,Line of credit,3534.38,73
2016-05-03,Line of credit,4045.99,368
2016-05-23,Line of credit,0.00,183
2016-05-17,Savings,3001.24,182
2016-05-07,Savings,91.49,289
2016-05-10,Savings,1619.49,334
2016-05-02,Line of credit,4757.67,202
2016-05-10,Chequing,4926.75,383
2016-05-11,Line of credit,3540.50,314
2016-05-02,Chequing,929.87,381
2016-06-19,Line of credit,4490.27,223
2016-06-22,Chequing,2455.42,88
2016-06-22,Chequing,1229.68,215
2016-06-24,Savings,1305.61,9
2016-06-17,Line of credit,533.77,285
2016-06-10,Line of credit,3081.77,384
2016-06-28,Chequing,0.00,329
2016-06-18,Line of credit,3671.38,263
2016-06-27,Chequing,1470.75,237
2016-06-27,Line of credit,2577.08,94
2016-06-01,Chequing,2080.81,166
2016-06-12,Savings,4587.36,0
2016-06-10,Savings,0.00,359
2016-06-08,Chequing,1866.68,337
2016-06-21,Savings,4199.37,125
2016-06-10,Savings,4762.25,74
2016-06-08,Savings,1793.46,100
2016-06-26,Line of credit,3807.14,146
2016-06-02,Savings,4297.64,273
2016-06-26,Line of credit,378.81,183
2016-06-04,Line of credit,4797.26,29
2016-06-28,Chequing,4941.59,224
2016-06-15,Line of credit,4449.26,242
2016-06-25,Chequing,1515.57,72
2016-06-05,Line of credit,3491.94,70
2016-07-18,Savings,3092.55,0
2016-07-12,Line of credit,2683.81,47
2016-07-12,Line of credit,292.09,39
2016-07-09,Chequing,4974.67,234
2016-07-01,Line of credit,4506.53,209
2016-07-26,Savings,2968.91,342
2016-07-12,Line of credit,4519.31,328
2016-07-15,Chequing,4915.81,95
2016-07-04,Savings,4442.66,23
2016-07-20,Savings,3760.99,49
2016-07-19,Line of credit,716.97,157
2016-07-02,Savings,150.08,105
2016-07-15,Line of credit,2731.38,267
2016-07-16,Line of credit,2503.52,185
2016-07-05,Savings,4748.18,277
2016-07-13,Savings,2720.03,25
2016-07-26,Savings,0.00,106
2016-07-06,Savings,3670.02,122
2016-07-03,Line of credit,94.09,314
2016-07-20,Savings,2625.73,88
2016-07-13,Line of credit,188.60,326
2016-07-25,Line of credit,732.72,230
2016-07-02,Chequing,1301.00,18
2016-07-28,Chequing,1775.43,129
2016-07-01,Chequing,2076.63,151
2016-08-28,Line of credit,2978.47,138
2016-08-10,Savings,4694.61,216
2016-08-14,Line of credit,4472.07,4
2016-08-27,Savings,54.61,221
2016-08-04,Line of credit,3583.47,195
2016-08-08,Line of credit,3065.60,64
2016-08-28,Savings,1974.72,341
2016-08-27,Line of credit,772.62,237
2016-08-01,Savings,1866.26,78
2016-08-21,Savings,2227.16,0
2016-08-15,Line of credit,0.00,316
2016-08-21,Line of credit,4885.50,124
2016-08-04,Chequing,425.38,273
2016-08-07,Chequing,2494.83,19
2016-08-22,Chequing,119.23,248
2016-08-14,Chequing,952.62,2
2016-08-12,Chequing,64.93,82
2016-08-17,Line of credit,2300.80,205
2016-08-17,Savings,4067.86,160
2016-08-01,Chequing,0.00,203
2016-08-24,Savings,3013.19,247
2016-08-11,Line of credit,276.46,124
2016-08-21,Savings,4535.37,8
2016-08-01,Line of credit,2176.73,33
2016-08-15,Chequing,3777.50,7
2016-09-08,Chequing,3084.38,399
2016-09-11,Savings,3997.42,396
2016-09-01,Line of credit,1547.68,201
2016-09-17,Line of credit,1529.32,362
2016-09-10,Line of credit,4213.61,0
2016-09-06,Savings,2929.30,18
2016-09-16,Savings,430.56,84
2016-09-01,Chequing,693.20,21
2016-09-22,Savings,4546.23,8
2016-09-19,Chequing,3221.46,291
2016-09-21,Chequing,4502.92,224
2016-09-05,Line of credit,4620.69,277
2016-09-27,Line of credit,3446.17,354
2016-09-11,Line of credit,3539.60,162
2016-09-24,Line of credit,712.08,242
2016-09-14,Savings,3749.44,74
2016-09-03,Line of credit,1257.98,391
2016-09-25,Line of credit,275.51,299
2016-09-04,Savings,4096.77,143
2016-09-10,Line of credit,2147.48,175
2016-09-19,Line of credit,3432.76,273
2016-09-06,Savings,381.49,254
2016-09-26,Chequing,1725.58,219
2016-09-01,Chequing,2465.97,0
2016-09-25,Savings,3603.49,207
2016-10-04,Line of credit,2526.49,310
2016-10-05,Chequing,0.00,248
2016-10-24,Line of credit,4130.61,2
2016-10-01,Chequing,3360.80,246
2016-10-03,Line of credit,0.00,0
2016-10-16,Savings,3214.79,42
2016-10-09,Savings,0.00,0
2016-10-24,Chequing,1693.68,103
2016-10-21,Line of credit,0.00,335
2016-10-22,Chequing,1600.58,2
2016-10-14,Chequing,3107.49,334
2016-10-26,Line of credit,2695.34,238
2016-10-17,Chequing,1696.17,178
2016-10-06,Line of credit,277.37,226
2016-10-22,Savings,482.91,97
2016-10-20,Line of credit,3220.77,78
2016-10-03,Savings,954.17,253
2016-10-19,Chequing,3143.09,16
2016-10-21,Line of credit,2876.69,112
2016-10-19,Savings,3251.12,387
2016-10-07,Line of credit,3188.71,96
2016-10-25,Savings,406.19,194
2016-10-07,Line of credit,4623.83,375
2016-10-12,Savings,2811.28,39
2016-10-15,Line of credit,3439.26,12
2016-11-25,Savings,3537.38,389
2016-11-27,Savings,2339.16,24
2016-11-24,Line of credit,280.94,175
2016-11-02,Chequing,3652.28,0
2016-11-08,Chequing,921.07,19
2016-11-06,Savings,273.78,17
2016-11-21,Line of credit,1543.25,120
2016-11-08,Line of credit,3950.24,116
2016-11-28,Savings,1778.74,230
2016-11-12,Line of credit,2512.83,374
2016-11-08,Line of credit,891.56,157
2016-11-17,Line of credit,4455.05,136
2016-11-15,Line of credit,2580.13,164
2016-11-28,Line of credit,3081.57,236
2016-11-02,Line of credit,0.00,138
2016-11-27,Savings,961.76,225
2016-11-14,Savings,803.80,65
2016-11-25,Chequing,4579.66,279
2016-11-10,Line of credit,0.00,37
2016-11-20,Savings,0.00,0
2016-11-28,Line of credit,250.03,65
2016-11-09,Savings,496.31,152
2016-11-16,Chequing,2754.27,319
2016-11-12,Chequing,2101.34,68
2016-11-01,Chequing,1580.40,324
2016-12-16,Line of credit,3331.53,25
2016-12-07,Line of credit,125.11,349
2016-12-21,Savings,724.79,292
2016-12-28,Savings,4328.84,241
2016-12-22,Savings,3971.61,105
2016-12-10,Line of credit,2731.59,47
2016-12-06,Line of credit,3536.45,284
2016-12-12,Savings,4429.91,334
2016-12-03,Savings,2521.59,72
2016-12-14,Line of credit,561.88,49
2016-12-08,Line of credit,155.77,177
2016-12-18,Chequing,3605.72,6
2016-12-15,Line of credit,4007.06,376
2016-12-20,Chequing,186.98,381
2016-12-11,Savings,1384.96,276
2016-12-24,Chequing,361.99,386
2016-12-04,Savings,1768.26,292
2016-12-26,Line of credit,2573.73,215
2016-12-12,Line of credit,4995.78,374
2016-12-18,Chequing,3858.42,302
2016-12-21,Chequing,3377.08,273
2016-12-18,Savings,3013.70,139
2016-12-05,Line of credit,3881.21,169
2016-12-09,Chequing,0.00,131
2016-12-04,Line of credit,4833.70,187
2017-01-09,Savings,0.00,296
2017-01-02,Line of credit,747.34,305
2017-01-22,Chequing,1960.29,261
2017-01-13,Chequing,0.00,394
2017-01-19,Chequing,4711.05,246
2017-01-26,Line of credit,1741.92,98
2017-01-15,Chequing,2040.40,239
2017-01-07,Chequing,1647.13,224
2017-01-08,Savings,2487.22,342
2017-01-28,Line of credit,4512.27,332
2017-01-20,Chequing,3504.44,242
2017-01-16,Chequing,4686.85,53
2017-01-27,Line of credit,535.12,87
2017-01-10,Chequing,4085.49,395
2017-01-02,Line of credit,1672.67,202
2017-01-24,Savings,121.16,65
2017-01-24,Savings,3852.88,35
2017-01-03,Line of credit,2817.04,159
2017-01-23,Chequing,1396.17,171
2017-01-19,Chequing,4291.92,350
2017-01-14,Line of credit,4884.39,184
2017-01-22,Chequing,3683.15,254
2017-01-06,Chequing,2658.19,138
2017-01-15,Line of credit,2117.34,311
2017-01-12,Savings,878.67,258
2017-02-17,Line of credit,558.28,385
2017-02-22,Chequing,2490.53,229
2017-02-12,Savings,4700.44,14
2017-02-12,Line of credit,451.61,22
2017-02-17,Savings,0.00,344
2017-02-01,Savings,924.05,30
2017-02-21,Chequing,0.00,216
2017-02-17,Chequing,4487.06,385
2017-02-04,Line of credit,3065.85,83
2017-02-03,Chequing,4871.33,185
2017-02-06,Chequing,2804.62,85
2017-02-25,Savings,196.13,327
2017-02-17,Line of credit,855.10,240
2017-02-25,Line of credit,1357.59,115
2017-02-10,Savings,1645.98,273
2017-02-20,Savings,1696.26,260
2017-02-05,Chequing,2568.01,370
2017-02-28,Chequing,800.31,341
2017-02-06,Line of credit,2802.02,248
2017-02-09,Savings,2646.90,12
2017-02-26,Savings,1135.54,34
2017-02-09,Line of credit,1864.33,149
2017-02-14,Savings,3695.55,387
2017-02-04,Line of credit,2294.01,286
2017-02-24,Line of credit,1623.75,12
2017-03-03,Chequing,4137.44,143
2017-03-08,Savings,3793.91,0
2017-03-13,Line of credit,1468.43,284
2017-03-25,Savings,3215.30,161
2017-03-16,Chequing,2611.74,63
2017-03-17,Line of credit,2218.85,320
2017-03-20,Chequing,801.73,146
2017-03-13,Chequing,1705.30,129
2017-03-24,Chequing,3200.32,222
2017-03-19,Chequing,2681.48,117
2017-03-09,Chequing,2075.86,230
2017-03-12,Savings,3355.27,34
2017-03-14,Chequing,2572.85,30
2017-03-10,Savings,4515.95,106
2017-03-19,Line of credit,2865.22,0
2017-03-21,Savings,1954.08,28
2017-03-03,Chequing,1587.67,226
2017-03-10,Savings,4470.98,107
2017-03-04,Line of credit,2403.32,177
2017-03-16,Savings,399.79,145
2017-03-24,Line of credit,4312.08,367
2017-03-01,Line of credit,3975.72,319
2017-03-11,Savings,1533.22,186
2017-03-28,Chequing,393.38,369
2017-03-20,Chequing,2787.08,265
2017-04-17,Line of credit,4066.81,350
2017-04-05,Chequing,4960.75,309
2017-04-22,Savings,1573.98,359
2017-04-06,Savings,4840.52,175
2017-04-11,Chequing,885.54,0
2017-04-10,Chequing,3671.30,225
2017-04-05,Chequing,4134.32,365
2017-04-24,Savings,4304.22,338
2017-04-21,Line of credit,2475.28,226
2017-04-02,Chequing,1940.23,72
2017-04-04,Chequing,1184.85,228
2017-04-06,Savings,1261.76,67
2017-04-12,Line of credit,1464.09,249
2017-04-03,Chequing,3408.55,215
2017-04-17,Chequing,4645.55,128
2017-04-13,Chequing,3897.37,275
2017-04-24,Line of credit,3650.64,167
2017-04-24,Chequing,2638.81,191
2017-04-07,Savings,735.47,31
2017-04-20,Line of credit,3009.00,70
2017-04-18,Chequing,3281.59,215
2017-04-25,Line of credit,2939.41,240
2017-04-04,Savings,3605.91,375
2017-04-25,Chequing,1124.20,307
2017-04-03,Savings,4599.11,251
2017-05-11,Savings,1804.15,247
2017-05-26,Chequing,2881.89,81
2017-05-27,Line of credit,4359.29,259
2017-05-15,Chequing,3049.86,121
2017-05-15,Savings,4969.24,293
2017-05-09,Line of credit,1008.31,340
2017-05-19,Savings,4341.60,372
2017-05-03,Savings,0.00,275
2017-05-02,Line of credit,1659.74,325
2017-05-04,Line of credit,2634.22,373
2017-05-20,Chequing,0.00,249
2017-05-20,Savings,3383.10,287
2017-05-05,Savings,2341.18,153
2017-05-18,Savings,2828.39,308
2017-05-14,Line of credit,4287.38,143
2017-05-12,Savings,257.12,47
2017-05-01,Line of credit,363.47,233
2017-05-10,Line of credit,0.00,191
2017-05-08,Line of credit,0.00,161
2017-05-08,Chequing,3410.33,219
2017-05-06,Chequing,0.00,4
2017-05-26,Chequing,4917.28,273
2017-05-25,Savings,2238.96,168
2017-05-01,Chequing,2522.15,18
2017-05-10,Chequing,666.60,136
2017-06-28,Chequing,2513.95,241
2017-06-10,Chequing,1326.62,121
2017-06-13,Line of credit,3792.41,288
2017-06-22,Savings,397.51,309
2017-06-13,Line of credit,1983.49,223
2017-06-19,Savings,3715.74,234
2017-06-27,Line of credit,2933.22,323
2017-06-12,Line of credit,965.71,239
2017-06-23,Line of credit,3903.20,164
2017-06-14,Savings,503.00,139
2017-06-02,Savings,973.52,341
2017-06-25,Line of credit,1596.21,284
2017-06-25,Chequing,4919.66,332
2017-06-13,Savings,147.84,370
2017-06-16,Chequing,1026.94,6
2017-06-12,Line of credit,3692.43,223
2017-06-10,Chequing,4832.64,14
2017-06-13,Savings,507.64,62
2017-06-02,Savings,1609.24,0
2017-06-05,Savings,0.00,241
2017-06-23,Line of credit,4641.01,48
2017-06-07,Chequing,4121.58,326
2017-06-26,Line of credit,3524.22,134
2017-06-21,Chequing,4622.17,136
2017-06-07,Chequing,0.00,71
2017-07-11,Savings,4825.10,334
2017-07-02,Savings,0.00,208
2017-07-17,Chequing,2537.13,239
2017-07-13,Line of credit,1327.90,347
2017-07-04,Savings,1893.15,289
2017-07-21,Savings,0.00,215
2017-07-03,Chequing,1075.07,393
2017-07-02,Savings,2964.28,373
2017-07-19,Chequing,3185.72,297
2017-07-17,Chequing,501.77,287
2017-07-07,Savings,4889.16,94
2017-07-06,Chequing,1956.70,73
2017-07-12,Chequing,4086.14,394
2017-07-09,Savings,3866.91,340
2017-07-20,Savings,469.02,375
2017-07-12,Savings,2877.37,94
2017-07-24,Savings,4722.80,103
2017-07-22,Line of credit,3454.73,340
2017-07-10,Line of credit,3180.46,262
2017-07-22,Savings,3269.18,320
2017-07-23,Line of credit,1434.73,9
2017-07-08,Chequing,3327.25,269
2017-07-23,Savings,4393.78,2
2017-07-21,Line of credit,1033.69,77
2017-07-05,Chequing,975.14,274
2017-08-03,Savings,1755.61,345
2017-08-17,Line of credit,3375.03,65
2017-08-11,Savings,1057.47,243
2017-08-20,Chequing,4824.99,380
2017-08-21,Line of credit,3388.13,119
2017-08-26,Savings,2251.06,105
2017-08-17,Line of credit,4809.22,92
2017-08-22,Chequing,3280.49,40
2017-08-18,Chequing,4146.08,13
2017-08-13,Savings,1849.05,371
2017-08-19,Line of credit,1412.55,342
2017-08-22,Chequing,347.24,7
2017-08-16,Chequing,3074.16,118
2017-08-26,Chequing,2814.15,216
2017-08-26,Savings,4084.47,123
2017-08-27,Chequing,3274.77,51
2017-08-11,Savings,4170.37,370
2017-08-28,Line of credit,1530.64,161
2017-08-22,Chequing,2976.33,287
2017-08-05,Savings,4521.52,320
2017-08-20,Savings,3251.87,61
2017-08-21,Line of credit,4820.56,162
2017-08-18,Line of credit,289.39,323
2017-08-26,Savings,3502.15,228
2017-08-03,Line of credit,157.81,338
2017-09-01,Savings,0.00,339
2017-09-03,Chequing,4998.03,310
2017-09-28,Line of credit,2399.87,191
2017-09-02,Line of credit,3775.01,0
2017-09-20,Line of credit,0.00,0
2017-09-10,Chequing,1972.73,0
2017-09-07,Line of credit,2193.28,392
2017-09-23,Chequing,90.34,202
2017-09-12,Savings,3393.71,396
2017-09-24,Savings,1504.32,0
2017-09-08,Savings,2764.15,279
2017-09-10,Line of credit,4380.61,187
2017-09-17,Chequing,0.00,212
2017-09-18,Line of credit,3709.01,128
2017-09-08,Line of credit,1951.64,295
2017-09-16,Chequing,4209.43,82
2017-09-26,Line of credit,2176.94,194
2017-09-20,Savings,4767.90,393
2017-09-24,Line of credit,1168.05,273
2017-09-27,Savings,3338.65,112
2017-09-18,Line of credit,3951.51,110
2017-09-21,Savings,4684.75,160
2017-09-01,Chequing,1692.38,191
2017-09-04,Savings,724.39,17
2017-09-06,Chequing,1034.69,209
2017-10-21,Line of credit,4477.99,172
2017-10-19,Line of credit,3120.00,0
2017-10-14,Savings,466.67,284
2017-10-04,Savings,4724.51,353
2017-10-28,Savings,3323.86,237
2017-10-15,Line of credit,4942.08,5
2017-10-26,Chequing,3483.65,209
2017-10-07,Savings,4297.30,144
2017-10-16,Chequing,1872.43,0
2017-10-27,Chequing,395.59,155
2017-10-01,Line of credit,3013.42,313
2017-10-14,Line of credit,3970.26,39
2017-10-24,Line of credit,0.00,171
2017-10-18,Chequing,4606.41,114
2017-10-06,Savings,4276.81,0
2017-10-01,Savings,0.00,396
2017-10-23,Savings,3334.18,209
2017-10-14,Line of credit,458.15,176
2017-10-22,Savings,1072.83,90
2017-10-16,Line of credit,0.00,44
2017-10-07,Savings,1399.55,169
2017-10-01,Savings,814.65,365
2017-10-22,Chequing,1888.16,235
2017-10-06,Line of credit,4964.63,361
2017-10-05,Chequing,1393.74,227
2017-11-22,Line of credit,3982.81,55
2017-11-15,Chequing,646.73,327
2017-11-07,Line of credit,2243.23,42
2017-11-24,Line of credit,3027.86,191
2017-11-17,Chequing,3203.15,4
2017-11-14,Line of credit,4836.25,98
2017-11-03,Savings,4877.82,144
2017-11-19,Line of credit,3823.54,1
2017-11-24,Chequing,3201.77,339
2017-11-15,Savings,626.28,84
2017-11-28,Chequing,82.27,361
2017-11-28,Savings,184.50,193
2017-11-16,Chequing,3256.49,158
2017-11-21,Savings,2084.92,175
2017-11-20,Line of credit,3696.47,385
2017-11-22,Savings,4377.90,363
2017-11-15,Line of credit,252.98,24
2017-11-15,Savings,264.59,76
2017-11-23,Line of credit,3282.51,214
2017-11-10,Chequing,1609.83,383
2017-11-02,Savings,4122.23,236
2017-11-26,Chequing,4214.06,119
2017-11-24,Chequing,3632.82,349
2017-11-15,Line of credit,3098.23,300
2017-11-18,Line of credit,0.00,0
2017-12-27,Savings,175.32,182
2017-12-11,Line of credit,3119.88,176
2017-12-15,Savings,3759.92,116
2017-12-24,Chequing,2148.97,376
2017-12-22,Savings,101.36,381
2017-12-11,Line of credit,0.00,242
2017-12-03,Savings,4336.05,139
2017-12-05,Savings,1235.35,258
2017-12-23,Savings,2085.85,387
2017-12-24,Chequing,1190.75,162
2017-12-09,Line of credit,1484.40,312
2017-12-25,Line of credit,2952.72,116
2017-12-01,Savings,729.83,5
2017-12-06,Chequing,4078.37,256
2017-12-10,Line of credit,377.53,0
2017-12-17,Savings,4785.09,100
2017-12-11,Savings,3750.63,72
2017-12-07,Chequing,3072.83,47
2017-12-04,Line of credit,3122.36,335
2017-12-25,Chequing,615.08,349
2017-12-22,Chequing,655.06,127
2017-12-26,Line of credit,2809.17,253
2017-12-22,Savings,1663.29,222
2017-12-02,Chequing,2232.92,234
2017-12-25,Chequing,613.45,152
2018-01-07,Savings,609.46,166
2018-01-14,Chequing,1776.49,242
2018-01-17,Chequing,864.29,80
2018-01-25,Line of credit,1736.54,373
2018-01-04,Savings,4404.63,242
2018-01-26,Chequing,1659.91,114
2018-01-08,Savings,4150.62,344
2018-01-28,Line of credit,2462.83,301
2018-01-13,Savings,2028.54,369
2018-01-16,Savings,4928.85,335
2018-01-10,Chequing,1851.83,109
2018-01-26,Line of credit,238.75,263
2018-01-13,Savings,0.00,109
2018-01-10,Savings,2773.52,215
2018-01-15,Savings,1930.93,271
2018-01-17,Savings,172.93,148
2018-01-25,Savings,0.00,272
2018-01-26,Line of credit,284.61,165
2018-01-12,Savings,1916.37,24
2018-01-17,Line of credit,3440.93,163
2018-01-28,Chequing,1112.97,303
2018-01-16,Chequing,1169.29,205
2018-01-01,Chequing,1871.17,227
2018-01-15,Chequing,3412.57,204
2018-01-12,Line of credit,3752.37,199
2018-02-24,Line of credit,645.58,63
2018-02-02,Chequing,1609.82,218
2018-02-25,Chequing,2626.65,271
2018-02-21,Line of credit,2097.77,180
2018-02-19,Chequing,1716.08,45
2018-02-01,Savings,4385.73,227
2018-02-18,Savings,4109.26,296
2018-02-16,Line of credit,0.00,47
2018-02-05,Chequing,1495.29,388
2018-02-24,Savings,2351.49,347
2018-02-10,Savings,1905.57,125
2018-02-06,Chequing,666.71,188
2018-02-20,Chequing,2751.20,146
2018-02-28,Line of credit,3439.80,273
2018-02-22,Line of credit,2793.49,367
2018-02-10,Line of credit,840.85,251
2018-02-02,Savings,4044.31,0
2018-02-09,Line of credit,523.99,357
2018-02-14,Line of credit,567.36,106
2018-02-23,Chequing,4978.44,41
2018-02-03,Chequing,0.00,0
2018-02-01,Savings,4987.48,386
2018-02-27,Chequing,3958.90,194
2018-02-18,Line of credit,4736.89,208
2018-02-13,Chequing,4262.82,326
2018-03-28,Chequing,209.26,48
2018-03-18,Line of credit,4492.01,296
2018-03-07,Savings,233.67,99
2018-03-01,Line of credit,290.67,107
2018-03-24,Line of credit,4513.58,0
2018-03-08,Line of credit,3689.59,133
2018-03-25,Chequing,747.39,343
2018-03-22,Savings,451.43,186
2018-03-27,Line of credit,585.78,378
2018-03-28,Savings,3116.98,162
2018-03-05,Savings,4638.38,173
2018-03-16,Savings,4683.63,104
2018-03-25,Savings,4461.75,129
2018-03-27,Line of credit,3061.84,84
2018-03-22,Chequing,3446.71,175
2018-03-17,Chequing,0.00,24
2018-03-18,Savings,1630.58,0
2018-03-02,Line of credit,4039.25,145
2018-03-23,Line of credit,853.09,247
2018-03-27,Line of credit,117.55,239
2018-03-27,Line of credit,3299.03,3
2018-03-01,Line of credit,0.00,170
2018-03-24,Savings,3209.94,203
2018-03-19,Line of credit,3403.82,18
2018-03-06,Savings,4384.78,19
2018-04-15,Line of credit,2244.24,342
2018-04-25,Line of credit,445.26,91
2018-04-20,Chequing,2004.92,59
2018-04-02,Line of credit,4358.31,383
2018-04-08,Chequing,4578.38,386
2018-04-28,Savings,4776.88,17
2018-04-19,Chequing,1071.72,341
2018-04-05,Savings,4912.56,180
2018-04-12,Line of credit,4111.88,209
2018-04-21,Savings,1389.80,129
2018-04-24,Chequing,107.83,391
2018-04-02,Savings,3899.75,13
2018-04-25,Chequing,3341.86,0
2018-04-19,Savings,885.11,42
2018-04-11,Chequing,4334.72,264
2018-04-23,Chequing,1807.42,48
2018-04-26,Savings,1822.15,267
2018-04-20,Chequing,1652.33,382
2018-04-10,Savings,2341.48,312
2018-04-17,Savings,2792.85,200
2018-04-18,Savings,3976.39,129
2018-04-01,Chequing,3985.38,342
2018-04-20,Savings,489.44,356
2018-04-28,Line of credit,2442.84,330
2018-04-17,Chequing,1424.46,280
2018-05-20,Chequing,0.00,289
2018-05-16,Chequing,3725.17,313
2018-05-17,Savings,1496.99,393
2018-05-16,Line of credit,2527.10,77
2018-05-04,Line of credit,4561.61,11
2018-05-27,Chequing,3250.12,44
2018-05-16,Chequing,1510.32,6
2018-05-22,Chequing,3221.67,215
2018-05-06,Savings,2444.93,21
2018-05-10,Savings,3262.29,147
2018-05-22,Savings,1378.18,171
2018-05-04,Savings,1461.43,167
2018-05-24,Line of credit,2108.65,0
2018-05-19,Chequing,1263.40,26
2018-05-11,Line of credit,1213.59,334
2018-05-15,Savings,1264.32,96
2018-05-19,Savings,1116.06,32
2018-05-14,Line of credit,0.00,333
2018-05-21,Savings,4974.19,155
2018-05-23,Chequing,3642.91,283
2018-05-02,Chequing,3071.39,30
2018-05-11,Line of credit,2465.88,283
2018-05-01,Savings,4452.39,362
2018-05-15,Chequing,3072.08,175
2018-05-08,Line of credit,3096.18,299
2018-06-23,Chequing,1823.84,70
2018-06-28,Line of credit,635.67,272
2018-06-05,Line of credit,0.00,109
2018-06-02,Chequing,4479.15,102
2018-06-01,Line of credit,2077.66,299
2018-06-10,Line of credit,0.00,123
2018-06-26,Line of credit,1623.79,351
2018-06-24,Chequing,1290.65,199
2018-06-18,Chequing,2274.20,221
2018-06-10,Savings,4082.07,0
2018-06-02,Savings,1887.69,112
2018-06-03,Line of credit,3112.75,38
2018-06-18,Line of credit,4007.20,128
2018-06-26,Savings,1308.82,201
2018-06-27,Line of credit,1841.78,398
2018-06-06,Line of credit,1463.93,43
2018-06-21,Line of credit,0.00,371
2018-06-15,Savings,2678.84,367
2018-06-18,Line of credit,0.00,322
2018-06-01,Chequing,2334.61,66
2018-06-12,Chequing,0.00,154
2018-06-26,Line of credit,4083.38,7
2018-06-14,Savings,4784.98,251
2018-06-01,Line of credit,4269.47,2
2018-06-11,Line of credit,2934.82,44
2018-07-04,Line of credit,753.13,361
2018-07-19,Savings,0.00,275
2018-07-21,Savings,0.00,333
2018-07-08,Savings,749.10,251
2018-07-07,Chequing,3868.47,346
2018-07-28,Chequing,3678.35,69
2018-07-20,Line of credit,1368.91,382
2018-07-18,Line of credit,3027.66,89
2018-07-08,Chequing,2483.23,111
2018-07-12,Line of credit,2839.40,190
2018-07-14,Line of credit,2535.84,164
2018-07-26,Chequing,1825.71,264
2018-07-22,Chequing,1137.57,183
2018-07-28,Savings,2921.06,159
2018-07-01,Line of credit,3240.51,70
2018-07-03,Savings,2811.21,66
2018-07-04,Line of credit,2769.85,20
2018-07-08,Chequing,3009.53,78
2018-07-25,Chequing,2033.68,54
2018-07-01,Chequing,2554.43,293
2018-07-19,Line of credit,1392.81,394
2018-07-13,Savings,1192.55,333
2018-07-09,Line of credit,4187.64,31
2018-07-15,Savings,1145.99,43
2018-07-24,Savings,3736.71,180
2018-08-11,Line of credit,243.11,368
2018-08-16,Line of credit,4084.15,252
2018-08-07,Line of credit,867.68,83
2018-08-08,Line of credit,765.72,159
2018-08-21,Line of credit,2456.58,323
2018-08-12,Chequing,3783.03,340
2018-08-26,Savings,0.00,314
2018-08-18,Savings,78.32,127
2018-08-25,Line of credit,3443.81,72
2018-08-12,Savings,3610.72,124
2018-08-01,Line of credit,0.00,185
2018-08-24,Savings,774.37,22
2018-08-03,Chequing,953.99,270
2018-08-07,Line of credit,1101.22,176
2018-08-08,Chequing,4744.98,92
2018-08-12,Line of credit,0.00,5
2018-08-07,Chequing,3371.45,178
2018-08-18,Chequing,1320.32,263
2018-08-21,Chequing,894.71,26
2018-08-19,Line of credit,1793.05,46
2018-08-06,Chequing,4290.35,44
2018-08-16,Chequing,2690.81,114
2018-08-16,Chequing,1582.97,273
2018-08-24,Line of credit,3886.33,227
2018-08-07,Savings,3687.41,17
2018-09-23,Chequing,4674.23,47
2018-09-14,Line of credit,663.33,232
2018-09-13,Savings,4905.26,119
2018-09-04,Savings,2755.27,237
2018-09-13,Chequing,4221.21,285
2018-09-04,Chequing,4568.97,318
2018-09-16,Chequing,516.40,108
2018-09-08,Chequing,2494.19,309
2018-09-15,Savings,4069.31,312
2018-09-26,Savings,1691.08,204
2018-09-15,Savings,2606.84,130
2018-09-10,Line of credit,3066.15,211
2018-09-08,Line of credit,4757.63,253
2018-09-14,Savings,818.35,236
2018-09-13,Savings,2235.55,95
2018-09-08,Chequing,4030.43,288
2018-09-24,Line of credit,2359.24,360
2018-09-10,Chequing,4952.14,397
2018-09-14,Savings,3280.16,229
2018-09-17,Chequing,3836.11,87
2018-09-02,Savings,928.60,22
2018-09-02,Savings,863.95,140
2018-09-04,Line of credit,4585.81,152
2018-09-25,Chequing,979.96,150
2018-09-07,Savings,2750.76,166
2018-10-28,Line of credit,1917.82,255
2018-10-05,Savings,4413.28,0
2018-10-01,Chequing,1085.78,136
2018-10-15,Savings,2837.08,165
2018-10-16,Chequing,376.04,180
2018-10-13,Savings,3170.21,296
2018-10-16,Savings,3632.76,146
2018-10-05,Savings,4551.22,215
2018-10-18,Chequing,4826.01,209
2018-10-01,Savings,604.40,356
2018-10-09,Savings,0.00,25
2018-10-22,Chequing,731.51,383
2018-10-07,Savings,2917.58,378
2018-10-17,Savings,3722.41,97
2018-10-13,Savings,524.00,361
2018-10-11,Savings,185.46,117
2018-10-14,Chequing,419.00,49
2018-10-14,Chequing,4009.74,94
2018-10-20,Line of credit,2823.17,342
2018-10-02,Savings,1119.03,351
2018-10-11,Line of credit,4703.68,197
2018-10-15,Line of credit,1229.26,162
2018-10-19,Savings,2723.46,100
2018-10-03,Chequing,4614.69,371
2018-10-13,Line of credit,105.26,0
2018-11-24,Chequing,2356.12,23
2018-11-22,Chequing,3770.95,40
2018-11-09,Savings,4378.73,204
2018-11-16,Chequing,3316.33,155
2018-11-08,Line of credit,1476.63,302
2018-11-23,Chequing,2769.08,160
2018-11-14,Savings,2582.69,175
2018-11-03,Chequing,4321.42,220
2018-11-19,Savings,796.98,230
2018-11-16,Chequing,3842.25,277
2018-11-16,Chequing,4632.94,245
2018-11-28,Chequing,4996.80,281
2018-11-10,Savings,4212.41,297
2018-11-22,Savings,3982.10,13
2018-11-27,Savings,4975.53,137
2018-11-16,Savings,1957.12,0
2018-11-04,Chequing,2085.09,276
2018-11-28,Chequing,3397.61,285
2018-11-11,Line of credit,1522.28,37
2018-11-19,Chequing,3986.50,245
2018-11-28,Line of credit,4005.47,107
2018-11-03,Savings,3962.33,247
2018-11-02,Line of credit,0.00,325
2018-11-24,Savings,3016.27,378
2018-11-04,Line of credit,1686.27,0
2018-12-06,Savings,2505.84,160
2018-12-27,Savings,4966.65,133
2018-12-15,Line of credit,421.65,322
2018-12-09,Line of credit,2830.48,5
2018-12-08,Chequing,3472.15,22
2018-12-22,Savings,1179.02,1
2018-12-07,Chequing,2537.54,328
2018-12-12,Line of credit,1231.53,337
2018-12-27,Savings,4167.02,68
2018-12-07,Savings,4103.43,362
2018-12-06,Savings,302.42,224
2018-12-27,Line of credit,2957.92,137
2018-12-03,Chequing,2263.04,58
2018-12-11,Savings,982.39,115
2018-12-05,Line of credit,4466.93,69
2018-12-24,Chequing,2156.58,359
2018-12-28,Chequing,975.42,107
2018-12-03,Savings,349.98,37
2018-12-19,Line of credit,4725.75,272
2018-12-25,Savings,3107.36,267
2018-12-26,Line of credit,1016.84,242
2018-12-17,Line of credit,0.00,215
2018-12-06,Chequing,1256.71,350
2018-12-15,Chequing,0.00,22
2018-12-25,Line of credit,2921.61,99
2019-01-24,Savings,1856.72,213
2019-01-27,Chequing,4572.56,174
2019-01-03,Savings,4368.32,14
2019-01-11,Chequing,3630.96,128
2019-01-13,Savings,1869.46,326
2019-01-15,Line of credit,3056.86,61
2019-01-24,Line of credit,2379.71,60
2019-01-16,Savings,1119.07,201
2019-01-06,Savings,950.65,137
2019-01-15,Savings,4693.22,180
2019-01-06,Chequing,4052.40,65
2019-01-15,Chequing,2049.74,399
2019-01-14,Chequing,3996.59,172
2019-01-17,Chequing,4795.75,153
2019-01-22,Line of credit,1389.90,90
2019-01-02,Line of credit,523.18,154
2019-01-07,Savings,0.00,0
2019-01-13,Savings,2149.89,364
2019-01-23,Savings,1110.16,249
2019-01-10,Chequing,0.00,295
2019-01-26,Chequing,0.00,242
2019-01-03,Chequing,491.19,20
2019-01-09,Savings,291.82,25
2019-01-12,Savings,4165.36,277
2019-01-12,Savings,2793.12,373
2019-02-20,Line of credit,3055.76,350
2019-02-25,Chequing,4894.26,244
2019-02-21,Chequing,3987.69,26
2019-02-08,Chequing,2545.85,47
2019-02-23,Savings,2324.46,126
2019-02-17,Chequing,1833.64,267
2019-02-04,Savings,1762.72,124
2019-02-04,Chequing,3463.93,155
2019-02-07,Savings,2119.71,252
2019-02-04,Chequing,2188.97,228
2019-02-14,Savings,2422.88,216
2019-02-08,Savings,4914.06,337
2019-02-11,Chequing,1498.01,286
2019-02-14,Chequing,0.00,140
2019-02-15,Chequing,940.84,245
2019-02-14,Chequing,4805.89,190
2019-02-12,Chequing,422.21,103
2019-02-25,Line of credit,3237.24,275
2019-02-27,Chequing,613.35,210
2019-02-19,Chequing,4621.87,8
2019-02-19,Chequing,4447.66,84
2019-02-05,Chequing,4934.62,229
2019-02-18,Chequing,4740.74,189
2019-02-15,Chequing,2913.30,338
2019-02-22,Line of credit,4209.57,351
2019-03-25,Chequing,80.91,193
2019-03-18,Chequing,4848.55,326
2019-03-02,Savings,4402.01,213
2019-03-22,Chequing,303.91,254
2019-03-09,Line of credit,3731.36,211
2019-03-23,Line of credit,0.00,115
2019-03-19,Chequing,2295.81,386
2019-03-10,Savings,880.14,321
2019-03-12,Savings,2774.77,305
2019-03-24,Savings,275.65,345
2019-03-23,Savings,1612.58,352
2019-03-14,Savings,4580.75,0
2019-03-05,Line of credit,3060.87,200
2019-03-03,Savings,4858.18,60
2019-03-03,Savings,2328.49,212
2019-03-15,Savings,3621.64,22
2019-03-20,Line of credit,0.00,98
2019-03-18,Savings,4815.61,203
2019-03-24,Line of credit,2154.58,190
2019-03-18,Line of credit,366.21,0
2019-03-19,Savings,2352.56,315
2019-03-11,Line of credit,1685.62,101
2019-03-05,Line of credit,0.00,97
2019-03-11,Line of credit,1354.15,101
2019-03-08,Chequing,223.76,359
2019-04-21,Chequing,1274.37,284
2019-04-28,Chequing,1806.68,383
2019-04-16,Line of credit,0.00,202
2019-04-17,Line of credit,1342.29,118
2019-04-07,Savings,3574.18,353
2019-04-13,Savings,0.00,51
2019-04-21,Chequing,4380.79,247
2019-04-11,Chequing,2059.63,260
2019-04-17,Line of credit,0.00,211
2019-04-25,Line of credit,2448.40,96
2019-04-18,Line of credit,614.36,94
2019-04-14,Savings,692.59,0
2019-04-19,Line of credit,1592.06,381
2019-04-06,Savings,179.49,121
2019-04-16,Chequing,2397.33,397
2019-04-14,Line of credit,129.02,144
2019-04-19,Chequing,4529.23,294
2019-04-12,Savings,2675.04,392
2019-04-26,Line of credit,1605.79,14
2019-04-13,Line of credit,3189.22,346
2019-04-25,Line of credit,478.08,150
2019-04-04,Chequing,3908.13,355
2019-04-06,Line of credit,4552.03,0
2019-04-05,Line of credit,0.00,398
2019-04-02,Chequing,0.00,322
2019-05-05,Line of credit,4584.26,382
2019-05-27,Chequing,2346.32,293
2019-05-07,Savings,1089.87,0
2019-05-21,Savings,506.63,106
2019-05-27,Savings,2681.56,298
2019-05-22,Savings,1004.85,73
2019-05-19,Savings,1146.28,371
2019-05-21,Savings,2729.58,20
2019-05-18,Chequing,166.47,191
2019-05-21,Line of credit,2254.11,190
2019-05-21,Savings,1043.83,369
2019-05-11,Line of credit,3839.71,13
2019-05-15,Line of credit,2821.06,380
2019-05-03,Chequing,2332.31,307
2019-05-21,Chequing,1112.73,41
2019-05-24,Savings,313.83,11
2019-05-21,Savings,1912.34,215
2019-05-07,Line of credit,3733.11,77
2019-05-03,Savings,816.35,0
2019-05-02,Chequing,3462.02,95
2019-05-05,Chequing,4987.68,36
2019-05-17,Savings,2974.33,386
2019-05-10,Chequing,4820.98,0
2019-05-16,Savings,613.04,160
2019-05-06,Line of credit,986.39,299
2019-06-08,Line of credit,2730.01,80
2019-06-17,Chequing,2302.02,300
2019-06-20,Line of credit,409.35,182
2019-06-17,Line of credit,0.00,188
2019-06-27,Line of credit,4319.68,98
2019-06-09,Chequing,3439.03,55
2019-06-16,Savings,1066.20,361
2019-06-08,Chequing,1733.32,140
2019-06-21,Line of credit,4053.41,245
2019-06-11,Chequing,213.29,199
2019-06-20,Line of credit,1853.79,286
2019-06-04,Line of credit,2651.57,356
2019-06-18,Savings,2197.79,257
2019-06-21,Savings,1156.81,83
2019-06-06,Savings,242.56,223
2019-06-23,Line of credit,3375.84,38
2019-06-12,Chequing,3371.46,376
2019-06-24,Savings,3483.95,35
2019-06-28,Chequing,4124.15,30
2019-06-02,Chequing,2568.57,198
2019-06-13,Line of credit,4668.88,21
2019-06-16,Chequing,809.67,137
2019-06-08,Savings,3556.51,81
2019-06-07,Savings,3574.00,103
2019-06-21,Savings,2126.70,40
2019-07-18,Line of credit,3198.11,249
2019-07-05,Savings,102.08,322
2019-07-20,Line of credit,936.75,319
2019-07-25,Line of credit,3549.24,384
2019-07-11,Savings,1187.98,127
2019-07-25,Line of credit,2467.43,80
2019-07-21,Savings,3526.54,316
2019-07-06,Line of credit,1646.58,393
2019-07-22,Savings,3743.12,129
2019-07-24,Chequing,0.00,166
2019-07-15,Chequing,4171.99,174
2019-07-10,Line of credit,1687.48,229
2019-07-28,Chequing,4278.28,0
2019-07-28,Chequing,3967.79,82
2019-07-07,Line of credit,417.30,291
2019-07-03,Chequing,2157.84,381
2019-07-09,Chequing,1688.33,35
2019-07-11,Chequing,2620.42,303
2019-07-28,Savings,4359.12,293
2019-07-06,Chequing,2309.05,133
2019-07-01,Line of credit,4572.04,356
2019-07-19,Savings,942.01,299
2019-07-19,Line of credit,2630.04,180
2019-07-25,Chequing,1770.21,399
2019-07-16,Chequing,4781.83,19
2019-08-02,Savings,4673.67,371
2019-08-15,Chequing,2282.99,0
2019-08-18,Line of credit,4807.43,125
2019-08-28,Savings,0.00,218
2019-08-03,Chequing,4859.36,98
2019-08-03,Savings,2935.29,235
2019-08-01,Line of credit,801.25,348
2019-08-20,Line of credit,3298.99,195
2019-08-02,Line of credit,808.34,74
2019-08-12,Line of credit,2939.20,273
2019-08-26,Savings,3491.48,218
2019-08-19,Chequing,0.00,75
2019-08-05,Savings,3966.62,20
2019-08-10,Line of credit,2213.53,126
2019-08-02,Chequing,3223.37,145
2019-08-10,Chequing,0.00,14
2019-08-02,Chequing,4109.44,118
2019-08-12,Savings,4354.21,131
2019-08-03,Line of credit,2528.43,146
2019-08-23,Chequing,4790.10,50
2019-08-24,Chequing,1117.95,29
2019-08-22,Savings,4042.09,346
2019-08-11,Savings,4733.90,291
2019-08-21,Chequing,330.31,27
2019-08-03,Line of credit,0.00,357
2019-09-13,Line of credit,555.57,309
2019-09-05,Line of credit,3345.98,362
2019-09-07,Savings,1967.03,181
2019-09-03,Savings,0.00,232
2019-09-06,Savings,4860.29,37
2019-09-14,Line of credit,2280.27,136
2019-09-17,Savings,3493.13,34
2019-09-07,Line of credit,548.29,135
2019-09-18,Chequing,3030.82,393
2019-09-01,Savings,3259.57,286
2019-09-16,Chequing,4569.27,80
2019-09-12,Chequing,4257.70,81
2019-09-01,Chequing,4264.60,6
2019-09-11,Savings,3899.87,2
2019-09-08,Savings,2576.91,100
2019-09-05,Savings,104.00,259
2019-09-10,Line of credit,3848.59,318
2019-09-20,Chequing,4376.86,211
2019-09-10,Savings,4501.51,219
2019-09-16,Chequing,3969.41,287
2019-09-25,Savings,0.00,97
2019-09-03,Line of credit,2122.42,198
2019-09-19,Line of credit,4475.06,6
2019-09-19,Savings,178.02,130
2019-09-07,Savings,1853.80,64
2019-10-13,Chequing,3617.49,192
2019-10-17,Savings,529.83,90
2019-10-24,Chequing,3539.81,378
2019-10-25,Line of credit,2258.54,306
2019-10-17,Savings,3859.41,365
2019-10-26,Chequing,239.31,277
2019-10-07,Savings,4151.79,285
2019-10-04,Line of credit,2436.08,116
2019-10-21,Line of credit,0.00,172
2019-10-21,Line of credit,64.26,350
2019-10-25,Line of credit,0.00,152
2019-10-21,Savings,1224.77,113
2019-10-27,Chequing,770.40,240
2019-10-23,Line of credit,1524.08,89
2019-10-06,Chequing,648.93,0
2019-10-24,Savings,0.00,140
2019-10-03,Chequing,3603.94,201
2019-10-03,Line of credit,2553.40,307
2019-10-15,Line of credit,440.13,364
2019-10-27,Savings,3136.38,301
2019-10-19,Line of credit,351.19,114
2019-10-04,Chequing,1243.73,20
2019-10-17,Savings,4009.84,80
2019-10-09,Line of credit,4494.83,149
2019-10-08,Savings,3364.95,108
2019-11-07,Savings,891.38,318
2019-11-13,Savings,1357.51,173
2019-11-22,Savings,3935.50,176
2019-11-28,Chequing,2047.09,109
2019-11-13,Savings,2997.78,59
2019-11-18,Line of credit,4386.96,369
2019-11-16,Chequing,0.00,254
2019-11-04,Chequing,57.82,191
2019-11-10,Chequing,271.01,153
2019-11-07,Chequing,2438.76,48
2019-11-04,Chequing,0.00,134
2019-11-14,Savings,4218.12,335
2019-11-06,Chequing,1837.44,102
2019-11-20,Line of credit,0.00,42
2019-11-13,Line of credit,3291.51,228
2019-11-13,Savings,3080.93,130
2019-11-17,Chequing,3531.37,318
2019-11-21,Savings,0.00,287
2019-11-01,Savings,2303.93,115
2019-11-02,Chequing,4346.16,92
2019-11-17,Savings,409.94,331
2019-11-26,Line of credit,3902.02,98
2019-11-13,Line of credit,4659.12,74
2019-11-23,Chequing,2314.79,155
2019-11-21,Line of credit,2765.18,12
2019-12-27,Savings,2690.38,48
2019-12-08,Chequing,541.12,218
2019-12-13,Line of credit,4626.06,391
2019-12-01,Line of credit,1314.08,47
2019-12-19,Line of credit,0.00,187
2019-12-06,Savings,2386.76,172
2019-12-09,Chequing,0.00,263
2019-12-27,Line of credit,762.62,118
2019-12-27,Chequing,4763.95,212
2019-12-16,Line of credit,1719.60,231
2019-12-11,Line of credit,571.29,304
2019-12-19,Savings,4837.40,114
2019-12-27,Savings,2021.20,352
2019-12-15,Savings,2218.49,59
2019-12-02,Chequing,353.10,198
2019-12-15,Line of credit,1793.47,364
2019-12-17,Line of credit,984.14,253
2019-12-16,Line of credit,4052.26,352
2019-12-14,Savings,1884.82,226
2019-12-13,Chequing,2829.86,300
2019-12-02,Chequing,1995.84,382
2019-12-03,Line of credit,1401.54,307
2019-12-12,Line of credit,326.85,26
2019-12-21,Line of credit,3620.14,294
2019-12-07,Line of credit,3056.60,352
2020-01-09,Savings,4624.29,170
2020-01-09,Chequing,4969.35,393
2020-01-13,Line of credit,2164.27,120
2020-01-21,Line of credit,616.52,21
2020-01-07,Savings,1293.47,59
2020-01-28,Chequing,3490.33,257
2020-01-08,Chequing,0.00,339
2020-01-28,Chequing,4505.17,17
2020-01-23,Savings,3708.66,37
2020-01-27,Chequing,1430.76,80
2020-01-16,Chequing,3282.21,348
2020-01-11,Line of credit,527.63,336
2020-01-06,Line of credit,1463.65,283
2020-01-22,Chequing,2182.96,42
2020-01-24,Chequing,3760.23,371
2020-01-06,Chequing,1032.71,152
2020-01-10,Chequing,1778.48,301
2020-01-12,Chequing,3295.63,239
2020-01-16,Line of credit,1547.10,0
2020-01-15,Line of credit,649.53,56
2020-01-21,Savings,4968.68,99
2020-01-26,Savings,4672.52,213
2020-01-23,Line of credit,1795.01,141
2020-01-27,Chequing,900.41,163
2020-01-27,Savings,1936.73,104
2020-02-05,Savings,2543.90,156
2020-02-25,Chequing,2278.33,369
2020-02-13,Savings,344.09,256
2020-02-23,Savings,0.00,257
2020-02-23,Savings,0.00,0
2020-02-09,Chequing,285.48,261
2020-02-16,Chequing,2448.37,268
2020-02-20,Savings,805.49,235
2020-02-20,Line of credit,1949.06,230
2020-02-27,Savings,4820.01,152
2020-02-26,Chequing,3254.49,230
2020-02-27,Line of credit,4289.65,123
2020-02-25,Line of credit,811.40,334
2020-02-16,Chequing,2183.90,379
2020-02-16,Line of credit,4530.22,194
2020-02-08,Line of credit,2120.80,53
2020-02-21,Line of credit,1524.30,94
2020-02-24,Line of credit,4457.68,101
2020-02-12,Savings,3672.65,144
2020-02-14,Chequing,2896.95,343
2020-02-04,Chequing,1849.91,101
2020-02-15,Savings,0.00,47
2020-02-20,Savings,453.40,181
2020-02-23,Line of credit,1660.06,0
2020-02-13,Savings,2425.86,0
2020-03-20,Chequing,957.85,167
2020-03-14,Chequing,3887.26,251
2020-03-15,Line of credit,1177.10,160
2020-03-26,Chequing,4838.94,140
2020-03-24,Line of credit,1616.24,30
2020-03-10,Chequing,244.52,179
2020-03-20,Line of credit,1886.67,311
2020-03-07,Chequing,4339.69,320
2020-03-25,Line of credit,382.72,314
2020-03-13,Line of credit,1208.20,177
2020-03-15,Line of credit,2712.52,137
2020-03-02,Chequing,4472.88,123
2020-03-13,Line of credit,0.00,162
2020-03-14,Chequing,4960.66,253
2020-03-18,Savings,3701.52,226
2020-03-02,Line of credit,1841.20,248
2020-03-28,Savings,1119.92,383
2020-03-18,Line of credit,1700.82,227
2020-03-01,Savings,1620.55,356
2020-03-06,Savings,4895.44,97
2020-03-07,Line of credit,3027.06,218
2020-03-01,Chequing,4653.11,336
2020-03-22,Chequing,3615.29,245
2020-03-07,Chequing,3261.34,125
2020-03-21,Line of credit,1402.31,129
2020-04-01,Chequing,1051.27,102
2020-04-16,Line of credit,0.00,214
2020-04-26,Line of credit,4689.67,181
2020-04-07,Line of credit,1885.87,57
2020-04-23,Savings,727.56,390
2020-04-24,Savings,3172.05,84
2020-04-24,Chequing,4520.10,167
2020-04-28,Chequing,555.18,371
2020-04-16,Line of credit,463.25,76
2020-04-18,Chequing,4751.79,26
2020-04-06,Line of credit,2073.90,313
2020-04-08,Line of credit,242.04,348
2020-04-22,Savings,3342.65,78
2020-04-19,Savings,4301.18,115
2020-04-17,Chequing,367.44,0
2020-04-07,Line of credit,3243.08,257
2020-04-03,Savings,1330.65,158
2020-04-11,Line of credit,2625.57,176
2020-04-03,Chequing,4669.70,125
2020-04-13,Savings,1063.42,210
2020-04-25,Line of credit,0.00,261
2020-04-19,Line of credit,0.00,306
2020-04-20,Savings,1530.09,166
2020-04-08,Savings,4918.08,39
2020-04-19,Chequing,3201.88,352
2020-05-19,Chequing,4541.84,76
2020-05-21,Line of credit,4882.39,370
2020-05-16,Savings,474.34,279
2020-05-26,Chequing,4248.13,94
2020-05-20,Chequing,2190.45,90
2020-05-06,Chequing,0.00,22
2020-05-21,Savings,2248.93,239
2020-05-06,Chequing,710.79,13
2020-05-10,Chequing,1987.40,33
2020-05-07,Savings,1708.41,38
2020-05-18,Savings,1492.36,235
2020-05-12,Chequing,4200.81,188
2020-05-24,Chequing,296.67,21
2020-05-21,Line of credit,3793.26,183
2020-05-12,Line of credit,1573.04,382
2020-05-17,Savings,4327.32,331
2020-05-13,Savings,2583.17,97
2020-05-16,Chequing,3624.88,276
2020-05-15,Line of credit,3740.43,177
2020-05-18,Line of credit,2323.29,4
2020-05-13,Line of credit,3187.25,89
2020-05-12,Line of credit,1309.18,8
2020-05-24,Line of credit,2715.52,72
2020-05-10,Savings,3156.88,97
2020-05-06,Savings,2793.58,269
2020-06-14,Line of credit,1340.09,284
2020-06-06,Chequing,1196.67,100
2020-06-12,Chequing,1615.42,269
2020-06-19,Line of credit,4243.83,130
2020-06-04,Chequing,2047.98,168
2020-06-04,Line of credit,4522.45,166
2020-06-19,Line of credit,1740.18,202
2020-06-13,Savings,1090.89,361
2020-06-02,Chequing,2431.95,150
2020-06-23,Savings,530.47,396
2020-06-23,Line of credit,952.41,60
2020-06-03,Chequing,3216.57,257
2020-06-03,Savings,78.07,77
2020-06-14,Line of credit,4612.47,225
2020-06-22,Line of credit,4553.52,226
2020-06-28,Chequing,3695.47,173
2020-06-13,Line of credit,2733.24,7
2020-06-13,Line of credit,2127.34,243
2020-06-03,Savings,1385.21,323
2020-06-13,Chequing,2284.44,212
2020-06-26,Chequing,1476.91,21
2020-06-08,Savings,4691.33,51
2020-06-17,Line of credit,3060.01,383
2020-06-20,Savings,0.00,111
2020-06-19,Line of credit,0.00,392
2020-07-12,Line of credit,3573.33,173
2020-07-02,Line of credit,469.68,72
2020-07-09,Chequing,2688.70,25
2020-07-18,Chequing,2863.65,139
2020-07-15,Chequing,2286.54,292
2020-07-26,Savings,512.22,170
2020-07-06,Line of credit,2350.90,109
2020-07-15,Line of credit,4005.70,0
2020-07-17,Chequing,2225.20,332
2020-07-05,Line of credit,2120.88,267
2020-07-18,Savings,1681.72,0
2020-07-08,Savings,1728.91,359
2020-07-17,Line of credit,4418.38,121
2020-07-13,Savings,208.13,112
2020-07-17,Savings,4476.62,13
2020-07-12,Savings,4016.07,163
2020-07-06,Savings,864.36,289
2020-07-08,Line of credit,4947.96,0
2020-07-16,Line of credit,2578.54,306
2020-07-17,Line of credit,3847.91,165
2020-07-21,Chequing,2871.74,314
2020-07-14,Savings,1505.98,176
2020-07-15,Chequing,309.91,126
2020-07-07,Chequing,94.20,0
2020-07-12,Savings,4056.49,223
2020-08-22,Line of credit,2248.63,387
2020-08-10,Savings,0.00,355
2020-08-12,Line of credit,0.00,255
2020-08-01,Line of credit,1389.56,96
2020-08-08,Savings,2288.78,127
2020-08-16,Line of credit,3904.39,60
2020-08-12,Line of credit,267.52,330
2020-08-07,Line of credit,3561.75,283
2020-08-22,Chequing,1181.20,20
2020-08-10,Chequing,3187.48,128
2020-08-01,Line of credit,3126.13,360
2020-08-06,Line of credit,809.71,220
2020-08-21,Chequing,1979.74,398
2020-08-21,Chequing,3691.50,10
2020-08-27,Chequing,4289.77,151
2020-08-18,Savings,819.25,221
2020-08-26,Savings,4033.43,265
2020-08-08,Line of credit,3499.68,136
2020-08-19,Chequing,4355.25,86
2020-08-24,Line of credit,2181.44,0
2020-08-14,Line of credit,4724.02,358
2020-08-16,Chequing,1871.44,0
2020-08-10,Savings,4287.56,258
2020-08-19,Chequing,3725.49,318
2020-08-21,Chequing,1208.33,101
2020-09-05,Line of credit,2867.52,64
2020-09-10,Line of credit,3235.53,161
2020-09-25,Chequing,3247.34,67
2020-09-13,Savings,2116.55,169
2020-09-09,Chequing,1394.40,173
2020-09-05,Savings,3125.93,31
2020-09-19,Line of credit,2621.05,0
2020-09-20,Line of credit,1823.30,31
2020-09-11,Chequing,2070.58,352
2020-09-21,Line of credit,2068.67,139
2020-09-17,Line of credit,3229.48,107
2020-09-07,Chequing,4701.74,162
2020-09-13,Chequing,2962.66,140
2020-09-24,Chequing,1533.81,252
2020-09-18,Savings,3443.61,16
2020-09-10,Savings,4702.52,144
2020-09-01,Savings,845.58,44
2020-09-18,Line of credit,4359.07,400
2020-09-18,Savings,3540.15,128
2020-09-21,Chequing,2972.10,396
2020-09-11,Chequing,371.32,151
2020-09-09,Chequing,469.00,86
2020-09-10,Chequing,1401.83,167
2020-09-05,Savings,3534.49,267
2020-09-15,Savings,4576.89,93
2020-10-06,Savings,2533.19,319
2020-10-02,Savings,649.64,348
2020-10-25,Savings,4691.77,162
2020-10-10,Chequing,2670.65,257
2020-10-24,Savings,3218.24,208
2020-10-14,Chequing,60.56,138
2020-10-04,Line of credit,4925.92,88
2020-10-04,Chequing,1915.23,334
2020-10-11,Savings,3986.09,292
2020-10-27,Chequing,4055.96,353
2020-10-03,Line of credit,2114.94,112
2020-10-12,Savings,560.52,241
2020-10-13,Savings,3164.53,340
2020-10-11,Line of credit,4226.94,23
2020-10-12,Savings,4899.93,0
2020-10-21,Savings,2181.80,397
2020-10-12,Line of credit,1847.98,284
2020-10-10,Line of credit,0.00,241
2020-10-21,Chequing,0.00,56
2020-10-02,Savings,2134.09,0
2020-10-07,Line of credit,3343.66,327
2020-10-16,Chequing,3819.72,272
2020-10-18,Chequing,4925.37,46
2020-10-19,Line of credit,100.49,164
2020-10-03,Savings,1777.18,347
2020-11-21,Chequing,4418.43,65
2020-11-01,Line of credit,4410.06,332
2020-11-10,Line of credit,2804.50,378
2020-11-01,Savings,3351.74,145
2020-11-16,Savings,3782.61,185
2020-11-12,Line of credit,863.29,120
2020-11-02,Chequing,527.55,129
2020-11-10,Line of credit,340.04,380
2020-11-21,Savings,2989.66,158
2020-11-03,Chequing,0.00,393
2020-11-23,Chequing,452.13,72
2020-11-13,Savings,719.05,353
2020-11-08,Savings,4203.05,75
2020-11-20,Line of credit,2383.22,0
2020-11-09,Line of credit,1354.72,81
2020-11-06,Savings,2348.05,151
2020-11-19,Savings,0.00,0
2020-11-11,Line of credit,4273.51,321
2020-11-06,Line of credit,3805.58,210
2020-11-24,Savings,1452.14,357
2020-11-12,Chequing,3798.75,84
2020-11-14,Chequing,941.94,52
2020-11-27,Chequing,693.87,176
2020-11-11,Line of credit,2788.03,115
2020-11-17,Line of credit,3275.68,201
2020-12-12,Line of credit,356.39,142
2020-12-04,Chequing,4762.33,379
2020-12-03,Chequing,1294.08,116
2020-12-03,Savings,1458.85,104
2020-12-16,Chequing,3211.36,104
2020-12-27,Savings,697.67,327
2020-12-08,Savings,0.00,319
2020-12-07,Line of credit,4346.44,106
2020-12-26,Chequing,3599.95,127
2020-12-18,Savings,2803.51,304
2020-12-15,Chequing,3634.16,232
2020-12-13,Line of credit,159.31,382
2020-12-08,Savings,3695.87,200
2020-12-19,Line of credit,1874.75,274
2020-12-24,Savings,2951.71,22
2020-12-20,Chequing,860.42,207
2020-12-08,Line of credit,3397.01,140
2020-12-22,Chequing,1170.77,100
2020-12-04,Chequing,4409.02,12
2020-12-15,Chequing,1361.15,96
2020-12-02,Savings,2146.07,163
2020-12-01,Savings,3123.26,319
2020-12-07,Savings,0.00,321
2020-12-03,Line of credit,2292.60,369
2020-12-11,Savings,2885.96,150
2021-01-27,Savings,0.00,255
2021-01-02,Savings,3143.92,37
2021-01-03,Chequing,0.00,142
2021-01-24,Savings,4000.78,20
2021-01-19,Chequing,4670.72,366
2021-01-22,Savings,4988.24,349
2021-01-22,Chequing,4526.54,0
2021-01-13,Line of credit,4443.32,178
2021-01-10,Chequing,4271.99,301
2021-01-12,Line of credit,4459.44,229
2021-01-06,Savings,4253.66,359
2021-01-15,Savings,1131.92,41
2021-01-10,Chequing,4866.77,119
2021-01-28,Line of credit,3095.75,318
2021-01-08,Savings,2058.03,238
2021-01-10,Savings,2505.46,204
2021-01-20,Line of credit,2054.18,29
2021-01-12,Savings,4426.23,331
2021-01-03,Line of credit,3097.54,230
2021-01-12,Line of credit,4224.36,139
2021-01-17,Line of credit,4679.91,151
2021-01-28,Chequing,0.00,398
2021-01-08,Chequing,1344.44,49
2021-01-06,Savings,4761.47,141
2021-01-03,Line of credit,610.62,267
2021-02-08,Line of credit,2852.75,82
2021-02-21,Chequing,1984.60,241
2021-02-16,Chequing,2384.47,319
2021-02-23,Savings,1027.87,251
2021-02-15,Savings,0.00,111
2021-02-19,Chequing,3674.73,107
2021-02-21,Line of credit,3165.61,233
2021-02-18,Line of credit,4202.23,398
2021-02-26,Line of credit,3113.29,33
2021-02-25,Chequing,325.05,341
2021-02-04,Line of credit,3551.49,236
2021-02-28,Line of credit,2072.83,199
2021-02-11,Savings,3182.44,2
2021-02-17,Savings,3706.03,338
2021-02-14,Line of credit,1102.59,362
2021-02-27,Line of credit,3694.86,0
2021-02-26,Chequing,0.00,295
2021-02-15,Chequing,1886.90,327
2021-02-08,Line of credit,1472.92,199
2021-02-16,Chequing,4017.52,178
2021-02-02,Chequing,2746.57,374
2021-02-15,Chequing,2936.90,266
2021-02-18,Chequing,1601.89,155
2021-02-14,Savings,423.62,90
2021-02-27,Line of credit,0.00,256
2021-03-22,Line of credit,4664.71,263
2021-03-02,Chequing,0.00,130
2021-03-16,Line of credit,1947.51,237
2021-03-11,Savings,2239.87,188
2021-03-02,Line of credit,1277.69,400
2021-03-28,Line of credit,4536.43,179
2021-03-08,Chequing,2228.55,57
2021-03-14,Line of credit,4883.25,328
2021-03-17,Line of credit,2994.17,225
2021-03-25,Line of credit,3710.26,36
2021-03-01,Line of credit,1939.66,69
2021-03-28,Savings,1376.69,202
2021-03-17,Chequing,0.00,375
2021-03-15,Line of credit,402.00,5
2021-03-09,Chequing,183.20,177
2021-03-20,Chequing,4150.88,391
2021-03-18,Line of credit,1526.36,233
2021-03-02,Chequing,1891.62,393
2021-03-19,Chequing,3623.71,396
2021-03-10,Chequing,2126.92,43
2021-03-19,Line of credit,2021.07,399
2021-03-16,Line of credit,979.79,128
2021-03-27,Line of credit,3962.42,23
2021-03-03,Chequing,0.00,387
2021-03-24,Line of credit,4981.84,319
2021-04-15,Line of credit,1072.73,302
2021-04-05,Savings,2586.08,283
2021-04-25,Savings,2517.25,268
2021-04-19,Line of credit,3173.73,22
2021-04-05,Savings,3060.33,110
2021-04-23,Line of credit,3432.16,81
2021-04-16,Line of credit,4935.16,137
2021-04-10,Chequing,2844.46,340
2021-04-06,Line of credit,989.30,310
2021-04-11,Savings,2615.55,135
2021-04-28,Line of credit,146.02,56
2021-04-21,Chequing,1613.61,153
2021-04-18,Savings,3928.66,234
2021-04-01,Savings,3194.40,313
2021-04-20,Chequing,837.37,221
2021-04-15,Savings,873.16,396
2021-04-23,Savings,2692.92,69
2021-04-12,Savings,2260.14,0
2021-04-26,Chequing,631.93,397
2021-04-02,Line of credit,151.94,391
2021-04-02,Line of credit,0.00,5
2021-04-25,Chequing,2647.84,175
2021-04-24,Chequing,4377.00,266
2021-04-21,Line of credit,471.82,393
2021-04-14,Savings,1999.17,233
2021-05-28,Line of credit,899.31,181
2021-05-14,Chequing,1012.85,102
2021-05-22,Savings,2943.83,246
2021-05-15,Line of credit,1126.22,138
2021-05-03,Chequing,4964.50,329
2021-05-02,Line of credit,1210.89,118
2021-05-24,Line of credit,632.11,97
2021-05-10,Savings,485.11,269
2021-05-24,Savings,1832.60,249
2021-05-16,Chequing,2634.33,119
2021-05-04,Savings,1631.44,186
2021-05-04,Chequing,2341.41,87
2021-05-12,Line of credit,3571.04,358
2021-05-25,Chequing,3484.20,229
2021-05-04,Savings,2580.08,333
2021-05-20,Chequing,3385.09,87
2021-05-25,Line of credit,4991.10,344
2021-05-15,Savings,4159.48,159
2021-05-20,Line of credit,1429.73,128
2021-05-01,Line of credit,3334.05,248
2021-05-14,Savings,583.42,0
2021-05-21,Line of credit,2689.66,91
2021-05-01,Line of credit,3349.61,249
2021-05-13,Savings,197.09,335
2021-05-25,Chequing,2179.17,114
2021-06-07,Chequing,2395.70,332
2021-06-11,Chequing,1408.87,88
2021-06-11,Savings,4311.39,87
2021-06-18,Savings,4036.15,152
2021-06-23,Chequing,834.42,11
2021-06-05,Line of credit,4305.05,60
2021-06-14,Savings,0.00,0
2021-06-14,Line of credit,3192.19,104
2021-06-06,Chequing,1136.34,247
2021-06-06,Line of credit,0.00,294
2021-06-20,Savings,4843.65,190
2021-06-25,Savings,3482.39,374
2021-06-26,Line of credit,85.96,89
2021-06-06,Line of credit,3742.66,72
2021-06-28,Line of credit,3380.01,350
2021-06-05,Line of credit,1454.08,302
2021-06-03,Savings,4037.43,241
2021-06-15,Line of credit,2799.55,160
2021-06-12,Line of credit,3828.03,142
2021-06-12,Line of credit,3553.02,252
2021-06-21,Chequing,4549.93,246
2021-06-22,Savings,3262.88,393
2021-06-19,Line of credit,4366.65,128
2021-06-09,Line of credit,1894.48,55
2021-06-01,Savings,2746.06,272
2021-07-16,Line of credit,1880.66,350
2021-07-09,Savings,4878.28,183
2021-07-19,Chequing,333.51,0
2021-07-01,Savings,241.15,114
2021-07-22,Chequing,0.00,118
2021-07-04,Savings,660.36,197
2021-07-17,Chequing,4872.34,263
2021-07-14,Savings,4051.67,111
2021-07-07,Chequing,0.00,0
2021-07-16,Line of credit,723.38,67
2021-07-25,Chequing,0.00,43
2021-07-21,Chequing,2267.93,360
2021-07-17,Chequing,3313.78,297
2021-07-08,Chequing,1670.02,211
2021-07-17,Savings,979.15,226
2021-07-14,Chequing,1659.03,0
2021-07-27,Chequing,2195.49,381
2021-07-07,Savings,3710.61,254
2021-07-17,Chequing,4564.83,291
2021-07-08,Line of credit,3127.60,383
2021-07-01,Chequing,2320.86,252
2021-07-25,Chequing,3830.55,13
2021-07-03,Line of credit,619.73,40
2021-07-27,Chequing,2377.09,250
2021-07-20,Chequing,1923.89,124
2021-08-18,Line of credit,3271.70,41
2021-08-12,Savings,1949.22,280
2021-08-02,Savings,3974.59,368
2021-08-09,Savings,4760.21,143
2021-08-25,Chequing,4541.40,51
2021-08-09,Line of credit,2818.42,0
2021-08-13,Chequing,473.03,131
2021-08-25,Line of credit,3493.24,334
2021-08-19,Savings,2924.10,153
2021-08-09,Chequing,0.00,245
2021-08-08,Chequing,4054.70,381
2021-08-04,Chequing,2463.21,98
2021-08-23,Chequing,1710.79,31
2021-08-27,Line of credit,786.41,252
2021-08-02,Savings,2167.21,41
2021-08-18,Savings,4915.95,65
2021-08-22,Line of credit,1342.89,176
2021-08-10,Line of credit,722.40,100
2021-08-15,Savings,0.00,1
2021-08-20,Line of credit,4982.67,15
2021-08-09,Savings,2076.32,144
2021-08-21,Chequing,349.38,182
2021-08-26,Line of credit,2024.11,329
2021-08-03,Chequing,2444.39,76
2021-08-15,Line of credit,0.00,351
2021-09-27,Savings,2925.60,148
2021-09-18,Line of credit,0.00,0
2021-09-09,Savings,2113.07,30
2021-09-13,Line of credit,2799.21,70
2021-09-13,Chequing,2757.78,377
2021-09-13,Line of credit,845.55,385
2021-09-28,Chequing,2326.57,124
2021-09-20,Chequing,2612.63,57
2021-09-10,Savings,3934.74,265
2021-09-26,Chequing,3212.51,137
2021-09-26,Line of credit,0.00,223
2021-09-19,Line of credit,161.35,293
2021-09-11,Line of credit,4210.65,333
2021-09-28,Chequing,4092.87,82
2021-09-13,Line of credit,2151.86,331
2021-09-22,Line of credit,98.02,83
2021-09-16,Chequing,3431.93,285
2021-09-26,Line of credit,1856.51,260
2021-09-22,Savings,4084.32,0
2021-09-01,Chequing,4008.42,296
2021-09-03,Savings,319.21,229
2021-09-05,Chequing,971.76,332
2021-09-19,Savings,4514.11,208
2021-09-22,Line of credit,399.05,75
2021-09-22,Line of credit,508.60,339
2021-10-16,Savings,1356.47,188
2021-10-07,Line of credit,1051.82,80
2021-10-27,Savings,4737.62,322
2021-10-13,Chequing,910.61,294
2021-10-20,Chequing,3951.11,364
2021-10-01,Line of credit,493.93,387
2021-10-12,Savings,4759.13,86
2021-10-26,Line of credit,0.00,251
2021-10-28,Line of credit,2999.68,18
2021-10-27,Savings,3542.49,157
2021-10-02,Chequing,974.15,392
2021-10-10,Chequing,3937.40,30
2021-10-06,Line of credit,848.04,174
2021-10-06,Chequing,3902.29,211
2021-10-18,Chequing,0.00,0
2021-10-24,Savings,1604.39,41
2021-10-05,Line of credit,1064.09,351
2021-10-14,Chequing,1481.86,76
2021-10-08,Line of credit,3323.06,220
2021-10-05,Line of credit,258.69,52
2021-10-20,Savings,3735.86,218
2021-10-04,Line of credit,2278.26,376
2021-10-06,Line of credit,2491.28,310
2021-10-16,Chequing,3263.16,363
2021-10-23,Chequing,2619.92,55
2021-11-12,Chequing,1761.23,276
2021-11-27,Chequing,1419.00,233
2021-11-04,Savings,3475.45,143
2021-11-24,Savings,2450.07,281
2021-11-15,Savings,1323.45,87
2021-11-16,Chequing,2658.06,311
2021-11-11,Line of credit,2720.78,7
2021-11-03,Chequing,2233.85,111
2021-11-12,Savings,2325.00,10
2021-11-17,Savings,2478.97,267
2021-11-26,Line of credit,533.37,88
2021-11-06,Savings,1261.73,287
2021-11-15,Chequing,3830.72,184
2021-11-21,Line of credit,2305.86,0
2021-11-19,Savings,433.45,350
2021-11-20,Chequing,2180.33,326
2021-11-03,Savings,371.15,158
2021-11-22,Chequing,965.43,28
2021-11-19,Line of credit,3754.61,309
2021-11-22,Chequing,4786.34,306
2021-11-28,Savings,0.00,210
2021-11-14,Savings,661.27,267
2021-11-10,Savings,349.47,312
2021-11-23,Line of credit,4367.23,262
2021-11-08,Line of credit,1028.40,297
2021-12-26,Savings,655.17,88
2021-12-24,Chequing,1964.45,213
2021-12-14,Line of credit,2616.83,4
2021-12-08,Savings,3175.06,12
2021-12-28,Line of credit,4956.78,0
2021-12-04,Savings,2943.42,13
2021-12-13,Line of credit,2175.34,364
2021-12-07,Savings,3267.25,328
2021-12-03,Line of credit,1803.13,65
2021-12-08,Line of credit,2278.49,29
2021-12-25,Savings,1080.48,54
2021-12-22,Line of credit,2405.92,392
2021-12-16,Savings,3194.53,0
2021-12-10,Chequing,3854.31,198
2021-12-04,Savings,1913.18,179
2021-12-24,Savings,3035.54,375
2021-12-25,Savings,1698.65,300
2021-12-02,Savings,4931.90,320
2021-12-12,Chequing,3159.59,22
2021-12-13,Line of credit,3032.25,338
2021-12-24,Chequing,3265.80,203
2021-12-12,Line of credit,2906.66,293
2021-12-03,Chequing,3311.99,336
2021-12-18,Line of credit,367.62,0
2021-12-18,Chequing,4216.19,227
2022-01-02,Chequing,4517.72,106
2022-01-24,Chequing,598.61,179
2022-01-10,Chequing,4078.70,260
2022-01-05,Chequing,2824.30,95
2022-01-12,Savings,0.00,255
2022-01-20,Savings,1538.59,181
2022-01-03,Chequing,3876.28,308
2022-01-28,Chequing,4840.97,6
2022-01-27,Line of credit,4936.88,0
2022-01-08,Savings,3049.02,0
2022-01-21,Chequing,1123.41,168
2022-01-13,Savings,3305.36,129
2022-01-13,Savings,3276.34,325
2022-01-02,Line of credit,2557.75,20
2022-01-16,Line of credit,447.24,151
2022-01-20,Savings,2464.19,122
2022-01-03,Savings,209.88,345
2022-01-18,Savings,4941.98,67
2022-01-07,Savings,2196.31,177
2022-01-06,Savings,1422.45,173
2022-01-11,Chequing,0.00,196
2022-01-25,Line of credit,0.00,246
2022-01-25,Savings,3529.69,229
2022-01-13,Chequing,1511.29,259
2022-01-03,Chequing,4453.53,0
2022-02-06,Line of credit,1268.65,87
2022-02-04,Savings,783.40,14
2022-02-26,Line of credit,1415.42,272
2022-02-26,Chequing,4607.85,183
2022-02-03,Chequing,100.99,366
2022-02-27,Chequing,1996.78,371
2022-02-17,Chequing,3357.39,398
2022-02-28,Chequing,1468.09,203
2022-02-02,Chequing,2952.67,363
2022-02-02,Chequing,1621.31,177
2022-02-10,Line of credit,1705.58,235
2022-02-12,Savings,938.68,0
2022-02-02,Line of credit,1356.99,363
2022-02-19,Line of credit,1712.10,0
2022-02-03,Line of credit,350.47,104
2022-02-27,Savings,776.32,200
2022-02-12,Savings,0.00,216
2022-02-24,Chequing,2664.76,125
2022-02-08,Savings,471.71,177
2022-02-07,Line of credit,1835.10,334
2022-02-28,Savings,3115.59,186
2022-02-14,Chequing,2828.34,210
2022-02-20,Savings,3719.57,225
2022-02-04,Savings,2437.69,291
2022-02-05,Savings,1791.25,323
2022-03-09,Savings,3166.27,227
2022-03-21,Savings,3421.93,179
2022-03-21,Savings,1449.68,359
2022-03-06,Chequing,3614.04,72
2022-03-04,Chequing,2899.14,286
2022-03-03,Chequing,2969.34,261
2022-03-21,Savings,1563.63,235
2022-03-23,Savings,3962.20,37
2022-03-26,Chequing,2391.91,52
2022-03-13,Savings,588.44,281
2022-03-13,Savings,1233.57,227
2022-03-07,Line of credit,2457.43,377
2022-03-27,Chequing,1098.89,151
2022-03-05,Savings,4976.60,66
2022-03-14,Savings,630.89,123
2022-03-03,Savings,2706.80,244
2022-03-27,Line of credit,1124.12,264
2022-03-09,Chequing,3481.55,45
2022-03-04,Savings,3410.48,202
2022-03-16,Chequing,3853.85,305
2022-03-05,Line of credit,2809.79,181
2022-03-24,Chequing,3730.04,12
2022-03-01,Savings,4502.11,269
2022-03-28,Chequing,2869.86,60
2022-03-10,Savings,251.17,2
2022-04-25,Chequing,3255.50,303
2022-04-27,Savings,2723.15,169
2022-04-12,Line of credit,1817.35,223
2022-04-07,Line of credit,429.45,5
2022-04-28,Chequing,903.86,156
2022-04-18,Savings,3783.46,209
2022-04-26,Savings,952.94,139
2022-04-16,Savings,2443.37,364
2022-04-27,Chequing,2393.04,229
2022-04-09,Line of credit,1506.63,73
2022-04-07,Line of credit,2864.36,142
2022-04-01,Savings,1882.42,119
2022-04-10,Line of credit,2131.26,343
2022-04-13,Savings,116.64,303
2022-04-28,Chequing,282.75,189
2022-04-12,Chequing,2853.07,333
2022-04-16,Chequing,3104.31,307
2022-04-10,Savings,2656.37,0
2022-04-10,Chequing,453.81,273
2022-04-24,Savings,1905.03,64
2022-04-04,Line of credit,877.63,207
2022-04-06,Line of credit,0.00,238
2022-04-10,Line of credit,2093.41,97
2022-04-22,Line of credit,2467.79,212
2022-04-11,Line of credit,0.00,323
2022-05-06,Savings,2759.01,187
2022-05-08,Line of credit,1517.53,386
2022-05-15,Line of credit,2624.94,261
2022-05-07,Savings,637.34,286
2022-05-13,Chequing,1943.19,331
2022-05-16,Savings,2473.74,0
2022-05-13,Savings,4235.96,305
2022-05-12,Savings,982.77,308
2022-05-25,Chequing,0.00,272
2022-05-17,Savings,2957.82,267
2022-05-14,Chequing,4514.44,289
2022-05-28,Line of credit,3597.99,276
2022-05-18,Chequing,2681.45,313
2022-05-02,Chequing,1233.77,26
2022-05-28,Chequing,2347.31,149
2022-05-20,Chequing,2655.11,102
2022-05-26,Chequing,4032.71,379
2022-05-15,Line of credit,2736.97,223
2022-05-20,Line of credit,1210.54,142
2022-05-15,Chequing,949.17,229
2022-05-21,Line of credit,3814.78,66
2022-05-05,Line of credit,4697.52,291
2022-05-02,Line of credit,188.46,239
2022-05-28,Savings,1862.48,250
2022-05-08,Line of credit,4231.10,226
2022-06-26,Line of credit,110.98,317
2022-06-22,Chequing,3223.65,161
2022-06-06,Savings,844.93,181
2022-06-20,Line of credit,2169.82,120
2022-06-05,Savings,2502.23,331
2022-06-06,Chequing,111.00,42
2022-06-19,Savings,286.86,139
2022-06-04,Line of credit,1718.31,375
2022-06-08,Savings,293.83,76
2022-06-25,Savings,4134.69,245
2022-06-20,Chequing,96.96,259
2022-06-22,Savings,157.27,148
2022-06-08,Line of credit,280.85,339
2022-06-16,Chequing,2917.17,16
2022-06-07,Chequing,4240.62,61
2022-06-24,Chequing,0.00,229
2022-06-06,Line of credit,4252.92,97
2022-06-02,Savings,147.07,15
2022-06-04,Line of credit,2663.84,7
2022-06-16,Chequing,4521.91,261
2022-06-04,Line of credit,486.12,0
2022-06-03,Chequing,97.69,33
2022-06-15,Savings,3801.09,320
2022-06-21,Line of credit,1728.97,151
2022-06-11,Chequing,4666.75,244
2022-07-23,Line of credit,1452.76,382
2022-07-03,Line of credit,1773.02,191
2022-07-10,Savings,3578.33,211
2022-07-22,Chequing,756.55,154
2022-07-26,Savings,2197.22,107
2022-07-15,Chequing,1330.06,270
2022-07-24,Savings,4414.63,299
2022-07-06,Line of credit,350.43,233
2022-07-17,Line of credit,2535.98,195
2022-07-20,Savings,3127.70,233
2022-07-11,Line of credit,1600.52,3
2022-07-22,Savings,3458.49,35
2022-07-22,Chequing,4444.46,243
2022-07-17,Chequing,3187.65,127
2022-07-19,Chequing,2231.65,344
2022-07-18,Savings,2062.92,390
2022-07-26,Savings,4042.91,153
2022-07-03,Savings,4509.03,58
2022-07-19,Savings,448.28,148
2022-07-24,Line of credit,3736.81,16
2022-07-25,Savings,1785.08,390
2022-07-15,Line of credit,2622.37,21
2022-07-20,Chequing,757.49,183
2022-07-03,Chequing,2491.55,348
2022-07-04,Savings,2300.52,355
2022-08-01,Chequing,2558.90,323
2022-08-03,Chequing,4871.01,382
2022-08-11,Chequing,4460.58,257
2022-08-04,Line of credit,588.19,397
2022-08-26,Line of credit,1486.82,56
2022-08-04,Savings,2946.25,3
2022-08-14,Line of credit,455.19,130
2022-08-13,Savings,2363.47,323
2022-08-01,Chequing,1537.22,399
2022-08-11,Savings,417.34,46
2022-08-02,Chequing,3704.33,173
2022-08-14,Chequing,3509.80,174
2022-08-23,Chequing,3617.01,386
2022-08-23,Savings,2514.01,228
2022-08-11,Chequing,3354.98,259
2022-08-23,Line of credit,537.50,25
2022-08-17,Savings,0.00,32
2022-08-04,Chequing,1476.34,355
2022-08-14,Savings,1787.14,370
2022-08-17,Line of credit,417.72,0
2022-08-16,Savings,4205.97,205
2022-08-09,Line of credit,2101.13,25
2022-08-10,Chequing,1346.64,358
2022-08-26,Savings,4051.38,104
2022-08-08,Chequing,3237.16,363
2022-09-07,Chequing,3831.49,297
2022-09-07,Savings,4371.09,168
2022-09-17,Savings,4606.64,145
2022-09-11,Savings,2284.13,0
2022-09-02,Line of credit,4118.33,348
2022-09-23,Chequing,1011.04,115
2022-09-16,Line of credit,3359.73,261
2022-09-26,Savings,2780.14,225
2022-09-06,Line of credit,4393.49,239
2022-09-04,Savings,1032.66,380
2022-09-13,Savings,1549.43,0
2022-09-11,Savings,730.72,389
2022-09-13,Chequing,4863.02,163
2022-09-09,Line of credit,1285.88,9
2022-09-09,Savings,2079.88,44
2022-09-22,Savings,2403.69,86
2022-09-17,Line of credit,3379.70,381
2022-09-06,Chequing,2082.16,171
2022-09-01,Line of credit,4298.50,373
2022-09-19,Line of credit,0.00,38
2022-09-03,Savings,1456.19,212
2022-09-02,Chequing,4304.46,54
2022-09-03,Line of credit,1556.51,335
2022-09-12,Savings,903.47,391
2022-09-03,Line of credit,3406.83,122
2022-10-11,Chequing,0.00,376
2022-10-24,Savings,1083.10,305
2022-10-15,Line of credit,2351.85,212
2022-10-25,Savings,1620.83,259
2022-10-20,Chequing,330.18,156
2022-10-17,Savings,4927.33,363
2022-10-15,Savings,386.75,396
2022-10-22,Chequing,3460.86,0
2022-10-12,Line of credit,2786.17,383
2022-10-11,Line of credit,3050.43,137
2022-10-12,Savings,1270.15,29
2022-10-01,Savings,1185.21,33
2022-10-11,Line of credit,647.91,160
2022-10-01,Line of credit,0.00,227
2022-10-13,Line of credit,0.00,215
2022-10-22,Savings,3589.38,193
2022-10-03,Chequing,2433.30,281
2022-10-25,Line of credit,2646.64,61
2022-10-15,Savings,0.00,178
2022-10-21,Line of credit,0.00,295
2022-10-05,Savings,3885.80,340
2022-10-06,Line of credit,1719.77,121
2022-10-08,Line of credit,2312.77,107
2022-10-18,Chequing,3543.62,89
2022-10-27,Line of credit,4952.07,317
2022-11-02,Line of credit,2250.28,170
2022-11-09,Chequing,3862.30,111
2022-11-14,Savings,2755.16,397
2022-11-16,Chequing,276.45,50
2022-11-27,Line of credit,715.98,80
2022-11-07,Line of credit,1025.70,0
2022-11-19,Line of credit,4430.83,85
2022-11-27,Line of credit,1729.83,330
2022-11-19,Line of credit,2110.11,140
2022-11-05,Savings,800.32,165
2022-11-05,Savings,4186.11,100
2022-11-19,Chequing,3248.05,381
2022-11-16,Savings,1285.02,24
2022-11-13,Line of credit,2815.18,198
2022-11-09,Savings,4564.13,78
2022-11-18,Line of credit,1760.76,187
2022-11-16,Savings,1205.09,351
2022-11-22,Chequing,3061.20,0
2022-11-16,Savings,1962.70,231
2022-11-18,Savings,1837.99,253
2022-11-23,Line of credit,4750.00,48
2022-11-15,Chequing,199.08,235
2022-11-12,Savings,2649.01,0
2022-11-23,Line of credit,602.13,4
2022-11-23,Chequing,2951.17,203
2022-12-08,Chequing,392.59,267
2022-12-15,Chequing,1075.27,68
2022-12-11,Chequing,4996.52,211
2022-12-17,Line of credit,717.24,17
2022-12-05,Chequing,2846.67,149
2022-12-27,Savings,3130.13,232
2022-12-18,Chequing,4026.59,150
2022-12-19,Chequing,3752.21,93
2022-12-23,Line of credit,4866.68,53
2022-12-21,Savings,3349.90,171
2022-12-18,Chequing,1967.49,346
2022-12-02,Chequing,0.00,168
2022-12-15,Savings,4086.60,149
2022-12-01,Chequing,4969.19,269
2022-12-15,Line of credit,4956.93,97
2022-12-26,Chequing,0.00,303
2022-12-18,Line of credit,1811.69,267
2022-12-25,Savings,50.62,26
2022-12-21,Line of credit,2436.55,84
2022-12-16,Chequing,2873.53,69
2022-12-28,Savings,1661.57,275
2022-12-01,Line of credit,4237.08,261
2022-12-08,Savings,3604.06,314
2022-12-18,Line of credit,2032.09,253
2022-12-01,Line of credit,4793.33,380
2023-01-25,Savings,1152.19,145
2023-01-11,Line of credit,182.76,367
2023-01-08,Line of credit,957.19,134
2023-01-13,Savings,2259.56,306
2023-01-25,Savings,364.26,25
2023-01-14,Chequing,3947.73,373
2023-01-25,Chequing,2365.08,32
2023-01-28,Line of credit,4996.99,220
2023-01-01,Savings,4068.83,382
2023-01-14,Savings,1871.78,54
2023-01-01,Chequing,1998.83,318
2023-01-18,Savings,1583.83,352
2023-01-01,Line of credit,3942.15,334
2023-01-04,Line of credit,3952.75,165
2023-01-13,Chequing,3144.94,78
2023-01-10,Savings,942.08,19
2023-01-12,Savings,1338.74,358
2023-01-22,Chequing,2343.85,0
2023-01-05,Line of credit,2133.91,154
2023-01-08,Savings,1002.75,380
2023-01-27,Chequing,1001.62,331
2023-01-17,Savings,4643.66,120
2023-01-18,Savings,2269.41,396
2023-01-28,Line of credit,399.08,91
2023-01-12,Line of credit,2984.06,107
2023-02-15,Savings,1287.36,169
2023-02-03,Line of credit,1081.77,23
2023-02-26,Savings,4892.42,300
2023-02-08,Chequing,129.08,160
2023-02-06,Savings,4745.77,44
2023-02-16,Savings,775.75,93
2023-02-13,Line of credit,3314.38,85
2023-02-12,Chequing,2778.19,330
2023-02-07,Line of credit,3599.99,286
2023-02-03,Savings,0.00,204
2023-02-26,Chequing,0.00,273
2023-02-04,Chequing,1290.24,382
2023-02-14,Chequing,3810.34,366
2023-02-08,Line of credit,1477.74,251
2023-02-19,Chequing,1106.60,253
2023-02-02,Chequing,436.90,75
2023-02-19,Savings,1368.01,186
2023-02-08,Savings,4338.34,188
2023-02-15,Chequing,570.49,210
2023-02-26,Line of credit,1989.56,96
2023-02-08,Savings,4291.87,286
2023-02-22,Chequing,4288.75,153
2023-02-01,Chequing,3933.04,233
2023-02-05,Chequing,1806.43,134
2023-02-06,Chequing,336.82,57
2023-03-17,Line of credit,3531.67,0
2023-03-04,Line of credit,689.78,55
2023-03-10,Chequing,3382.86,43
2023-03-16,Chequing,1548.18,384
2023-03-03,Line of credit,101.70,201
2023-03-17,Chequing,0.00,161
2023-03-21,Savings,3449.81,242
2023-03-08,Chequing,2191.39,48
2023-03-08,Line of credit,1280.09,257
2023-03-19,Chequing,979.81,281
2023-03-19,Savings,290.09,0
2023-03-01,Line of credit,3512.04,101
2023-03-23,Line of credit,3516.46,179
2023-03-03,Chequing,2854.45,161
2023-03-02,Line of credit,3469.36,245
2023-03-20,Savings,4621.20,66
2023-03-20,Chequing,4566.31,260
2023-03-16,Chequing,3311.76,0
2023-03-20,Chequing,303.99,25
2023-03-08,Chequing,1038.02,11
2023-03-22,Line of credit,2124.18,388
2023-03-12,Line of credit,3177.13,14
2023-03-18,Savings,304.85,239
2023-03-25,Line of credit,1852.01,0
2023-03-19,Savings,2299.35,345
2023-04-12,Chequing,4212.36,172
2023-04-20,Chequing,4913.29,323
2023-04-26,Savings,1150.80,283
2023-04-23,Line of credit,1317.61,396
2023-04-17,Line of credit,2367.88,244
2023-04-09,Savings,3480.28,109
2023-04-18,Savings,3099.01,73
2023-04-13,Savings,3831.96,362
2023-04-06,Savings,1151.51,112
2023-04-17,Chequing,929.18,103
2023-04-09,Savings,0.00,42
2023-04-16,Line of credit,642.36,0
2023-04-25,Chequing,661.18,372
2023-04-14,Savings,3978.29,335
2023-04-22,Savings,2923.57,312
2023-04-13,Chequing,4202.71,190
2023-04-22,Savings,4765.78,332
2023-04-12,Savings,2651.94,308
2023-04-19,Chequing,1401.25,325
2023-04-10,Savings,329.98,266
2023-04-25,Savings,3271.66,265
2023-04-25,Savings,1093.86,286
2023-04-05,Line of credit,451.91,0
2023-04-01,Savings,2138.70,148
2023-04-22,Savings,2992.93,0
2023-05-21,Line of credit,2785.60,0
2023-05-07,Line of credit,3746.51,45
2023-05-14,Chequing,527.71,252
2023-05-13,Line of credit,2290.37,106
2023-05-18,Line of credit,1524.64,28
2023-05-03,Savings,0.00,224
2023-05-10,Chequing,2763.33,110
2023-05-23,Chequing,659.71,32
2023-05-08,Chequing,0.00,247
2023-05-16,Chequing,955.11,82
2023-05-16,Line of credit,0.00,133
2023-05-11,Savings,1067.12,58
2023-05-14,Savings,663.17,371
2023-05-26,Chequing,2020.45,387
2023-05-28,Savings,497.16,132
2023-05-15,Line of credit,3682.67,118
2023-05-13,Chequing,4710.22,22
2023-05-04,Savings,2536.88,262
2023-05-16,Line of credit,0.00,161
2023-05-01,Line of credit,3627.33,106
2023-05-05,Chequing,293.00,248
2023-05-02,Line of credit,745.78,45
2023-05-23,Savings,3222.63,117
2023-05-01,Chequing,4141.76,343
2023-05-11,Chequing,1136.41,232
2023-06-19,Savings,1154.87,218
2023-06-13,Savings,2279.80,254
2023-06-03,Line of credit,1271.57,400
2023-06-02,Chequing,571.75,37
2023-06-06,Chequing,1534.72,131
2023-06-08,Line of credit,4646.11,323
2023-06-14,Line of credit,196.88,89
2023-06-14,Savings,2375.09,13
2023-06-24,Savings,3835.85,159
2023-06-11,Chequing,2198.11,91
2023-06-27,Line of credit,3283.33,363
2023-06-19,Chequing,0.00,107
2023-06-20,Chequing,1328.26,94
2023-06-22,Savings,1140.59,217
2023-06-06,Line of credit,1539.55,149
2023-06-22,Line of credit,1041.37,34
2023-06-03,Chequing,3331.05,206
2023-06-02,Line of credit,937.87,289
2023-06-17,Savings,1580.91,134
2023-06-12,Line of credit,4981.83,111
2023-06-05,Line of credit,3060.70,0
2023-06-16,Line of credit,4972.31,219
2023-06-17,Savings,2021.73,348
2023-06-02,Line of credit,481.66,213
2023-06-10,Savings,4723.87,135
2023-07-17,Line of credit,138.50,62
2023-07-13,Savings,1514.09,344
2023-07-27,Savings,4412.91,316
2023-07-21,Line of credit,485.61,0
2023-07-11,Chequing,1468.37,193
2023-07-08,Savings,969.36,303
2023-07-14,Savings,1667.24,115
2023-07-21,Savings,1436.98,0
2023-07-05,Savings,990.20,17
2023-07-26,Savings,4474.90,185
2023-07-21,Chequing,4173.56,221
2023-07-20,Savings,0.00,97
2023-07-08,Line of credit,1809.98,115
2023-07-05,Chequing,4693.54,399
2023-07-22,Chequing,618.90,222
2023-07-08,Line of credit,4591.15,293
2023-07-23,Line of credit,3490.25,86
2023-07-14,Line of credit,3268.55,169
2023-07-02,Savings,4812.12,47
2023-07-14,Savings,2057.20,102
2023-07-28,Savings,3864.03,48
2023-07-09,Line of credit,124.67,309
2023-07-06,Line of credit,3176.15,362
2023-07-01,Chequing,1487.08,359
2023-07-01,Chequing,1769.78,97
2023-08-09,Savings,4308.85,58
2023-08-01,Line of credit,1919.40,229
2023-08-25,Line of credit,2938.75,38
2023-08-12,Savings,4164.42,92
2023-08-09,Savings,0.00,85
2023-08-19,Line of credit,4908.03,304
2023-08-18,Chequing,236.87,39
2023-08-14,Savings,1319.79,393
2023-08-26,Chequing,548.67,95
2023-08-07,Chequing,0.00,0
2023-08-27,Chequing,635.95,0
2023-08-25,Savings,2992.36,188
2023-08-17,Savings,2479.67,339
2023-08-25,Line of credit,3044.21,383
2023-08-13,Savings,2094.03,23
2023-08-07,Savings,943.43,0
2023-08-08,Savings,418.70,288
2023-08-27,Chequing,4979.62,68
2023-08-13,Savings,4530.57,239
2023-08-22,Savings,0.00,398
2023-08-10,Savings,1246.68,321
2023-08-06,Savings,3313.79,5
2023-08-01,Chequing,1570.48,239
2023-08-16,Savings,441.69,235
2023-08-25,Line of credit,2943.56,264
2023-09-15,Line of credit,863.84,230
2023-09-20,Chequing,1993.36,362
2023-09-17,Savings,3484.19,34
2023-09-10,Chequing,2533.75,27
2023-09-27,Chequing,1093.60,148
2023-09-26,Line of credit,4344.92,296
2023-09-12,Line of credit,3470.56,391
2023-09-19,Chequing,520.35,381
2023-09-19,Savings,366.78,68
2023-09-28,Chequing,0.00,363
2023-09-05,Line of credit,119.66,278
2023-09-10,Line of credit,3504.76,0
2023-09-19,Savings,3626.69,312
2023-09-24,Savings,1163.13,102
2023-09-25,Savings,3950.64,14
2023-09-13,Savings,857.73,153
2023-09-18,Savings,1070.41,123
2023-09-11,Chequing,269.01,372
2023-09-19,Chequing,754.97,351
2023-09-24,Savings,1770.30,305
2023-09-19,Line of credit,0.00,42
2023-09-06,Chequing,3882.26,278
2023-09-13,Chequing,4133.92,41
2023-09-09,Chequing,4233.46,229
2023-09-22,Chequing,335.99,312
2023-10-10,Line of credit,3052.22,137
2023-10-15,Chequing,1061.08,343
2023-10-24,Savings,2065.99,272
2023-10-08,Chequing,4021.13,138
2023-10-18,Line of credit,400.31,319
2023-10-22,Line of credit,2196.44,302
2023-10-21,Savings,4860.87,293
2023-10-15,Chequing,2139.86,238
2023-10-25,Line of credit,2909.57,178
2023-10-01,Line of credit,1210.22,315
2023-10-17,Chequing,4396.97,310
2023-10-05,Line of credit,2196.28,148
2023-10-09,Savings,0.00,237
2023-10-05,Line of credit,2588.51,0
2023-10-24,Savings,3242.99,103
2023-10-27,Line of credit,4005.41,341
2023-10-25,Chequing,935.08,343
2023-10-06,Savings,602.44,46
2023-10-19,Chequing,1224.64,125
2023-10-27,Chequing,3289.48,36
2023-10-11,Chequing,283.16,34
2023-10-25,Savings,417.31,325
2023-10-24,Chequing,2826.45,328
2023-10-05,Chequing,2371.58,282
2023-10-23,Line of credit,1583.83,135
2023-11-07,Savings,2602.59,300
2023-11-20,Savings,793.80,364
2023-11-25,Chequing,4598.32,271
2023-11-20,Savings,1501.81,22
2023-11-09,Savings,1430.07,119
2023-11-18,Chequing,619.07,23
2023-11-09,Line of credit,0.00,318
2023-11-14,Savings,3882.65,300
2023-11-16,Savings,2671.79,242
2023-11-19,Line of credit,792.69,0
2023-11-17,Savings,2749.63,7
2023-11-18,Savings,1833.18,109
2023-11-13,Line of credit,4877.00,223
2023-11-15,Chequing,1343.07,226
2023-11-13,Chequing,0.00,46
2023-11-21,Chequing,3539.85,306
2023-11-07,Chequing,227.99,385
2023-11-16,Line of credit,4964.06,148
2023-11-22,Savings,4392.67,195
2023-11-09,Line of credit,3559.33,41
2023-11-21,Savings,0.00,363
2023-11-21,Chequing,793.04,364
2023-11-09,Savings,3866.30,1
2023-11-26,Savings,1222.19,255
2023-11-07,Line of credit,4875.56,45
2023-12-22,Savings,2002.38,398
2023-12-07,Chequing,1155.51,304
2023-12-14,Savings,2301.86,46
2023-12-22,Line of credit,4241.50,88
2023-12-19,Savings,3132.94,17
2023-12-22,Chequing,2320.44,102
2023-12-12,Savings,4323.86,303
2023-12-26,Savings,2068.81,344
2023-12-27,Line of credit,3271.03,153
2023-12-18,Chequing,2393.55,134
2023-12-06,Savings,4507.66,178
2023-12-17,Savings,2754.69,180
2023-12-01,Line of credit,3533.39,356
2023-12-21,Savings,4121.80,253
2023-12-04,Chequing,834.09,356
2023-12-08,Savings,4403.86,268
2023-12-13,Line of credit,2618.29,10
2023-12-07,Savings,2381.20,231
2023-12-19,Chequing,2709.10,225
2023-12-07,Savings,3316.13,148
2023-12-17,Chequing,2128.07,288
2023-12-23,Savings,79.39,291
2023-12-22,Savings,2933.70,339
2023-12-24,Savings,3192.09,239
2023-12-23,Chequing,4935.23,180
2024-01-01,Line of credit,0.00,59
2024-01-09,Chequing,3805.77,287
2024-01-10,Savings,2059.73,277
2024-01-13,Savings,393.17,236
2024-01-11,Savings,464.59,40
2024-01-10,Chequing,1004.64,139
2024-01-18,Chequing,0.00,162
2024-01-21,Line of credit,2537.83,283
2024-01-15,Chequing,0.00,324
2024-01-21,Savings,2047.47,288
2024-01-14,Line of credit,3081.64,0
2024-01-02,Line of credit,1407.81,150
2024-01-14,Savings,1164.59,266
2024-01-22,Line of credit,3417.25,382
2024-01-27,Line of credit,1352.80,356
2024-01-17,Savings,1314.19,55
2024-01-01,Line of credit,2348.42,81
2024-01-08,Savings,4467.56,103
2024-01-02,Line of credit,108.52,42
2024-01-26,Savings,549.23,307
2024-01-10,Savings,3061.29,11
2024-01-24,Chequing,4887.53,346
2024-01-14,Savings,1599.93,178
2024-01-23,Line of credit,905.15,168
2024-01-06,Chequing,2745.37,20
2024-02-01,Line of credit,3480.25,311
2024-02-26,Line of credit,2453.53,276
2024-02-25,Line of credit,0.00,154
2024-02-17,Chequing,4863.45,72
2024-02-14,Chequing,3975.04,233
2024-02-14,Line of credit,1438.55,15
2024-02-14,Line of credit,2971.73,33
2024-02-01,Line of credit,4759.85,155
2024-02-27,Savings,0.00,52
2024-02-20,Savings,1984.91,332
2024-02-06,Savings,375.76,301
2024-02-05,Line of credit,1027.88,305
2024-02-01,Savings,0.00,4
2024-02-01,Line of credit,3491.36,141
2024-02-05,Line of credit,3368.03,271
2024-02-18,Savings,115.85,262
2024-02-05,Line of credit,4312.80,156
2024-02-07,Chequing,2338.71,279
2024-02-13,Line of credit,4014.17,32
2024-02-11,Savings,1436.02,78
2024-02-26,Savings,0.00,111
2024-02-26,Line of credit,1677.45,63
2024-02-10,Chequing,1063.06,53
2024-02-02,Chequing,3542.64,369
2024-02-08,Line of credit,3813.21,180
2024-03-20,Savings,1025.83,179
2024-03-22,Line of credit,1411.00,153
2024-03-01,Line of credit,1030.13,19
2024-03-07,Line of credit,4897.09,316
2024-03-10,Chequing,1819.21,72
2024-03-23,Line of credit,119.65,366
2024-03-27,Chequing,1168.37,58
2024-03-27,Savings,244.71,21
2024-03-14,Line of credit,3587.35,319
2024-03-27,Line of credit,949.60,3
2024-03-27,Savings,983.74,154
2024-03-01,Line of credit,655.75,220
2024-03-12,Chequing,1441.18,172
2024-03-28,Savings,2285.48,74
2024-03-03,Line of credit,1999.24,28
2024-03-09,Line of credit,2981.04,102
2024-03-07,Line of credit,1769.75,290
2024-03-19,Savings,1568.23,158
2024-03-20,Savings,4332.49,224
2024-03-04,Savings,3573.29,86
2024-03-05,Line of credit,4734.95,29
2024-03-07,Chequing,1068.47,243
2024-03-25,Line of credit,2763.46,174
2024-03-20,Line of credit,3106.49,313
2024-03-10,Savings,977.57,252
2024-04-17,Chequing,1075.79,152
2024-04-20,Chequing,3006.35,297
2024-04-27,Chequing,216.97,174
2024-04-20,Line of credit,1405.46,309
2024-04-22,Line of credit,421.43,76
2024-04-12,Chequing,4495.74,226
2024-04-17,Chequing,1391.31,141
2024-04-04,Line of credit,1617.87,374
2024-04-16,Line of credit,914.67,0
2024-04-11,Line of credit,4701.84,125
2024-04-16,Savings,3911.66,219
2024-04-11,Savings,2715.91,158
2024-04-01,Line of credit,1780.71,237
2024-04-07,Savings,663.08,63
2024-04-09,Chequing,3542.32,370
2024-04-17,Line of credit,0.00,376
2024-04-15,Chequing,0.00,0
2024-04-02,Chequing,4335.34,395
2024-04-13,Line of credit,840.16,86
2024-04-19,Savings,1301.44,325
2024-04-16,Line of credit,3733.03,207
2024-04-24,Chequing,1053.08,253
2024-04-01,Line of credit,2121.67,124
2024-04-01,Savings,3847.98,178
2024-04-17,Chequing,3814.41,246
2024-05-15,Chequing,1233.55,21
2024-05-01,Savings,4925.99,218
2024-05-10,Chequing,1560.50,84
2024-05-05,Line of credit,4452.12,0
2024-05-24,Chequing,860.22,254
2024-05-09,Chequing,4701.46,373
2024-05-12,Savings,1113.26,73
2024-05-06,Chequing,4736.28,335
2024-05-11,Line of credit,986.88,24
2024-05-10,Savings,0.00,28
2024-05-16,Savings,4461.33,136
2024-05-24,Savings,125.74,289
2024-05-06,Chequing,1827.66,340
2024-05-07,Chequing,2471.03,390
2024-05-13,Line of credit,0.00,121
2024-05-11,Line of credit,1726.81,314
2024-05-03,Chequing,687.83,9
2024-05-14,Line of credit,2646.02,1
2024-05-20,Savings,0.00,273
2024-05-06,Chequing,510.04,28
2024-05-16,Chequing,1075.62,386
2024-05-11,Savings,3049.48,343
2024-05-18,Chequing,133.29,184
2024-05-09,Chequing,3863.45,14
2024-05-07,Savings,3672.36,235
2024-06-15,Savings,0.00,367
2024-06-03,Line of credit,4626.45,185
2024-06-17,Chequing,1744.62,100
2024-06-26,Savings,1499.80,54
2024-06-07,Line of credit,697.27,54
2024-06-06,Line of credit,2297.44,316
2024-06-25,Chequing,4674.44,143
2024-06-11,Chequing,3091.62,148
2024-06-22,Line of credit,4575.22,376
2024-06-11,Line of credit,163.05,240
2024-06-16,Line of credit,4418.06,22
2024-06-15,Line of credit,544.33,156
2024-06-18,Savings,0.00,243
2024-06-04,Savings,1471.08,29
2024-06-09,Chequing,4043.47,168
2024-06-15,Savings,214.93,342
2024-06-02,Chequing,3106.37,24
2024-06-13,Savings,0.00,287
2024-06-05,Chequing,4828.01,62
2024-06-17,Chequing,4627.38,86
2024-06-28,Line of credit,4432.19,68
2024-06-16,Chequing,431.21,349
2024-06-21,Line of credit,4749.37,217
2024-06-02,Line of credit,4220.14,205
2024-06-07,Line of credit,538.81,371
2024-07-08,Chequing,1915.22,100
2024-07-06,Chequing,76.47,60
2024-07-01,Chequing,341.88,237
2024-07-04,Chequing,4236.95,218
2024-07-10,Chequing,0.00,181
2024-07-10,Chequing,2126.99,96
2024-07-22,Savings,3756.75,53
2024-07-28,Savings,1620.96,148
2024-07-11,Chequing,3377.87,256
2024-07-01,Chequing,1317.25,0
2024-07-02,Savings,4057.41,112
2024-07-11,Line of credit,2998.30,213
2024-07-25,Chequing,4133.70,31
2024-07-26,Line of credit,1984.34,109
2024-07-09,Savings,385.32,142
2024-07-24,Line of credit,4310.89,0
2024-07-26,Line of credit,4167.07,381
2024-07-15,Line of credit,2408.56,319
2024-07-16,Chequing,2951.33,224
2024-07-01,Line of credit,1486.64,146
2024-07-08,Savings,4209.18,72
2024-07-11,Savings,2040.06,0
2024-07-20,Line of credit,1949.61,318
2024-07-24,Savings,3747.29,143
2024-07-09,Savings,1109.50,6
2024-08-10,Chequing,4445.06,78
2024-08-15,Line of credit,3530.27,345
2024-08-14,Line of credit,3234.01,276
2024-08-23,Chequing,2072.23,295
2024-08-04,Chequing,1179.80,229
2024-08-23,Savings,0.00,396
2024-08-22,Chequing,0.00,138
2024-08-24,Line of credit,4113.13,357
2024-08-27,Chequing,2031.09,94
2024-08-17,Line of credit,2133.11,247
2024-08-03,Chequing,1322.20,61
2024-08-17,Line of credit,3571.62,139
2024-08-21,Chequing,4392.15,41
2024-08-23,Savings,83.25,360
2024-08-22,Line of credit,4286.95,0
2024-08-04,Line of credit,594.77,253
2024-08-14,Savings,3037.17,155
2024-08-19,Chequing,4574.52,147
2024-08-08,Chequing,3705.13,77
2024-08-05,Chequing,3154.96,245
2024-08-01,Savings,738.75,143
2024-08-06,Savings,1880.97,61
2024-08-25,Savings,3092.14,114
2024-08-28,Line of credit,3814.95,236
2024-08-11,Line of credit,2526.59,146
2024-09-08,Savings,0.00,372
2024-09-22,Chequing,2567.71,35
2024-09-19,Chequing,806.32,139
2024-09-13,Chequing,4264.59,335
2024-09-01,Savings,3019.67,344
2024-09-11,Chequing,2987.54,204
2024-09-04,Chequing,623.94,399
2024-09-15,Line of credit,1396.08,63
2024-09-28,Savings,2661.98,4
2024-09-28,Line of credit,2050.31,125
2024-09-21,Savings,4572.93,114
2024-09-03,Savings,4887.55,389
2024-09-28,Savings,3697.62,125
2024-09-24,Line of credit,0.00,371
2024-09-23,Chequing,4279.86,95
2024-09-20,Savings,4503.09,210
2024-09-03,Chequing,2779.66,53
2024-09-27,Savings,504.74,105
2024-09-09,Line of credit,3497.08,77
2024-09-28,Line of credit,1156.11,262
2024-09-17,Chequing,4590.73,128
2024-09-13,Savings,1341.95,91
2024-09-15,Chequing,1237.93,185
2024-09-22,Savings,462.48,0
2024-09-01,Chequing,4622.52,397
2024-10-27,Chequing,0.00,226
2024-10-16,Line of credit,3115.05,383
2024-10-01,Savings,1031.76,275
2024-10-04,Savings,3195.33,73
2024-10-08,Line of credit,3578.42,0
2024-10-16,Chequing,1499.54,0
2024-10-25,Line of credit,3904.72,101
2024-10-11,Savings,4722.23,137
2024-10-02,Savings,4212.32,285
2024-10-14,Line of credit,279.99,4
2024-10-03,Line of credit,0.00,0
2024-10-14,Line of credit,226.98,0
2024-10-14,Chequing,3689.05,67
2024-10-14,Line of credit,730.20,373
2024-10-16,Chequing,4059.83,229
2024-10-06,Line of credit,3360.09,273
2024-10-11,Savings,3850.58,204
2024-10-24,Line of credit,2629.73,186
2024-10-13,Line of credit,3810.57,153
2024-10-27,Savings,3819.22,34
2024-10-16,Line of credit,4396.13,133
2024-10-18,Chequing,2067.00,28
2024-10-15,Line of credit,1352.66,282
2024-10-23,Line of credit,0.00,122
2024-10-17,Savings,3006.96,0
2024-11-28,Savings,1336.27,366
2024-11-02,Chequing,2637.15,397
2024-11-05,Savings,613.56,188
2024-11-02,Savings,1008.92,278
2024-11-19,Chequing,1878.74,162
2024-11-01,Savings,121.45,343
2024-11-19,Chequing,3519.53,363
2024-11-27,Line of credit,3314.91,200
2024-11-23,Line of credit,131.38,249
2024-11-07,Chequing,3467.00,302
2024-11-13,Line of credit,1507.60,370
2024-11-01,Savings,0.00,65
2024-11-18,Chequing,166.74,12
2024-11-05,Chequing,528.98,319
2024-11-09,Savings,3201.29,104
2024-11-22,Savings,1035.13,35
2024-11-28,Chequing,669.93,201
2024-11-24,Line of credit,3155.01,54
2024-11-12,Line of credit,3085.00,165
2024-11-28,Chequing,0.00,197
2024-11-23,Savings,2474.82,373
2024-11-02,Chequing,1443.05,267
2024-11-04,Savings,0.00,82
2024-11-17,Savings,1195.42,327
2024-11-06,Savings,0.00,298
2024-12-08,Chequing,2297.42,392
2024-12-07,Line of credit,0.00,321
2024-12-21,Chequing,2579.51,358
2024-12-06,Line of credit,777.61,0
2024-12-15,Savings,2049.21,173
2024-12-02,Chequing,4578.22,360
2024-12-19,Line of credit,614.38,306
2024-12-15,Savings,3075.38,5
2024-12-20,Savings,4754.14,103
2024-12-12,Chequing,1487.95,98
2024-12-26,Savings,1169.42,328
2024-12-07,Chequing,492.73,260
2024-12-21,Savings,3368.43,67
2024-12-19,Savings,3327.99,65
2024-12-01,Savings,0.00,142
2024-12-09,Line of credit,3975.38,134
2024-12-16,Line of credit,2984.89,383
2024-12-07,Line of credit,2988.18,55
2024-12-28,Savings,0.00,296
2024-12-13,Chequing,947.95,153
2024-12-07,Line of credit,1358.45,233
2024-12-03,Line of credit,1593.06,351
2024-12-25,Line of credit,1318.36,28
2024-12-14,Line of credit,3250.88,100
2024-12-15,Savings,0.00,47
2025-01-27,Savings,2980.81,230
2025-01-11,Savings,2561.64,193
2025-01-28,Savings,3236.17,0
2025-01-19,Line of credit,1795.73,167
2025-01-01,Savings,0.00,330
2025-01-06,Line of credit,4986.15,306
2025-01-10,Line of credit,4119.57,164
2025-01-01,Savings,730.77,213
2025-01-18,Savings,2812.19,195
2025-01-18,Line of credit,781.09,129
2025-01-17,Chequing,4131.75,80
2025-01-25,Line of credit,2424.02,6
2025-01-18,Savings,4453.27,315
2025-01-27,Chequing,1659.23,169
2025-01-23,Savings,2538.19,46
2025-01-04,Line of credit,3838.45,152
2025-01-25,Chequing,0.00,132
2025-01-07,Chequing,3524.18,77
2025-01-24,Savings,2290.20,307
2025-01-12,Savings,166.51,136
2025-01-25,Savings,347.53,285
2025-01-25,Savings,3761.22,247
2025-01-23,Savings,975.67,38
2025-01-13,Line of credit,4751.09,161
2025-01-20,Savings,0.00,371
2025-02-17,Line of credit,3587.49,360
2025-02-23,Savings,1936.06,245
2025-02-18,Chequing,4029.47,53
2025-02-17,Line of credit,3582.20,333
2025-02-27,Line of credit,0.00,334
2025-02-07,Savings,2994.09,67
2025-02-24,Savings,583.93,59
2025-02-07,Savings,3274.06,203
2025-02-19,Savings,4066.01,280
2025-02-23,Savings,906.06,45
2025-02-19,Line of credit,4435.39,269
2025-02-03,Line of credit,641.50,105
2025-02-28,Savings,3250.92,80
2025-02-28,Line of credit,2125.22,244
2025-02-19,Chequing,4170.67,365
2025-02-09,Savings,1404.90,0
2025-02-28,Savings,3838.59,356
2025-02-03,Line of credit,406.89,91
2025-02-24,Chequing,486.22,98
2025-02-25,Savings,3922.28,382
2025-02-12,Line of credit,3432.20,205
2025-02-12,Savings,4993.16,127
2025-02-06,Savings,2227.18,397
2025-02-05,Line of credit,2090.62,109
2025-02-10,Savings,1005.54,126
2025-03-09,Savings,3600.82,273
2025-03-26,Savings,4076.45,275
2025-03-14,Savings,833.09,386
2025-03-17,Line of credit,4681.25,343
2025-03-11,Savings,436.07,137
2025-03-09,Savings,2792.06,297
2025-03-17,Chequing,866.15,8
2025-03-16,Line of credit,3125.81,0
2025-03-10,Chequing,2845.05,6
2025-03-04,Chequing,4118.80,174
2025-03-25,Savings,2544.13,263
2025-03-22,Line of credit,1587.75,202
2025-03-26,Savings,3698.34,134
2025-03-15,Chequing,3362.95,180
2025-03-27,Savings,2731.70,393
2025-03-09,Line of credit,1902.80,0
2025-03-09,Savings,4007.74,191
2025-03-23,Savings,3512.43,256
2025-03-01,Savings,3043.58,273
2025-03-06,Line of credit,4889.02,266
2025-03-17,Chequing,1931.73,85
2025-03-28,Line of credit,3299.96,26
2025-03-14,Line of credit,4773.77,140
2025-03-04,Savings,4697.54,204
2025-03-25,Savings,4565.58,116
2025-04-04,Chequing,985.57,372
2025-04-09,Savings,1955.49,302
2025-04-21,Chequing,3760.72,134
2025-04-28,Savings,2283.41,6
2025-04-09,Savings,4250.18,239
2025-04-14,Savings,4689.88,231
2025-04-16,Savings,4516.96,173
2025-04-01,Line of credit,1772.54,182
2025-04-12,Chequing,3103.17,355
2025-04-14,Chequing,561.56,185
2025-04-12,Chequing,2873.46,89
2025-04-24,Savings,2150.08,183
2025-04-10,Line of credit,4969.81,44
2025-04-01,Chequing,2837.25,273
2025-04-06,Line of credit,3773.23,196
2025-04-11,Line of credit,3999.15,295
2025-04-07,Line of credit,4038.50,282
2025-04-12,Line of credit,3845.11,248
2025-04-09,Savings,0.00,221
2025-04-22,Chequing,3799.06,244
2025-04-24,Savings,0.00,0
2025-04-06,Chequing,2404.23,204
2025-04-22,Chequing,4316.75,352
2025-04-10,Chequing,1011.67,390
2025-04-16,Savings,2504.93,5
2025-05-01,Line of credit,130.47,269
2025-05-16,Chequing,3325.43,263
2025-05-15,Line of credit,401.85,207
2025-05-13,Chequing,4477.40,112
2025-05-22,Chequing,3652.02,93
2025-05-17,Line of credit,955.28,47
2025-05-15,Chequing,3687.88,232
2025-05-13,Chequing,306.17,228
2025-05-22,Chequing,2009.85,248
2025-05-15,Savings,4011.52,245
2025-05-11,Line of credit,2311.68,82
2025-05-13,Chequing,2408.88,107
2025-05-22,Line of credit,4240.23,12
2025-05-24,Line of credit,502.96,11
2025-05-01,Chequing,2204.07,332
2025-05-02,Line of credit,4035.07,1
2025-05-11,Line of credit,3641.24,18
2025-05-08,Savings,187.62,315
2025-05-03,Savings,4422.07,294
2025-05-24,Savings,3091.45,155
2025-05-10,Line of credit,3640.68,236
2025-05-20,Line of credit,364.75,68
2025-05-07,Savings,2834.33,240
2025-05-13,Chequing,1021.76,39
2025-05-09,Line of credit,3463.60,52
2025-06-27,Chequing,4929.35,209
2025-06-15,Chequing,333.58,88
2025-06-16,Savings,4782.10,265
2025-06-14,Chequing,1455.15,301
2025-06-06,Savings,3208.69,271
2025-06-26,Savings,2886.93,282
2025-06-18,Line of credit,988.53,257
2025-06-10,Chequing,263.30,111
2025-06-15,Chequing,3726.79,116
2025-06-14,Chequing,931.25,2
2025-06-12,Line of credit,1277.13,0
2025-06-18,Chequing,692.89,61
2025-06-22,Line of credit,1531.89,0
2025-06-04,Savings,2994.87,74
2025-06-09,Line of credit,3360.25,363
2025-06-21,Savings,724.32,21
2025-06-22,Line of credit,2367.17,317
2025-06-12,Savings,1987.05,317
2025-06-05,Chequing,0.00,265
2025-06-27,Savings,737.54,399
2025-06-16,Chequing,2433.87,265
2025-06-23,Line of credit,2913.06,271
2025-06-10,Savings,3071.47,284
2025-06-15,Line of credit,3367.18,166
2025-06-24,Savings,1283.28,0
2025-07-18,Line of credit,4545.40,48
2025-07-18,Line of credit,144.59,333
2025-07-12,Line of credit,2846.86,58
2025-07-23,Chequing,4998.90,8
2025-07-15,Chequing,2392.76,51
2025-07-10,Savings,3953.44,176
2025-07-05,Chequing,1181.85,91
2025-07-25,Chequing,4855.52,373
2025-07-03,Chequing,3780.95,180
2025-07-08,Line of credit,111.30,270
2025-07-19,Line of credit,4963.44,172
2025-07-02,Chequing,510.91,270
2025-07-01,Line of credit,4261.82,333
2025-07-27,Savings,0.00,101
2025-07-15,Chequing,2846.14,224
2025-07-02,Line of credit,4870.31,331
2025-07-20,Line of credit,4611.60,224
2025-07-22,Chequing,1759.72,390
2025-07-12,Line of credit,1138.16,0
2025-07-08,Line of credit,0.00,112
2025-07-14,Chequing,530.65,83
2025-07-13,Line of credit,4388.55,40
2025-07-08,Chequing,2748.86,29
2025-07-25,Savings,3652.58,119
2025-07-04,Savings,3327.32,311
2025-08-16,Chequing,3861.38,400
2025-08-28,Savings,2435.08,56
2025-08-18,Chequing,3406.46,257
2025-08-05,Line of credit,4672.09,194
2025-08-06,Line of credit,3844.24,5
2025-08-16,Line of credit,978.16,348
2025-08-25,Chequing,2148.30,169
2025-08-08,Chequing,2741.66,87
2025-08-18,Line of credit,2397.81,16
2025-08-15,Line of credit,4741.10,135
2025-08-21,Line of credit,2997.35,264
2025-08-17,Line of credit,1943.20,144
2025-08-19,Line of credit,2527.15,77
2025-08-13,Chequing,150.00,395
2025-08-15,Line of credit,144.40,20
2025-08-02,Savings,3550.82,93
2025-08-25,Line of credit,4332.91,277
2025-08-12,Chequing,1016.97,56
2025-08-02,Savings,3946.50,99
2025-08-16,Savings,2256.79,0
2025-08-15,Line of credit,0.00,196
2025-08-06,Savings,3073.00,358
2025-08-12,Chequing,679.00,279
2025-08-25,Savings,3737.57,311
2025-08-13,Savings,1765.34,53
2025-09-27,Chequing,2575.81,16
2025-09-04,Line of credit,1187.42,280
2025-09-06,Savings,1571.61,101
2025-09-21,Savings,0.00,340
2025-09-28,Line of credit,1553.18,91
2025-09-13,Chequing,0.00,135
2025-09-22,Chequing,2779.15,71
2025-09-25,Line of credit,0.00,392
2025-09-24,Savings,4917.69,64
2025-09-12,Chequing,1346.37,353
2025-09-25,Chequing,180.17,324
2025-09-18,Line of credit,3643.94,99
2025-09-01,Savings,3099.89,71
2025-09-02,Chequing,1647.85,255
2025-09-08,Chequing,1473.64,0
2025-09-24,Line of credit,0.00,383
2025-09-28,Chequing,2767.79,389
2025-09-04,Chequing,3627.52,321
2025-09-24,Line of credit,4292.51,393
2025-09-19,Line of credit,700.98,195
2025-09-19,Savings,3984.62,301
2025-09-10,Chequing,4871.44,331
2025-09-06,Savings,2256.90,44
2025-09-25,Line of credit,4674.57,73
2025-09-05,Line of credit,3772.18,138
2025-10-19,Savings,1139.21,283
2025-10-19,Chequing,1441.45,386
2025-10-08,Savings,3025.71,342
2025-10-21,Line of credit,0.00,275
2025-10-19,Savings,3433.28,201
2025-10-15,Line of credit,4054.02,69
2025-10-20,Savings,2422.27,290
2025-10-11,Chequing,3914.42,290
2025-10-02,Savings,695.98,331
2025-10-11,Line of credit,2879.14,0
2025-10-04,Savings,1773.41,131
2025-10-07,Chequing,4227.84,287
2025-10-14,Chequing,4851.31,332
2025-10-01,Savings,3682.50,280
2025-10-09,Line of credit,4070.47,171
2025-10-08,Line of credit,3851.86,244
2025-10-12,Line of credit,4953.53,371
2025-10-12,Chequing,805.48,39
2025-10-05,Chequing,4666.68,88
2025-10-13,Chequing,60.42,43
2025-10-14,Chequing,0.00,382
2025-10-11,Chequing,1346.20,96
2025-10-22,Savings,4271.63,0
2025-10-11,Savings,4079.00,304
2025-10-06,Savings,4994.78,278
2025-11-04,Line of credit,2945.04,18
2025-11-11,Chequing,0.00,134
2025-11-06,Savings,0.00,93
2025-11-19,Chequing,4819.64,340
2025-11-15,Line of credit,3313.50,0
2025-11-27,Savings,4129.48,158
2025-11-18,Line of credit,4510.73,388
2025-11-08,Chequing,3517.41,189
2025-11-25,Savings,4490.72,169
2025-11-28,Savings,1294.97,147
2025-11-03,Savings,3160.11,236
2025-11-21,Line of credit,3921.62,328
2025-11-01,Line of credit,349.50,198
2025-11-04,Savings,3899.69,318
2025-11-13,Savings,3862.68,320
2025-11-22,Chequing,2025.15,291
2025-11-06,Line of credit,126.01,155
2025-11-27,Line of credit,2212.28,88
2025-11-19,Chequing,4080.04,69
2025-11-18,Savings,2189.54,334
2025-11-07,Chequing,619.46,208
2025-11-12,Line of credit,4502.22,79
2025-11-06,Line of credit,2017.54,16
2025-11-22,Savings,3425.18,35
2025-11-16,Chequing,494.61,123
2025-12-03,Line of credit,3146.52,10
2025-12-17,Line of credit,4814.55,2
2025-12-06,Chequing,3041.54,221
2025-12-15,Chequing,1671.30,201
2025-12-13,Savings,113.36,168
2025-12-03,Line of credit,3328.42,266
2025-12-03,Savings,4246.73,374
2025-12-01,Line of credit,0.00,174
2025-12-04,Chequing,3203.61,259
2025-12-23,Savings,3454.26,118
2025-12-18,Line of credit,1544.67,337
2025-12-01,Savings,1433.78,259
2025-12-22,Line of credit,915.77,175
2025-12-02,Chequing,3901.52,0
2025-12-25,Chequing,2293.21,59
2025-12-22,Chequing,2972.86,265
2025-12-10,Line of credit,1447.72,268
2025-12-18,Line of credit,1957.68,5
2025-12-25,Line of credit,1696.78,40
2025-12-02,Savings,2528.70,181
2025-12-02,Line of credit,0.00,163
2025-12-12,Line of credit,3630.78,187
2025-12-24,Savings,0.00,180
2025-12-22,Line of credit,3806.32,115
2025-12-26,Line of credit,813.86,232
