order_date,channel,revenue,units
2023-01-28,Web,304.44,5
2023-01-25,Web,216.82,4
2023-01-28,Web,249.42,5
2023-01-26,Web,273.00,5
2023-01-20,Web,96.61,2
2023-01-10,Web,96.49,2
2023-01-26,Web,343.31,6
2023-01-20,Web,250.67,4
2023-01-21,Web,341.44,6
2023-01-06,Web,234.99,5
2023-01-17,Web,47.73,1
2023-01-07,Web,113.29,2
2023-01-25,Web,208.54,4
2023-01-19,Web,110.63,2
2023-01-21,Web,164.99,3
2023-01-22,Web,54.30,1
2023-01-09,Web,252.85,4
2023-01-27,Web,58.43,1
2023-01-11,Web,110.43,2
2023-01-01,Web,56.04,1
2023-01-04,Web,194.12,4
2023-01-10,Web,191.41,4
2023-01-01,Web,280.55,6
2023-01-07,Web,54.50,1
2023-01-23,Web,214.71,4
2023-01-19,Web,300.15,6
2023-01-22,Web,156.93,3
2023-01-10,Web,141.00,3
2023-01-14,Web,48.97,1
2023-01-23,Web,46.93,1
2023-01-15,Web,198.73,4
2023-01-18,Web,108.27,2
2023-01-07,Web,356.68,6
2023-01-14,Web,318.49,6
2023-01-13,Web,252.34,4
2023-01-01,Web,183.03,3
2023-01-26,Web,258.84,5
2023-01-01,Web,99.68,2
2023-01-28,Web,286.70,5
2023-01-04,Web,63.07,1
2023-01-15,Retail,107.46,3
2023-01-20,Retail,138.48,3
2023-01-13,Retail,36.64,1
2023-01-07,Retail,218.61,5
2023-01-01,Retail,201.73,5
2023-01-20,Retail,149.21,4
2023-01-19,Retail,184.75,4
2023-01-05,Retail,152.01,4
2023-01-05,Retail,141.44,3
2023-01-27,Retail,194.22,5
2023-01-07,Retail,90.03,2
2023-01-18,Retail,88.71,2
2023-01-13,Retail,173.22,4
2023-01-14,Retail,37.01,1
2023-01-02,Retail,239.15,5
2023-01-08,Retail,267.47,6
2023-01-09,Retail,184.32,4
2023-01-20,Retail,157.59,4
2023-01-06,Retail,288.07,6
2023-01-05,Retail,83.48,2
2023-01-21,Retail,217.20,5
2023-01-09,Retail,94.52,2
2023-01-07,Retail,215.45,6
2023-01-09,Retail,165.26,4
2023-01-02,Retail,37.92,1
2023-01-12,Retail,214.55,5
2023-01-05,Retail,40.26,1
2023-01-15,Retail,131.93,3
2023-01-17,Wholesale,1757.79,5
2023-01-19,Wholesale,349.39,1
2023-01-16,Wholesale,986.07,3
2023-01-02,Wholesale,319.15,1
2023-01-03,Wholesale,1079.02,4
2023-01-10,Wholesale,828.61,3
2023-01-03,Wholesale,305.64,1
2023-01-12,Wholesale,1605.81,6
2023-01-24,Wholesale,1973.66,6
2023-01-26,Wholesale,888.66,3
2023-01-22,Wholesale,1389.11,4
2023-01-28,Wholesale,1405.26,4
2023-01-01,Wholesale,1267.08,4
2023-01-20,Wholesale,1794.34,6
2023-01-01,Marketplace,261.50,5
2023-01-03,Marketplace,318.48,6
2023-01-09,Marketplace,256.43,4
2023-01-13,Marketplace,380.97,6
2023-01-15,Marketplace,237.31,4
2023-01-18,Marketplace,60.34,1
2023-01-17,Marketplace,56.58,1
2023-01-03,Marketplace,205.60,4
2023-01-23,Marketplace,59.95,1
2023-01-20,Marketplace,405.41,6
2023-01-09,Marketplace,57.62,1
2023-01-05,Marketplace,372.07,6
2023-01-17,Marketplace,129.14,2
2023-01-11,Marketplace,406.47,6
2023-01-16,Marketplace,113.77,2
2023-02-09,Web,114.43,2
2023-02-26,Web,122.55,2
2023-02-13,Web,112.74,2
2023-02-11,Web,97.99,2
2023-02-16,Web,181.69,3
2023-02-28,Web,58.49,1
2023-02-09,Web,97.22,2
2023-02-16,Web,186.07,3
2023-02-27,Web,212.25,4
2023-02-17,Web,231.36,4
2023-02-23,Web,271.08,5
2023-02-03,Web,51.34,1
2023-02-20,Web,57.94,1
2023-02-09,Web,262.97,5
2023-02-21,Web,235.33,5
2023-02-05,Web,217.02,4
2023-02-01,Web,152.00,3
2023-02-05,Web,62.99,1
2023-02-04,Web,194.20,4
2023-02-18,Web,343.85,6
2023-02-12,Web,58.04,1
2023-02-07,Web,203.90,4
2023-02-23,Web,59.21,1
2023-02-18,Web,284.08,6
2023-02-08,Web,178.79,3
2023-02-18,Web,374.24,6
2023-02-17,Web,315.99,5
2023-02-06,Web,243.02,4
2023-02-23,Web,96.38,2
2023-02-24,Web,195.57,4
2023-02-15,Web,114.14,2
2023-02-01,Web,223.30,4
2023-02-21,Web,299.48,5
2023-02-11,Web,208.55,4
2023-02-07,Web,58.66,1
2023-02-27,Web,372.00,6
2023-02-04,Web,101.50,2
2023-02-13,Web,62.88,1
2023-02-18,Web,153.21,3
2023-02-23,Web,52.50,1
2023-02-03,Web,54.02,1
2023-02-18,Web,237.70,4
2023-02-01,Retail,91.79,2
2023-02-03,Retail,183.11,4
2023-02-06,Retail,199.61,5
2023-02-26,Retail,83.26,2
2023-02-17,Retail,253.38,6
2023-02-22,Retail,247.48,6
2023-02-16,Retail,238.30,5
2023-02-03,Retail,82.47,2
2023-02-18,Retail,138.52,3
2023-02-18,Retail,226.62,6
2023-02-17,Retail,194.66,5
2023-02-22,Retail,190.92,4
2023-02-28,Retail,191.62,5
2023-02-28,Retail,95.80,2
2023-02-17,Retail,128.76,3
2023-02-07,Retail,169.81,4
2023-02-17,Retail,43.33,1
2023-02-01,Retail,239.57,5
2023-02-17,Retail,170.22,4
2023-02-19,Retail,41.89,1
2023-02-23,Retail,73.06,2
2023-02-18,Retail,163.65,4
2023-02-26,Retail,156.37,4
2023-02-16,Retail,149.20,4
2023-02-14,Retail,169.26,4
2023-02-04,Retail,81.97,2
2023-02-01,Retail,111.99,3
2023-02-25,Retail,36.15,1
2023-02-05,Retail,71.70,2
2023-02-10,Retail,134.45,3
2023-02-20,Wholesale,1093.02,4
2023-02-24,Wholesale,1374.59,5
2023-02-17,Wholesale,1434.01,5
2023-02-07,Wholesale,1876.94,6
2023-02-14,Wholesale,298.44,1
2023-02-14,Wholesale,1603.84,5
2023-02-18,Wholesale,687.67,2
2023-02-18,Wholesale,1702.84,6
2023-02-07,Wholesale,1601.95,5
2023-02-28,Wholesale,570.27,2
2023-02-21,Marketplace,201.74,3
2023-02-11,Marketplace,283.35,5
2023-02-07,Marketplace,130.02,2
2023-02-07,Marketplace,53.41,1
2023-02-08,Marketplace,128.16,2
2023-02-09,Marketplace,210.99,4
2023-02-27,Marketplace,243.12,4
2023-02-23,Marketplace,109.22,2
2023-02-21,Marketplace,392.28,6
2023-02-04,Marketplace,122.52,2
2023-02-12,Marketplace,159.23,3
2023-02-17,Marketplace,387.88,6
2023-02-17,Marketplace,395.96,6
2023-02-26,Marketplace,59.68,1
2023-02-01,Marketplace,64.72,1
2023-02-20,Marketplace,336.46,5
2023-03-05,Web,99.59,2
2023-03-07,Web,121.23,2
2023-03-10,Web,289.93,6
2023-03-02,Web,124.90,2
2023-03-15,Web,59.37,1
2023-03-11,Web,217.82,4
2023-03-17,Web,161.54,3
2023-03-20,Web,140.91,3
2023-03-23,Web,60.68,1
2023-03-06,Web,216.96,4
2023-03-24,Web,160.31,3
2023-03-07,Web,247.37,5
2023-03-17,Web,52.09,1
2023-03-03,Web,367.19,6
2023-03-21,Web,224.60,4
2023-03-07,Web,281.98,5
2023-03-11,Web,154.09,3
2023-03-04,Web,354.05,6
2023-03-06,Web,195.79,4
2023-03-11,Web,291.07,5
2023-03-25,Web,237.51,4
2023-03-13,Web,117.35,2
2023-03-03,Web,155.18,3
2023-03-04,Web,61.40,1
2023-03-21,Web,237.84,5
2023-03-09,Web,310.09,6
2023-03-07,Web,320.71,6
2023-03-06,Web,240.09,5
2023-03-17,Web,229.39,4
2023-03-23,Web,59.32,1
2023-03-19,Web,48.64,1
2023-03-04,Web,303.97,6
2023-03-15,Web,220.31,4
2023-03-25,Web,114.88,2
2023-03-01,Web,51.02,1
2023-03-09,Web,167.48,3
2023-03-17,Web,250.83,4
2023-03-19,Web,57.28,1
2023-03-26,Web,288.04,6
2023-03-20,Web,355.67,6
2023-03-13,Retail,81.12,2
2023-03-06,Retail,170.11,4
2023-03-20,Retail,41.11,1
2023-03-16,Retail,157.14,4
2023-03-13,Retail,198.18,5
2023-03-17,Retail,125.37,3
2023-03-09,Retail,237.06,5
2023-03-22,Retail,270.73,6
2023-03-01,Retail,45.43,1
2023-03-19,Retail,43.68,1
2023-03-14,Retail,243.68,6
2023-03-11,Retail,244.27,6
2023-03-19,Retail,285.60,6
2023-03-03,Retail,82.22,2
2023-03-16,Retail,143.89,3
2023-03-08,Retail,42.29,1
2023-03-26,Retail,282.96,6
2023-03-05,Retail,86.61,2
2023-03-04,Retail,43.57,1
2023-03-15,Retail,38.27,1
2023-03-02,Retail,127.06,3
2023-03-04,Retail,123.84,3
2023-03-22,Retail,165.76,4
2023-03-09,Retail,258.22,6
2023-03-14,Retail,136.51,3
2023-03-17,Retail,95.41,2
2023-03-24,Retail,77.41,2
2023-03-17,Wholesale,1009.32,3
2023-03-20,Wholesale,867.16,3
2023-03-20,Wholesale,1985.59,6
2023-03-23,Wholesale,1405.86,5
2023-03-09,Wholesale,562.31,2
2023-03-08,Wholesale,1773.07,5
2023-03-07,Wholesale,1603.05,6
2023-03-02,Wholesale,288.70,1
2023-03-14,Wholesale,321.47,1
2023-03-08,Marketplace,280.05,5
2023-03-25,Marketplace,67.43,1
2023-03-06,Marketplace,276.13,5
2023-03-12,Marketplace,238.46,4
2023-03-07,Marketplace,171.56,3
2023-03-24,Marketplace,132.19,2
2023-03-03,Marketplace,59.05,1
2023-03-27,Marketplace,330.42,5
2023-03-25,Marketplace,118.00,2
2023-03-24,Marketplace,174.07,3
2023-03-05,Marketplace,161.29,3
2023-04-20,Web,154.65,3
2023-04-25,Web,362.29,6
2023-04-06,Web,230.15,4
2023-04-19,Web,54.37,1
2023-04-11,Web,55.72,1
2023-04-14,Web,280.61,5
2023-04-27,Web,326.39,6
2023-04-27,Web,48.01,1
2023-04-07,Web,340.27,6
2023-04-23,Web,164.74,3
2023-04-25,Web,312.97,6
2023-04-05,Web,105.31,2
2023-04-24,Web,158.39,3
2023-04-04,Web,175.36,3
2023-04-19,Web,309.53,5
2023-04-22,Web,161.93,3
2023-04-26,Web,162.93,3
2023-04-08,Web,250.87,4
2023-04-24,Web,254.24,5
2023-04-12,Web,141.44,3
2023-04-22,Web,225.60,4
2023-04-26,Web,117.88,2
2023-04-12,Web,222.68,4
2023-04-27,Web,280.18,5
2023-04-06,Web,59.27,1
2023-04-28,Web,180.44,3
2023-04-08,Web,238.51,5
2023-04-06,Web,258.16,5
2023-04-01,Web,363.83,6
2023-04-14,Web,56.35,1
2023-04-10,Web,240.68,5
2023-04-03,Web,176.73,3
2023-04-11,Web,47.18,1
2023-04-21,Web,96.72,2
2023-04-27,Web,322.28,6
2023-04-23,Web,109.64,2
2023-04-17,Web,178.10,3
2023-04-13,Web,156.97,3
2023-04-11,Web,294.03,6
2023-04-16,Web,300.14,5
2023-04-03,Web,341.70,6
2023-04-02,Web,236.97,4
2023-04-22,Web,182.50,3
2023-04-13,Retail,46.90,1
2023-04-18,Retail,216.04,6
2023-04-12,Retail,214.97,6
2023-04-04,Retail,189.35,4
2023-04-05,Retail,90.08,2
2023-04-21,Retail,177.28,4
2023-04-11,Retail,81.21,2
2023-04-17,Retail,117.46,3
2023-04-02,Retail,158.35,4
2023-04-04,Retail,131.59,3
2023-04-25,Retail,94.39,2
2023-04-25,Retail,143.67,4
2023-04-16,Retail,39.64,1
2023-04-07,Retail,80.45,2
2023-04-19,Retail,86.52,2
2023-04-16,Retail,210.54,5
2023-04-15,Retail,93.94,2
2023-04-13,Retail,94.35,2
2023-04-10,Retail,255.65,6
2023-04-27,Retail,208.71,5
2023-04-09,Retail,187.53,4
2023-04-11,Retail,255.58,6
2023-04-03,Retail,186.27,4
2023-04-13,Retail,38.44,1
2023-04-05,Retail,191.99,4
2023-04-26,Retail,227.27,5
2023-04-26,Retail,43.99,1
2023-04-08,Retail,46.71,1
2023-04-12,Retail,182.96,4
2023-04-23,Retail,173.35,4
2023-04-06,Retail,150.71,4
2023-04-11,Retail,77.94,2
2023-04-28,Retail,186.76,5
2023-04-20,Wholesale,934.45,3
2023-04-02,Wholesale,633.37,2
2023-04-06,Wholesale,282.50,1
2023-04-28,Wholesale,679.91,2
2023-04-03,Wholesale,865.81,3
2023-04-23,Wholesale,1362.68,5
2023-04-16,Wholesale,1842.51,6
2023-04-24,Wholesale,1570.19,5
2023-04-17,Wholesale,795.81,3
2023-04-07,Wholesale,1125.82,4
2023-04-22,Wholesale,336.17,1
2023-04-15,Wholesale,533.92,2
2023-04-14,Wholesale,1547.30,5
2023-04-27,Wholesale,878.69,3
2023-04-03,Marketplace,282.51,5
2023-04-15,Marketplace,383.24,6
2023-04-12,Marketplace,63.37,1
2023-04-04,Marketplace,348.58,6
2023-04-15,Marketplace,410.43,6
2023-04-27,Marketplace,62.77,1
2023-04-01,Marketplace,255.25,4
2023-04-16,Marketplace,112.56,2
2023-04-04,Marketplace,259.57,4
2023-04-28,Marketplace,328.33,6
2023-04-20,Marketplace,112.45,2
2023-04-13,Marketplace,322.48,5
2023-04-11,Marketplace,244.00,4
2023-04-03,Marketplace,163.19,3
2023-05-24,Web,52.19,1
2023-05-09,Web,272.51,5
2023-05-21,Web,162.37,3
2023-05-13,Web,48.43,1
2023-05-20,Web,48.92,1
2023-05-21,Web,298.25,6
2023-05-07,Web,189.41,4
2023-05-15,Web,291.82,5
2023-05-04,Web,94.57,2
2023-05-04,Web,213.85,4
2023-05-03,Web,185.82,3
2023-05-14,Web,245.22,5
2023-05-07,Web,120.60,2
2023-05-13,Web,208.87,4
2023-05-14,Web,235.02,5
2023-05-13,Web,291.49,5
2023-05-26,Web,115.29,2
2023-05-20,Web,235.28,5
2023-05-11,Web,104.79,2
2023-05-21,Web,194.01,4
2023-05-13,Web,110.31,2
2023-05-26,Web,181.10,3
2023-05-20,Web,296.18,6
2023-05-25,Web,308.25,5
2023-05-18,Web,105.13,2
2023-05-17,Web,245.44,5
2023-05-23,Web,126.06,2
2023-05-17,Web,350.48,6
2023-05-07,Web,311.70,5
2023-05-21,Web,300.09,6
2023-05-03,Web,101.57,2
2023-05-19,Web,233.01,4
2023-05-11,Web,62.08,1
2023-05-12,Web,163.17,3
2023-05-04,Web,251.26,4
2023-05-05,Web,123.33,2
2023-05-18,Web,280.01,5
2023-05-18,Web,148.59,3
2023-05-24,Web,170.02,3
2023-05-04,Web,51.51,1
2023-05-08,Retail,201.38,5
2023-05-06,Retail,86.46,2
2023-05-26,Retail,41.42,1
2023-05-13,Retail,91.12,2
2023-05-22,Retail,79.15,2
2023-05-22,Retail,282.73,6
2023-05-20,Retail,218.84,5
2023-05-25,Retail,37.70,1
2023-05-14,Retail,144.47,4
2023-05-17,Retail,148.76,4
2023-05-13,Retail,79.87,2
2023-05-05,Retail,116.33,3
2023-05-11,Retail,43.79,1
2023-05-02,Retail,264.93,6
2023-05-05,Retail,191.15,4
2023-05-20,Retail,41.62,1
2023-05-14,Retail,236.02,5
2023-05-19,Retail,180.69,4
2023-05-16,Retail,185.05,4
2023-05-28,Retail,245.12,6
2023-05-14,Retail,42.83,1
2023-05-17,Retail,126.95,3
2023-05-14,Retail,188.38,4
2023-05-11,Retail,39.43,1
2023-05-20,Retail,179.69,4
2023-05-20,Retail,135.52,3
2023-05-10,Retail,233.75,5
2023-05-08,Retail,46.34,1
2023-05-08,Retail,233.50,5
2023-05-16,Wholesale,1639.80,6
2023-05-08,Wholesale,1459.93,5
2023-05-13,Wholesale,690.63,2
2023-05-24,Wholesale,1786.77,6
2023-05-18,Wholesale,1263.79,4
2023-05-06,Wholesale,647.81,2
2023-05-14,Wholesale,1374.55,5
2023-05-03,Wholesale,311.83,1
2023-05-05,Wholesale,345.54,1
2023-05-15,Marketplace,56.33,1
2023-05-24,Marketplace,154.29,3
2023-05-06,Marketplace,58.93,1
2023-05-15,Marketplace,290.75,5
2023-05-12,Marketplace,369.23,6
2023-05-02,Marketplace,154.68,3
2023-05-11,Marketplace,170.51,3
2023-05-05,Marketplace,267.27,4
2023-05-07,Marketplace,199.39,3
2023-05-23,Marketplace,54.52,1
2023-05-27,Marketplace,201.56,3
2023-05-01,Marketplace,124.87,2
2023-05-23,Marketplace,273.18,5
2023-05-21,Marketplace,108.89,2
2023-05-02,Marketplace,317.46,6
2023-06-27,Web,187.84,3
2023-06-09,Web,234.07,4
2023-06-05,Web,174.70,3
2023-06-25,Web,214.40,4
2023-06-06,Web,121.93,2
2023-06-04,Web,348.92,6
2023-06-09,Web,117.26,2
2023-06-17,Web,309.75,6
2023-06-09,Web,180.03,3
2023-06-17,Web,56.48,1
2023-06-08,Web,184.58,3
2023-06-06,Web,302.87,6
2023-06-05,Web,346.61,6
2023-06-15,Web,54.02,1
2023-06-17,Web,55.51,1
2023-06-02,Web,56.65,1
2023-06-10,Web,254.45,5
2023-06-26,Web,240.94,5
2023-06-10,Web,101.61,2
2023-06-09,Web,334.76,6
2023-06-06,Web,126.10,2
2023-06-02,Web,271.83,5
2023-06-25,Web,265.49,5
2023-06-16,Web,49.72,1
2023-06-18,Web,370.56,6
2023-06-11,Web,328.37,6
2023-06-02,Web,257.79,5
2023-06-27,Web,348.24,6
2023-06-17,Web,374.70,6
2023-06-06,Web,298.07,5
2023-06-06,Web,56.78,1
2023-06-08,Web,324.10,6
2023-06-25,Web,179.18,3
2023-06-26,Web,303.86,6
2023-06-16,Web,252.00,5
2023-06-19,Web,274.91,5
2023-06-02,Web,113.20,2
2023-06-23,Web,56.20,1
2023-06-28,Web,104.23,2
2023-06-20,Web,56.79,1
2023-06-26,Web,220.25,4
2023-06-24,Web,182.66,3
2023-06-03,Retail,47.13,1
2023-06-19,Retail,255.27,6
2023-06-26,Retail,232.19,6
2023-06-05,Retail,39.62,1
2023-06-02,Retail,237.97,6
2023-06-20,Retail,253.92,6
2023-06-09,Retail,209.90,5
2023-06-21,Retail,189.31,5
2023-06-09,Retail,75.43,2
2023-06-23,Retail,277.02,6
2023-06-26,Retail,145.88,4
2023-06-14,Retail,161.17,4
2023-06-07,Retail,287.57,6
2023-06-02,Retail,83.74,2
2023-06-25,Retail,240.63,5
2023-06-05,Retail,248.62,6
2023-06-24,Retail,35.74,1
2023-06-14,Retail,187.42,5
2023-06-13,Retail,197.28,5
2023-06-14,Retail,47.94,1
2023-06-22,Retail,271.90,6
2023-06-24,Retail,192.98,5
2023-06-09,Retail,42.65,1
2023-06-08,Retail,166.06,4
2023-06-08,Retail,118.77,3
2023-06-20,Retail,72.40,2
2023-06-13,Retail,219.44,5
2023-06-24,Wholesale,948.81,3
2023-06-28,Wholesale,1747.12,5
2023-06-06,Wholesale,1373.90,4
2023-06-27,Wholesale,597.89,2
2023-06-26,Wholesale,283.53,1
2023-06-12,Wholesale,561.15,2
2023-06-18,Wholesale,616.31,2
2023-06-13,Wholesale,637.46,2
2023-06-25,Wholesale,922.35,3
2023-06-21,Marketplace,325.61,6
2023-06-16,Marketplace,121.45,2
2023-06-14,Marketplace,51.85,1
2023-06-09,Marketplace,204.23,3
2023-06-20,Marketplace,60.34,1
2023-06-24,Marketplace,180.66,3
2023-06-19,Marketplace,383.24,6
2023-06-09,Marketplace,57.50,1
2023-06-05,Marketplace,407.16,6
2023-06-12,Marketplace,129.56,2
2023-06-24,Marketplace,51.37,1
2023-06-11,Marketplace,236.40,4
2023-06-28,Marketplace,227.42,4
2023-06-25,Marketplace,315.23,5
2023-07-13,Web,253.41,5
2023-07-02,Web,98.48,2
2023-07-20,Web,94.55,2
2023-07-10,Web,214.99,4
2023-07-18,Web,293.96,6
2023-07-23,Web,255.23,5
2023-07-24,Web,230.97,4
2023-07-05,Web,121.04,2
2023-07-18,Web,324.99,6
2023-07-05,Web,221.11,4
2023-07-12,Web,96.89,2
2023-07-12,Web,170.51,3
2023-07-05,Web,60.75,1
2023-07-24,Web,328.30,6
2023-07-01,Web,310.01,6
2023-07-22,Web,61.91,1
2023-07-07,Web,290.61,5
2023-07-22,Web,62.51,1
2023-07-28,Web,151.86,3
2023-07-21,Web,144.70,3
2023-07-14,Web,53.23,1
2023-07-02,Web,212.30,4
2023-07-11,Web,164.86,3
2023-07-09,Web,98.73,2
2023-07-13,Web,109.18,2
2023-07-06,Web,173.18,3
2023-07-08,Web,241.43,5
2023-07-11,Web,240.08,4
2023-07-16,Web,254.95,5
2023-07-28,Web,259.20,5
2023-07-01,Web,194.94,4
2023-07-03,Web,204.95,4
2023-07-13,Web,242.89,4
2023-07-10,Web,234.47,4
2023-07-09,Web,47.14,1
2023-07-12,Web,184.39,3
2023-07-19,Web,153.21,3
2023-07-22,Web,114.70,2
2023-07-13,Web,261.92,5
2023-07-01,Retail,223.06,5
2023-07-07,Retail,43.60,1
2023-07-20,Retail,204.39,5
2023-07-14,Retail,39.18,1
2023-07-27,Retail,187.14,4
2023-07-13,Retail,144.72,4
2023-07-05,Retail,252.54,6
2023-07-10,Retail,160.96,4
2023-07-01,Retail,86.66,2
2023-07-09,Retail,77.91,2
2023-07-08,Retail,84.52,2
2023-07-18,Retail,142.98,4
2023-07-18,Retail,185.59,4
2023-07-25,Retail,183.48,5
2023-07-27,Retail,234.20,5
2023-07-23,Retail,117.08,3
2023-07-04,Retail,39.65,1
2023-07-23,Retail,88.92,2
2023-07-22,Retail,95.69,2
2023-07-27,Retail,75.42,2
2023-07-20,Retail,251.29,6
2023-07-19,Retail,121.07,3
2023-07-10,Retail,135.41,3
2023-07-18,Retail,154.75,4
2023-07-08,Retail,119.38,3
2023-07-06,Retail,224.96,5
2023-07-03,Retail,46.00,1
2023-07-23,Retail,111.36,3
2023-07-15,Retail,227.14,5
2023-07-02,Wholesale,642.61,2
2023-07-14,Wholesale,1073.88,4
2023-07-09,Wholesale,1242.77,4
2023-07-26,Wholesale,1799.89,6
2023-07-23,Wholesale,1721.51,6
2023-07-23,Wholesale,1763.39,6
2023-07-11,Wholesale,683.74,2
2023-07-27,Wholesale,632.55,2
2023-07-14,Wholesale,1975.46,6
2023-07-20,Wholesale,2044.70,6
2023-07-26,Wholesale,550.29,2
2023-07-13,Wholesale,1628.75,5
2023-07-21,Marketplace,137.06,2
2023-07-16,Marketplace,317.44,5
2023-07-26,Marketplace,111.65,2
2023-07-09,Marketplace,222.14,4
2023-07-22,Marketplace,231.84,4
2023-07-22,Marketplace,103.75,2
2023-07-23,Marketplace,66.67,1
2023-07-07,Marketplace,172.25,3
2023-07-18,Marketplace,58.28,1
2023-07-01,Marketplace,332.00,5
2023-07-06,Marketplace,156.64,3
2023-07-15,Marketplace,336.64,6
2023-08-24,Web,267.43,5
2023-08-05,Web,265.87,5
2023-08-23,Web,111.52,2
2023-08-26,Web,108.09,2
2023-08-27,Web,55.93,1
2023-08-09,Web,215.55,4
2023-08-05,Web,184.03,3
2023-08-09,Web,280.68,5
2023-08-09,Web,320.11,6
2023-08-11,Web,96.17,2
2023-08-07,Web,167.55,3
2023-08-18,Web,49.25,1
2023-08-01,Web,173.43,3
2023-08-01,Web,104.60,2
2023-08-05,Web,126.22,2
2023-08-14,Web,189.12,4
2023-08-12,Web,266.41,5
2023-08-02,Web,111.67,2
2023-08-22,Web,254.58,5
2023-08-07,Web,183.05,3
2023-08-26,Web,224.70,4
2023-08-24,Web,49.65,1
2023-08-01,Web,111.29,2
2023-08-22,Web,51.22,1
2023-08-01,Web,259.33,5
2023-08-17,Web,187.69,4
2023-08-07,Web,62.58,1
2023-08-01,Web,255.61,5
2023-08-08,Web,329.50,6
2023-08-10,Web,302.03,5
2023-08-25,Web,62.20,1
2023-08-16,Web,242.43,4
2023-08-14,Web,184.75,3
2023-08-20,Web,46.91,1
2023-08-05,Web,104.18,2
2023-08-24,Web,165.31,3
2023-08-09,Web,171.28,3
2023-08-15,Web,155.70,3
2023-08-03,Web,312.34,6
2023-08-04,Web,156.82,3
2023-08-06,Retail,72.58,2
2023-08-05,Retail,197.68,5
2023-08-07,Retail,80.16,2
2023-08-05,Retail,80.79,2
2023-08-06,Retail,143.91,4
2023-08-13,Retail,181.79,5
2023-08-04,Retail,143.03,3
2023-08-27,Retail,71.92,2
2023-08-06,Retail,109.61,3
2023-08-19,Retail,42.99,1
2023-08-11,Retail,166.66,4
2023-08-08,Retail,163.37,4
2023-08-23,Retail,91.88,2
2023-08-03,Retail,243.69,6
2023-08-11,Retail,91.00,2
2023-08-17,Retail,37.57,1
2023-08-21,Retail,242.79,6
2023-08-21,Retail,38.37,1
2023-08-20,Retail,140.65,3
2023-08-28,Retail,261.72,6
2023-08-17,Retail,236.76,5
2023-08-04,Retail,266.35,6
2023-08-15,Retail,176.34,4
2023-08-14,Retail,168.08,4
2023-08-13,Retail,212.59,5
2023-08-02,Retail,236.46,5
2023-08-17,Retail,248.35,6
2023-08-10,Retail,181.41,5
2023-08-02,Retail,112.84,3
2023-08-15,Retail,144.63,3
2023-08-24,Retail,198.22,5
2023-08-24,Retail,192.67,4
2023-08-02,Wholesale,667.03,2
2023-08-16,Wholesale,285.27,1
2023-08-27,Wholesale,2021.78,6
2023-08-05,Wholesale,337.68,1
2023-08-17,Wholesale,1067.74,3
2023-08-03,Wholesale,688.84,2
2023-08-23,Wholesale,860.45,3
2023-08-26,Wholesale,917.18,3
2023-08-18,Wholesale,344.00,1
2023-08-07,Wholesale,1158.02,4
2023-08-21,Wholesale,540.68,2
2023-08-18,Wholesale,1346.81,4
2023-08-08,Marketplace,65.40,1
2023-08-28,Marketplace,64.87,1
2023-08-18,Marketplace,65.34,1
2023-08-05,Marketplace,162.64,3
2023-08-11,Marketplace,67.72,1
2023-08-28,Marketplace,132.02,2
2023-08-04,Marketplace,217.08,4
2023-08-13,Marketplace,66.29,1
2023-08-20,Marketplace,268.93,4
2023-08-03,Marketplace,68.78,1
2023-08-07,Marketplace,311.63,5
2023-08-24,Marketplace,122.16,2
2023-08-14,Marketplace,205.11,4
2023-08-11,Marketplace,340.06,6
2023-09-09,Web,340.20,6
2023-09-23,Web,99.46,2
2023-09-05,Web,116.39,2
2023-09-15,Web,48.88,1
2023-09-04,Web,186.83,3
2023-09-20,Web,263.25,5
2023-09-07,Web,63.16,1
2023-09-23,Web,117.80,2
2023-09-12,Web,178.35,3
2023-09-07,Web,95.86,2
2023-09-09,Web,211.72,4
2023-09-20,Web,205.43,4
2023-09-05,Web,243.95,5
2023-09-04,Web,165.68,3
2023-09-14,Web,109.75,2
2023-09-04,Web,146.35,3
2023-09-10,Web,57.92,1
2023-09-15,Web,124.31,2
2023-09-13,Web,118.03,2
2023-09-20,Web,108.30,2
2023-09-03,Web,161.00,3
2023-09-10,Web,270.12,5
2023-09-09,Web,173.01,3
2023-09-01,Web,340.95,6
2023-09-01,Web,211.74,4
2023-09-19,Web,159.46,3
2023-09-09,Web,145.30,3
2023-09-28,Web,242.36,5
2023-09-22,Web,54.23,1
2023-09-07,Web,59.79,1
2023-09-01,Web,141.75,3
2023-09-19,Web,349.53,6
2023-09-27,Web,57.77,1
2023-09-05,Web,191.79,4
2023-09-06,Web,220.38,4
2023-09-16,Web,345.04,6
2023-09-02,Web,125.72,2
2023-09-26,Web,215.60,4
2023-09-08,Web,334.09,6
2023-09-04,Web,47.85,1
2023-09-15,Web,320.23,6
2023-09-21,Web,110.59,2
2023-09-07,Retail,161.44,4
2023-09-05,Retail,203.36,5
2023-09-24,Retail,35.75,1
2023-09-21,Retail,261.30,6
2023-09-24,Retail,132.18,3
2023-09-24,Retail,181.91,4
2023-09-04,Retail,166.42,4
2023-09-01,Retail,139.60,3
2023-09-27,Retail,37.07,1
2023-09-14,Retail,213.85,5
2023-09-04,Retail,39.50,1
2023-09-17,Retail,186.35,5
2023-09-19,Retail,74.67,2
2023-09-03,Retail,210.77,5
2023-09-10,Retail,136.49,3
2023-09-08,Retail,204.58,5
2023-09-02,Retail,86.24,2
2023-09-06,Retail,185.08,5
2023-09-05,Retail,45.90,1
2023-09-17,Retail,75.03,2
2023-09-19,Retail,189.44,5
2023-09-20,Retail,239.20,5
2023-09-23,Retail,40.91,1
2023-09-01,Retail,75.27,2
2023-09-27,Retail,44.95,1
2023-09-23,Retail,150.69,4
2023-09-17,Retail,180.30,5
2023-09-04,Retail,157.96,4
2023-09-18,Retail,271.85,6
2023-09-25,Retail,40.61,1
2023-09-10,Retail,38.40,1
2023-09-04,Wholesale,2093.70,6
2023-09-11,Wholesale,1129.77,4
2023-09-18,Wholesale,632.63,2
2023-09-17,Wholesale,300.18,1
2023-09-10,Wholesale,996.77,3
2023-09-09,Wholesale,595.42,2
2023-09-14,Wholesale,1197.09,4
2023-09-21,Wholesale,1178.20,4
2023-09-04,Wholesale,292.44,1
2023-09-17,Wholesale,278.68,1
2023-09-13,Wholesale,1467.55,5
2023-09-27,Wholesale,652.56,2
2023-09-23,Wholesale,799.54,3
2023-09-16,Marketplace,120.72,2
2023-09-17,Marketplace,256.79,4
2023-09-12,Marketplace,246.72,4
2023-09-04,Marketplace,63.38,1
2023-09-12,Marketplace,115.16,2
2023-09-20,Marketplace,345.84,6
2023-09-10,Marketplace,123.93,2
2023-09-19,Marketplace,56.67,1
2023-09-16,Marketplace,60.29,1
2023-09-25,Marketplace,155.86,3
2023-09-03,Marketplace,111.07,2
2023-09-09,Marketplace,250.60,4
2023-09-12,Marketplace,210.46,4
2023-10-22,Web,48.16,1
2023-10-08,Web,156.50,3
2023-10-11,Web,120.54,2
2023-10-26,Web,172.04,3
2023-10-02,Web,190.16,4
2023-10-20,Web,55.86,1
2023-10-11,Web,351.55,6
2023-10-20,Web,355.02,6
2023-10-19,Web,234.21,5
2023-10-24,Web,214.61,4
2023-10-22,Web,377.89,6
2023-10-27,Web,49.60,1
2023-10-03,Web,232.23,4
2023-10-05,Web,236.96,4
2023-10-22,Web,239.88,4
2023-10-15,Web,184.67,3
2023-10-24,Web,60.53,1
2023-10-27,Web,173.23,3
2023-10-18,Web,291.71,6
2023-10-04,Web,207.46,4
2023-10-21,Web,243.14,5
2023-10-28,Web,96.70,2
2023-10-11,Web,245.30,5
2023-10-04,Web,122.33,2
2023-10-16,Web,189.07,4
2023-10-14,Web,200.22,4
2023-10-23,Web,219.58,4
2023-10-23,Web,220.76,4
2023-10-16,Web,55.82,1
2023-10-28,Web,119.01,2
2023-10-11,Web,93.99,2
2023-10-27,Web,115.00,2
2023-10-13,Web,299.99,5
2023-10-22,Web,216.88,4
2023-10-19,Web,210.65,4
2023-10-19,Web,109.36,2
2023-10-13,Web,144.73,3
2023-10-16,Web,114.37,2
2023-10-12,Web,321.17,6
2023-10-02,Web,185.87,3
2023-10-26,Web,158.94,3
2023-10-07,Retail,188.57,4
2023-10-03,Retail,189.82,5
2023-10-14,Retail,207.21,5
2023-10-16,Retail,38.61,1
2023-10-25,Retail,184.95,5
2023-10-10,Retail,231.89,5
2023-10-02,Retail,240.81,6
2023-10-06,Retail,209.38,5
2023-10-16,Retail,82.66,2
2023-10-25,Retail,137.56,3
2023-10-04,Retail,91.16,2
2023-10-07,Retail,93.10,2
2023-10-24,Retail,200.18,5
2023-10-06,Retail,86.08,2
2023-10-12,Retail,238.73,6
2023-10-04,Retail,275.20,6
2023-10-20,Retail,288.44,6
2023-10-04,Retail,80.42,2
2023-10-06,Retail,234.53,5
2023-10-22,Retail,117.93,3
2023-10-18,Retail,78.02,2
2023-10-03,Retail,108.20,3
2023-10-26,Retail,142.76,3
2023-10-05,Retail,150.87,4
2023-10-28,Retail,232.35,5
2023-10-20,Retail,42.55,1
2023-10-24,Retail,84.87,2
2023-10-22,Retail,283.70,6
2023-10-25,Retail,233.84,6
2023-10-02,Retail,190.01,4
2023-10-12,Retail,273.72,6
2023-10-08,Retail,165.62,4
2023-10-12,Wholesale,1701.62,6
2023-10-21,Wholesale,1443.39,5
2023-10-24,Wholesale,1037.56,3
2023-10-03,Wholesale,1368.77,5
2023-10-22,Wholesale,1621.06,6
2023-10-01,Wholesale,350.31,1
2023-10-04,Wholesale,710.92,2
2023-10-10,Wholesale,1033.82,3
2023-10-02,Wholesale,1951.94,6
2023-10-05,Wholesale,301.94,1
2023-10-05,Wholesale,2124.62,6
2023-10-17,Marketplace,261.95,5
2023-10-17,Marketplace,325.93,6
2023-10-17,Marketplace,344.26,6
2023-10-16,Marketplace,133.67,2
2023-10-04,Marketplace,214.04,4
2023-10-07,Marketplace,63.48,1
2023-10-01,Marketplace,339.59,5
2023-10-18,Marketplace,53.43,1
2023-10-10,Marketplace,171.12,3
2023-10-23,Marketplace,203.70,3
2023-10-18,Marketplace,132.91,2
2023-10-26,Marketplace,61.96,1
2023-10-26,Marketplace,344.69,5
2023-10-19,Marketplace,335.85,5
2023-10-11,Marketplace,105.11,2
2023-10-17,Marketplace,136.54,2
2023-10-02,Marketplace,53.01,1
2023-11-10,Web,53.58,1
2023-11-05,Web,116.22,2
2023-11-17,Web,297.00,5
2023-11-22,Web,46.76,1
2023-11-03,Web,125.69,2
2023-11-27,Web,106.95,2
2023-11-11,Web,104.94,2
2023-11-01,Web,102.15,2
2023-11-19,Web,166.29,3
2023-11-11,Web,289.43,5
2023-11-15,Web,303.70,6
2023-11-14,Web,100.13,2
2023-11-07,Web,162.59,3
2023-11-08,Web,149.40,3
2023-11-22,Web,340.91,6
2023-11-20,Web,281.13,5
2023-11-19,Web,49.79,1
2023-11-08,Web,51.72,1
2023-11-11,Web,352.42,6
2023-11-22,Web,59.79,1
2023-11-18,Web,48.05,1
2023-11-25,Web,253.92,5
2023-11-07,Web,53.59,1
2023-11-05,Web,173.40,3
2023-11-03,Web,63.09,1
2023-11-13,Web,107.33,2
2023-11-22,Web,104.66,2
2023-11-26,Web,106.02,2
2023-11-10,Web,282.70,5
2023-11-24,Web,54.60,1
2023-11-27,Web,47.61,1
2023-11-02,Web,249.98,4
2023-11-14,Web,98.23,2
2023-11-07,Web,122.48,2
2023-11-08,Web,157.17,3
2023-11-05,Web,120.02,2
2023-11-11,Web,49.93,1
2023-11-05,Web,347.64,6
2023-11-28,Web,368.18,6
2023-11-22,Web,211.25,4
2023-11-24,Web,61.99,1
2023-11-05,Web,62.98,1
2023-11-24,Web,173.73,3
2023-11-10,Retail,114.01,3
2023-11-04,Retail,127.02,3
2023-11-18,Retail,206.37,5
2023-11-26,Retail,194.99,5
2023-11-03,Retail,43.94,1
2023-11-01,Retail,47.31,1
2023-11-25,Retail,252.29,6
2023-11-06,Retail,131.22,3
2023-11-04,Retail,125.38,3
2023-11-20,Retail,160.46,4
2023-11-28,Retail,166.24,4
2023-11-07,Retail,95.19,2
2023-11-22,Retail,41.23,1
2023-11-19,Retail,170.19,4
2023-11-10,Retail,72.55,2
2023-11-13,Retail,276.39,6
2023-11-01,Retail,38.47,1
2023-11-26,Retail,173.65,4
2023-11-03,Retail,144.04,4
2023-11-11,Retail,37.80,1
2023-11-02,Retail,116.95,3
2023-11-20,Retail,201.77,5
2023-11-16,Retail,130.68,3
2023-11-11,Retail,80.39,2
2023-11-19,Retail,217.08,5
2023-11-14,Retail,215.47,5
2023-11-09,Retail,142.99,3
2023-11-08,Wholesale,2103.21,6
2023-11-28,Wholesale,1671.74,6
2023-11-17,Wholesale,1775.32,5
2023-11-10,Wholesale,700.69,2
2023-11-11,Wholesale,630.22,2
2023-11-13,Wholesale,657.58,2
2023-11-11,Wholesale,968.76,3
2023-11-21,Wholesale,1582.79,6
2023-11-16,Wholesale,1369.62,5
2023-11-24,Wholesale,1620.03,5
2023-11-22,Wholesale,325.14,1
2023-11-13,Wholesale,929.37,3
2023-11-21,Marketplace,296.60,5
2023-11-03,Marketplace,179.87,3
2023-11-16,Marketplace,62.54,1
2023-11-01,Marketplace,182.08,3
2023-11-02,Marketplace,56.04,1
2023-11-02,Marketplace,123.00,2
2023-11-13,Marketplace,55.58,1
2023-11-21,Marketplace,264.21,5
2023-11-12,Marketplace,260.24,5
2023-11-03,Marketplace,265.87,4
2023-11-05,Marketplace,170.06,3
2023-11-22,Marketplace,300.27,5
2023-11-07,Marketplace,329.24,6
2023-11-27,Marketplace,261.85,4
2023-11-22,Marketplace,126.66,2
2023-11-26,Marketplace,382.86,6
2023-11-26,Marketplace,196.27,3
2023-12-04,Web,207.02,4
2023-12-08,Web,61.92,1
2023-12-01,Web,288.03,5
2023-12-16,Web,340.94,6
2023-12-13,Web,366.18,6
2023-12-22,Web,97.11,2
2023-12-10,Web,207.50,4
2023-12-06,Web,291.02,5
2023-12-25,Web,189.01,3
2023-12-20,Web,292.90,6
2023-12-24,Web,286.30,6
2023-12-28,Web,237.73,4
2023-12-26,Web,56.14,1
2023-12-16,Web,372.02,6
2023-12-08,Web,233.93,4
2023-12-02,Web,61.33,1
2023-12-16,Web,101.12,2
2023-12-20,Web,58.21,1
2023-12-17,Web,207.85,4
2023-12-09,Web,299.05,6
2023-12-21,Web,174.22,3
2023-12-04,Web,156.51,3
2023-12-02,Web,51.54,1
2023-12-19,Web,258.74,5
2023-12-15,Web,52.25,1
2023-12-09,Web,110.74,2
2023-12-16,Web,47.33,1
2023-12-28,Web,333.51,6
2023-12-16,Web,332.59,6
2023-12-10,Web,124.28,2
2023-12-12,Web,107.82,2
2023-12-13,Web,52.36,1
2023-12-12,Web,166.33,3
2023-12-28,Web,333.12,6
2023-12-07,Web,247.73,4
2023-12-26,Web,247.49,4
2023-12-03,Web,53.83,1
2023-12-16,Web,321.68,6
2023-12-18,Retail,284.11,6
2023-12-17,Retail,129.26,3
2023-12-14,Retail,42.35,1
2023-12-07,Retail,90.71,2
2023-12-02,Retail,187.97,5
2023-12-18,Retail,136.86,3
2023-12-19,Retail,284.88,6
2023-12-09,Retail,217.34,6
2023-12-02,Retail,145.86,4
2023-12-04,Retail,152.57,4
2023-12-09,Retail,42.63,1
2023-12-01,Retail,124.67,3
2023-12-20,Retail,186.57,4
2023-12-14,Retail,171.69,4
2023-12-24,Retail,81.56,2
2023-12-21,Retail,88.57,2
2023-12-20,Retail,145.14,4
2023-12-23,Retail,186.60,5
2023-12-02,Retail,208.34,5
2023-12-01,Retail,146.47,4
2023-12-13,Retail,249.62,6
2023-12-04,Retail,95.43,2
2023-12-28,Retail,250.99,6
2023-12-19,Retail,142.11,3
2023-12-21,Retail,39.93,1
2023-12-01,Retail,92.45,2
2023-12-24,Retail,214.85,5
2023-12-24,Retail,186.64,4
2023-12-07,Retail,108.38,3
2023-12-03,Retail,234.45,6
2023-12-07,Retail,132.15,3
2023-12-07,Retail,164.73,4
2023-12-20,Wholesale,301.74,1
2023-12-10,Wholesale,1676.83,5
2023-12-15,Wholesale,1845.24,6
2023-12-18,Wholesale,1299.25,4
2023-12-22,Wholesale,1771.52,5
2023-12-26,Wholesale,1383.63,4
2023-12-03,Wholesale,1707.55,6
2023-12-08,Wholesale,1918.13,6
2023-12-20,Wholesale,2137.07,6
2023-12-15,Wholesale,1133.13,4
2023-12-08,Marketplace,324.33,5
2023-12-18,Marketplace,343.20,5
2023-12-11,Marketplace,319.05,5
2023-12-01,Marketplace,228.80,4
2023-12-14,Marketplace,157.88,3
2023-12-13,Marketplace,133.10,2
2023-12-10,Marketplace,128.91,2
2023-12-14,Marketplace,59.97,1
2023-12-02,Marketplace,132.14,2
2023-12-13,Marketplace,61.63,1
2023-12-23,Marketplace,388.26,6
2023-12-24,Marketplace,184.26,3
2023-12-09,Marketplace,191.08,3
2024-01-14,Web,246.71,5
2024-01-01,Web,118.34,2
2024-01-19,Web,180.33,3
2024-01-17,Web,51.28,1
2024-01-19,Web,166.40,3
2024-01-16,Web,148.52,3
2024-01-21,Web,230.78,4
2024-01-10,Web,231.62,4
2024-01-04,Web,237.73,5
2024-01-15,Web,279.72,5
2024-01-15,Web,235.61,5
2024-01-10,Web,161.66,3
2024-01-02,Web,46.90,1
2024-01-18,Web,297.15,6
2024-01-12,Web,106.05,2
2024-01-09,Web,105.33,2
2024-01-18,Web,235.74,5
2024-01-12,Web,230.38,4
2024-01-05,Web,171.26,3
2024-01-27,Web,254.35,5
2024-01-06,Web,48.69,1
2024-01-03,Web,359.11,6
2024-01-24,Web,102.23,2
2024-01-16,Web,58.22,1
2024-01-01,Web,361.57,6
2024-01-28,Web,150.71,3
2024-01-23,Web,174.86,3
2024-01-11,Web,121.41,2
2024-01-23,Web,141.62,3
2024-01-26,Web,256.97,5
2024-01-17,Web,151.31,3
2024-01-08,Web,284.87,5
2024-01-05,Web,375.96,6
2024-01-11,Web,245.52,4
2024-01-06,Web,123.71,2
2024-01-22,Web,109.11,2
2024-01-20,Web,314.97,6
2024-01-25,Web,183.43,3
2024-01-08,Web,211.04,4
2024-01-08,Web,234.43,4
2024-01-02,Web,354.30,6
2024-01-27,Retail,255.27,6
2024-01-19,Retail,36.90,1
2024-01-02,Retail,200.74,5
2024-01-16,Retail,212.10,5
2024-01-13,Retail,45.69,1
2024-01-14,Retail,47.15,1
2024-01-20,Retail,85.35,2
2024-01-02,Retail,225.74,6
2024-01-22,Retail,109.13,3
2024-01-25,Retail,115.46,3
2024-01-01,Retail,116.54,3
2024-01-01,Retail,94.68,2
2024-01-10,Retail,107.67,3
2024-01-12,Retail,122.84,3
2024-01-06,Retail,113.64,3
2024-01-06,Retail,41.61,1
2024-01-17,Retail,79.26,2
2024-01-25,Retail,228.88,5
2024-01-15,Retail,268.48,6
2024-01-08,Retail,183.96,4
2024-01-12,Retail,195.23,5
2024-01-15,Retail,214.74,5
2024-01-26,Retail,78.58,2
2024-01-10,Retail,121.90,3
2024-01-21,Retail,43.52,1
2024-01-10,Retail,190.55,5
2024-01-28,Retail,221.57,5
2024-01-23,Retail,135.24,3
2024-01-15,Retail,40.71,1
2024-01-18,Retail,93.59,2
2024-01-21,Retail,73.27,2
2024-01-08,Retail,239.67,5
2024-01-18,Retail,168.75,4
2024-01-02,Wholesale,934.69,3
2024-01-03,Wholesale,1779.38,5
2024-01-01,Wholesale,675.53,2
2024-01-23,Wholesale,1999.95,6
2024-01-15,Wholesale,1777.68,5
2024-01-14,Wholesale,1672.00,5
2024-01-19,Wholesale,317.66,1
2024-01-06,Wholesale,306.65,1
2024-01-08,Wholesale,1859.68,6
2024-01-15,Wholesale,1884.31,6
2024-01-11,Wholesale,1746.08,5
2024-01-01,Marketplace,54.96,1
2024-01-22,Marketplace,123.74,2
2024-01-08,Marketplace,171.03,3
2024-01-18,Marketplace,264.12,5
2024-01-21,Marketplace,111.44,2
2024-01-27,Marketplace,330.17,6
2024-01-06,Marketplace,57.19,1
2024-01-24,Marketplace,321.17,6
2024-01-07,Marketplace,309.23,6
2024-01-06,Marketplace,250.44,4
2024-01-11,Marketplace,201.67,3
2024-01-24,Marketplace,113.50,2
2024-01-04,Marketplace,255.60,5
2024-01-22,Marketplace,66.59,1
2024-01-10,Marketplace,267.28,4
2024-02-09,Web,234.19,4
2024-02-06,Web,219.68,4
2024-02-02,Web,113.00,2
2024-02-09,Web,115.76,2
2024-02-03,Web,149.48,3
2024-02-08,Web,206.13,4
2024-02-28,Web,349.85,6
2024-02-21,Web,344.96,6
2024-02-23,Web,248.72,4
2024-02-11,Web,187.47,4
2024-02-14,Web,225.82,4
2024-02-04,Web,254.66,5
2024-02-04,Web,52.69,1
2024-02-20,Web,167.85,3
2024-02-13,Web,124.62,2
2024-02-21,Web,248.63,5
2024-02-17,Web,55.00,1
2024-02-25,Web,336.44,6
2024-02-08,Web,199.52,4
2024-02-24,Web,48.04,1
2024-02-28,Web,48.90,1
2024-02-13,Web,201.88,4
2024-02-14,Web,264.74,5
2024-02-06,Web,176.01,3
2024-02-02,Web,181.10,3
2024-02-05,Web,148.28,3
2024-02-02,Web,50.74,1
2024-02-21,Web,196.57,4
2024-02-23,Web,49.04,1
2024-02-11,Web,315.31,5
2024-02-26,Web,56.53,1
2024-02-08,Web,149.16,3
2024-02-15,Web,53.96,1
2024-02-03,Web,332.22,6
2024-02-03,Web,120.77,2
2024-02-26,Web,214.04,4
2024-02-13,Web,295.38,5
2024-02-04,Web,187.37,4
2024-02-10,Web,63.05,1
2024-02-01,Web,120.11,2
2024-02-01,Web,245.59,4
2024-02-19,Web,206.12,4
2024-02-22,Retail,75.44,2
2024-02-26,Retail,280.84,6
2024-02-23,Retail,47.14,1
2024-02-02,Retail,117.85,3
2024-02-10,Retail,90.31,2
2024-02-26,Retail,44.51,1
2024-02-21,Retail,87.23,2
2024-02-28,Retail,136.04,3
2024-02-04,Retail,240.22,5
2024-02-24,Retail,186.44,4
2024-02-12,Retail,216.64,5
2024-02-19,Retail,234.53,5
2024-02-09,Retail,92.55,2
2024-02-21,Retail,143.40,3
2024-02-05,Retail,122.36,3
2024-02-19,Retail,37.36,1
2024-02-25,Retail,218.90,6
2024-02-21,Retail,196.12,5
2024-02-11,Retail,203.03,5
2024-02-09,Retail,176.46,4
2024-02-28,Retail,39.01,1
2024-02-12,Retail,222.21,5
2024-02-07,Retail,231.99,5
2024-02-07,Retail,170.86,4
2024-02-11,Retail,214.28,6
2024-02-01,Retail,214.35,6
2024-02-11,Retail,235.01,6
2024-02-17,Retail,216.24,6
2024-02-14,Retail,283.70,6
2024-02-16,Wholesale,661.41,2
2024-02-28,Wholesale,1401.92,4
2024-02-14,Wholesale,879.14,3
2024-02-13,Wholesale,585.17,2
2024-02-24,Wholesale,1254.30,4
2024-02-20,Wholesale,697.17,2
2024-02-21,Wholesale,550.37,2
2024-02-20,Wholesale,654.47,2
2024-02-14,Wholesale,1368.18,4
2024-02-18,Wholesale,1689.69,6
2024-02-22,Wholesale,1781.18,6
2024-02-21,Wholesale,297.84,1
2024-02-02,Wholesale,612.45,2
2024-02-27,Wholesale,981.27,3
2024-02-18,Wholesale,1372.50,4
2024-02-04,Marketplace,62.55,1
2024-02-01,Marketplace,220.51,4
2024-02-01,Marketplace,269.55,5
2024-02-03,Marketplace,121.14,2
2024-02-05,Marketplace,61.86,1
2024-02-27,Marketplace,202.60,3
2024-02-12,Marketplace,376.17,6
2024-02-12,Marketplace,243.90,4
2024-02-19,Marketplace,133.07,2
2024-02-22,Marketplace,342.74,5
2024-02-10,Marketplace,259.76,4
2024-02-21,Marketplace,237.73,4
2024-02-01,Marketplace,238.30,4
2024-03-16,Web,308.82,5
2024-03-06,Web,255.71,5
2024-03-18,Web,105.36,2
2024-03-12,Web,290.09,6
2024-03-26,Web,309.22,6
2024-03-15,Web,275.47,5
2024-03-26,Web,159.78,3
2024-03-22,Web,248.34,4
2024-03-22,Web,243.42,4
2024-03-03,Web,47.51,1
2024-03-13,Web,240.30,5
2024-03-22,Web,108.15,2
2024-03-19,Web,193.47,4
2024-03-08,Web,108.17,2
2024-03-10,Web,158.46,3
2024-03-07,Web,281.63,6
2024-03-06,Web,196.39,4
2024-03-06,Web,97.24,2
2024-03-24,Web,286.88,6
2024-03-22,Web,100.56,2
2024-03-15,Web,113.47,2
2024-03-02,Web,186.56,3
2024-03-11,Web,294.75,6
2024-03-25,Web,48.55,1
2024-03-02,Web,313.40,6
2024-03-13,Web,120.84,2
2024-03-20,Web,109.02,2
2024-03-10,Web,185.63,3
2024-03-07,Web,375.32,6
2024-03-14,Web,124.81,2
2024-03-20,Web,104.07,2
2024-03-24,Web,246.63,4
2024-03-26,Web,60.22,1
2024-03-08,Web,121.36,2
2024-03-17,Web,305.11,5
2024-03-08,Web,111.71,2
2024-03-11,Web,113.13,2
2024-03-09,Web,104.61,2
2024-03-14,Web,373.26,6
2024-03-15,Retail,37.19,1
2024-03-04,Retail,75.67,2
2024-03-27,Retail,167.81,4
2024-03-21,Retail,161.17,4
2024-03-12,Retail,37.92,1
2024-03-20,Retail,194.11,5
2024-03-03,Retail,252.42,6
2024-03-17,Retail,240.17,5
2024-03-27,Retail,228.47,5
2024-03-26,Retail,163.30,4
2024-03-21,Retail,141.54,3
2024-03-26,Retail,111.76,3
2024-03-09,Retail,124.70,3
2024-03-18,Retail,137.33,3
2024-03-22,Retail,92.66,2
2024-03-13,Retail,262.78,6
2024-03-09,Retail,158.69,4
2024-03-04,Retail,94.62,2
2024-03-10,Retail,202.33,5
2024-03-04,Retail,224.95,6
2024-03-21,Retail,234.70,5
2024-03-03,Retail,194.54,5
2024-03-25,Retail,154.18,4
2024-03-03,Retail,133.54,3
2024-03-07,Retail,142.35,3
2024-03-26,Retail,118.65,3
2024-03-16,Retail,38.34,1
2024-03-19,Retail,125.87,3
2024-03-04,Wholesale,1082.80,4
2024-03-26,Wholesale,1917.49,6
2024-03-01,Wholesale,611.31,2
2024-03-20,Wholesale,1172.81,4
2024-03-02,Wholesale,1513.26,5
2024-03-12,Wholesale,1061.76,3
2024-03-12,Wholesale,1746.48,5
2024-03-28,Wholesale,1901.49,6
2024-03-05,Wholesale,1015.88,3
2024-03-06,Marketplace,314.06,5
2024-03-17,Marketplace,54.22,1
2024-03-20,Marketplace,112.77,2
2024-03-11,Marketplace,281.64,5
2024-03-10,Marketplace,64.64,1
2024-03-21,Marketplace,59.51,1
2024-03-25,Marketplace,189.15,3
2024-03-06,Marketplace,302.70,5
2024-03-14,Marketplace,322.04,5
2024-03-23,Marketplace,306.28,5
2024-03-26,Marketplace,210.65,4
2024-04-24,Web,60.97,1
2024-04-25,Web,145.89,3
2024-04-05,Web,198.15,4
2024-04-19,Web,171.36,3
2024-04-20,Web,145.38,3
2024-04-11,Web,187.08,4
2024-04-18,Web,193.14,4
2024-04-07,Web,52.49,1
2024-04-21,Web,339.00,6
2024-04-22,Web,107.13,2
2024-04-17,Web,300.62,6
2024-04-15,Web,50.99,1
2024-04-22,Web,194.04,4
2024-04-05,Web,250.05,5
2024-04-18,Web,281.74,5
2024-04-01,Web,121.07,2
2024-04-13,Web,296.22,6
2024-04-27,Web,377.22,6
2024-04-06,Web,355.35,6
2024-04-27,Web,248.86,4
2024-04-07,Web,292.43,6
2024-04-06,Web,202.26,4
2024-04-03,Web,54.57,1
2024-04-05,Web,144.75,3
2024-04-10,Web,364.34,6
2024-04-18,Web,161.88,3
2024-04-15,Web,54.47,1
2024-04-12,Web,220.38,4
2024-04-23,Web,188.35,3
2024-04-23,Web,98.58,2
2024-04-17,Web,224.13,4
2024-04-02,Web,240.31,5
2024-04-14,Web,373.79,6
2024-04-27,Web,141.74,3
2024-04-11,Web,105.67,2
2024-04-10,Web,95.44,2
2024-04-22,Web,265.24,5
2024-04-06,Web,96.97,2
2024-04-15,Retail,76.10,2
2024-04-27,Retail,38.22,1
2024-04-13,Retail,124.87,3
2024-04-03,Retail,277.81,6
2024-04-02,Retail,167.45,4
2024-04-03,Retail,147.85,4
2024-04-09,Retail,47.29,1
2024-04-20,Retail,143.36,3
2024-04-04,Retail,92.88,2
2024-04-11,Retail,94.83,2
2024-04-08,Retail,41.48,1
2024-04-15,Retail,46.27,1
2024-04-22,Retail,114.81,3
2024-04-14,Retail,180.62,5
2024-04-10,Retail,141.59,3
2024-04-26,Retail,162.89,4
2024-04-03,Retail,232.44,5
2024-04-14,Retail,40.89,1
2024-04-13,Retail,259.40,6
2024-04-15,Retail,84.00,2
2024-04-25,Retail,39.57,1
2024-04-09,Retail,196.89,5
2024-04-19,Retail,196.83,5
2024-04-01,Retail,176.79,4
2024-04-11,Retail,209.46,5
2024-04-13,Retail,39.10,1
2024-04-02,Retail,39.44,1
2024-04-06,Wholesale,285.60,1
2024-04-26,Wholesale,1275.35,4
2024-04-24,Wholesale,297.01,1
2024-04-15,Wholesale,1561.93,5
2024-04-01,Wholesale,1091.74,4
2024-04-26,Wholesale,1621.43,5
2024-04-04,Wholesale,898.24,3
2024-04-09,Wholesale,1499.04,5
2024-04-27,Wholesale,2079.78,6
2024-04-24,Wholesale,652.35,2
2024-04-15,Wholesale,1734.76,5
2024-04-17,Marketplace,328.72,5
2024-04-28,Marketplace,65.99,1
2024-04-27,Marketplace,303.33,5
2024-04-18,Marketplace,61.79,1
2024-04-05,Marketplace,204.52,4
2024-04-19,Marketplace,134.31,2
2024-04-09,Marketplace,134.28,2
2024-04-25,Marketplace,212.10,4
2024-04-21,Marketplace,197.26,3
2024-04-14,Marketplace,56.91,1
2024-04-24,Marketplace,267.28,4
2024-04-25,Marketplace,204.87,3
2024-04-14,Marketplace,355.86,6
2024-04-02,Marketplace,339.13,5
2024-04-17,Marketplace,51.60,1
2024-04-16,Marketplace,114.17,2
2024-04-04,Marketplace,334.68,5
2024-05-04,Web,195.29,4
2024-05-18,Web,330.13,6
2024-05-06,Web,159.28,3
2024-05-17,Web,221.64,4
2024-05-05,Web,259.45,5
2024-05-01,Web,370.33,6
2024-05-27,Web,252.59,5
2024-05-08,Web,108.67,2
2024-05-21,Web,227.02,4
2024-05-12,Web,378.69,6
2024-05-10,Web,282.42,6
2024-05-03,Web,126.18,2
2024-05-27,Web,57.61,1
2024-05-04,Web,97.41,2
2024-05-03,Web,167.38,3
2024-05-15,Web,188.34,3
2024-05-23,Web,272.74,5
2024-05-24,Web,178.23,3
2024-05-17,Web,187.56,3
2024-05-20,Web,349.84,6
2024-05-24,Web,293.99,6
2024-05-09,Web,99.24,2
2024-05-24,Web,62.43,1
2024-05-23,Web,243.01,4
2024-05-27,Web,168.30,3
2024-05-03,Web,373.04,6
2024-05-24,Web,47.47,1
2024-05-02,Web,294.03,5
2024-05-16,Web,61.50,1
2024-05-22,Web,243.40,4
2024-05-07,Web,311.90,6
2024-05-14,Web,143.17,3
2024-05-03,Web,234.75,4
2024-05-26,Web,217.51,4
2024-05-07,Web,108.39,2
2024-05-22,Web,292.81,5
2024-05-06,Web,63.04,1
2024-05-08,Web,98.03,2
2024-05-14,Web,339.00,6
2024-05-05,Web,360.20,6
2024-05-28,Retail,260.23,6
2024-05-24,Retail,130.30,3
2024-05-12,Retail,39.97,1
2024-05-03,Retail,132.20,3
2024-05-02,Retail,255.75,6
2024-05-02,Retail,249.49,6
2024-05-16,Retail,47.79,1
2024-05-27,Retail,165.96,4
2024-05-01,Retail,217.20,5
2024-05-21,Retail,93.15,2
2024-05-20,Retail,120.83,3
2024-05-01,Retail,277.00,6
2024-05-20,Retail,192.46,4
2024-05-19,Retail,92.89,2
2024-05-25,Retail,240.92,5
2024-05-15,Retail,244.20,6
2024-05-01,Retail,199.03,5
2024-05-12,Retail,48.20,1
2024-05-13,Retail,117.48,3
2024-05-23,Retail,42.95,1
2024-05-24,Retail,180.30,4
2024-05-03,Retail,210.62,5
2024-05-12,Retail,39.98,1
2024-05-22,Retail,85.93,2
2024-05-10,Retail,79.58,2
2024-05-17,Retail,122.85,3
2024-05-23,Retail,119.91,3
2024-05-28,Retail,217.02,5
2024-05-23,Retail,201.04,5
2024-05-14,Retail,140.89,3
2024-05-27,Retail,289.47,6
2024-05-05,Retail,135.11,3
2024-05-12,Wholesale,573.09,2
2024-05-04,Wholesale,1677.99,5
2024-05-06,Wholesale,1367.96,5
2024-05-15,Wholesale,1533.04,5
2024-05-13,Wholesale,932.90,3
2024-05-09,Wholesale,354.73,1
2024-05-13,Wholesale,331.84,1
2024-05-01,Wholesale,817.05,3
2024-05-06,Wholesale,917.15,3
2024-05-11,Marketplace,411.43,6
2024-05-18,Marketplace,134.00,2
2024-05-23,Marketplace,201.71,3
2024-05-12,Marketplace,61.81,1
2024-05-26,Marketplace,59.68,1
2024-05-17,Marketplace,319.70,6
2024-05-23,Marketplace,362.93,6
2024-05-01,Marketplace,104.19,2
2024-05-25,Marketplace,359.60,6
2024-05-15,Marketplace,206.01,4
2024-05-23,Marketplace,155.11,3
2024-05-17,Marketplace,67.66,1
2024-05-22,Marketplace,56.91,1
2024-05-06,Marketplace,350.76,6
2024-06-25,Web,244.14,5
2024-06-17,Web,302.62,5
2024-06-28,Web,174.31,3
2024-06-10,Web,144.49,3
2024-06-13,Web,150.39,3
2024-06-01,Web,62.65,1
2024-06-25,Web,273.98,5
2024-06-16,Web,123.41,2
2024-06-23,Web,261.31,5
2024-06-13,Web,153.70,3
2024-06-03,Web,94.10,2
2024-06-28,Web,49.39,1
2024-06-19,Web,214.31,4
2024-06-18,Web,155.42,3
2024-06-07,Web,269.26,5
2024-06-15,Web,52.62,1
2024-06-20,Web,237.90,5
2024-06-23,Web,101.17,2
2024-06-22,Web,300.58,6
2024-06-10,Web,110.11,2
2024-06-16,Web,61.99,1
2024-06-18,Web,190.39,4
2024-06-12,Web,95.71,2
2024-06-10,Web,284.69,6
2024-06-12,Web,61.05,1
2024-06-02,Web,124.79,2
2024-06-08,Web,304.13,5
2024-06-08,Web,52.68,1
2024-06-10,Web,48.82,1
2024-06-04,Web,306.48,6
2024-06-27,Web,50.78,1
2024-06-13,Web,140.43,3
2024-06-18,Web,222.42,4
2024-06-23,Web,249.56,4
2024-06-23,Web,201.75,4
2024-06-07,Web,54.70,1
2024-06-10,Web,111.76,2
2024-06-03,Web,291.00,5
2024-06-14,Web,55.48,1
2024-06-02,Web,364.57,6
2024-06-24,Web,251.79,4
2024-06-08,Web,95.57,2
2024-06-18,Retail,96.49,2
2024-06-08,Retail,83.26,2
2024-06-12,Retail,230.91,5
2024-06-14,Retail,47.76,1
2024-06-01,Retail,78.54,2
2024-06-01,Retail,194.60,5
2024-06-26,Retail,187.14,5
2024-06-10,Retail,150.05,4
2024-06-16,Retail,180.29,5
2024-06-28,Retail,88.58,2
2024-06-26,Retail,251.12,6
2024-06-06,Retail,184.59,4
2024-06-26,Retail,79.39,2
2024-06-07,Retail,41.31,1
2024-06-15,Retail,164.94,4
2024-06-05,Retail,117.45,3
2024-06-25,Retail,135.71,3
2024-06-25,Retail,118.54,3
2024-06-18,Retail,48.15,1
2024-06-19,Retail,217.54,5
2024-06-18,Retail,212.21,5
2024-06-12,Retail,192.82,4
2024-06-25,Retail,166.99,4
2024-06-07,Retail,220.64,6
2024-06-13,Retail,168.24,4
2024-06-26,Retail,47.63,1
2024-06-04,Retail,217.66,5
2024-06-27,Retail,88.53,2
2024-06-24,Retail,37.43,1
2024-06-17,Retail,43.94,1
2024-06-05,Wholesale,340.44,1
2024-06-20,Wholesale,344.12,1
2024-06-18,Wholesale,1670.09,6
2024-06-09,Wholesale,1589.48,5
2024-06-21,Wholesale,1611.62,5
2024-06-02,Wholesale,282.08,1
2024-06-14,Wholesale,342.01,1
2024-06-05,Wholesale,1348.41,5
2024-06-06,Wholesale,283.72,1
2024-06-14,Marketplace,273.59,5
2024-06-07,Marketplace,102.57,2
2024-06-01,Marketplace,65.53,1
2024-06-28,Marketplace,215.07,4
2024-06-01,Marketplace,184.12,3
2024-06-08,Marketplace,124.12,2
2024-06-24,Marketplace,280.20,5
2024-06-20,Marketplace,281.06,5
2024-06-25,Marketplace,111.29,2
2024-06-28,Marketplace,328.84,6
2024-06-18,Marketplace,162.11,3
2024-06-18,Marketplace,257.37,5
2024-06-26,Marketplace,310.03,6
2024-07-04,Web,56.36,1
2024-07-08,Web,95.70,2
2024-07-07,Web,294.56,6
2024-07-25,Web,205.02,4
2024-07-12,Web,60.42,1
2024-07-27,Web,377.55,6
2024-07-20,Web,310.91,5
2024-07-20,Web,112.71,2
2024-07-11,Web,53.01,1
2024-07-19,Web,152.48,3
2024-07-21,Web,244.03,4
2024-07-24,Web,115.45,2
2024-07-08,Web,146.06,3
2024-07-05,Web,258.10,5
2024-07-20,Web,236.66,5
2024-07-06,Web,298.64,5
2024-07-20,Web,103.17,2
2024-07-19,Web,207.61,4
2024-07-04,Web,141.30,3
2024-07-13,Web,310.21,5
2024-07-16,Web,125.07,2
2024-07-20,Web,58.20,1
2024-07-22,Web,181.14,3
2024-07-01,Web,115.32,2
2024-07-06,Web,292.85,5
2024-07-19,Web,348.26,6
2024-07-26,Web,298.44,5
2024-07-16,Web,245.37,5
2024-07-17,Web,221.65,4
2024-07-17,Web,102.61,2
2024-07-04,Web,310.64,5
2024-07-10,Web,255.96,5
2024-07-25,Web,103.02,2
2024-07-12,Web,219.53,4
2024-07-24,Web,249.03,5
2024-07-05,Web,274.63,5
2024-07-11,Web,246.68,5
2024-07-15,Web,48.72,1
2024-07-11,Web,295.85,5
2024-07-28,Web,252.71,5
2024-07-25,Web,252.52,4
2024-07-16,Web,302.87,5
2024-07-18,Retail,132.32,3
2024-07-18,Retail,110.52,3
2024-07-22,Retail,222.83,5
2024-07-14,Retail,191.68,4
2024-07-16,Retail,226.78,6
2024-07-17,Retail,201.06,5
2024-07-06,Retail,46.90,1
2024-07-06,Retail,227.96,6
2024-07-19,Retail,192.48,5
2024-07-10,Retail,43.91,1
2024-07-15,Retail,42.62,1
2024-07-07,Retail,146.71,4
2024-07-26,Retail,191.78,4
2024-07-28,Retail,121.06,3
2024-07-10,Retail,43.43,1
2024-07-16,Retail,178.72,5
2024-07-19,Retail,205.26,5
2024-07-07,Retail,221.51,5
2024-07-11,Retail,210.93,5
2024-07-19,Retail,47.28,1
2024-07-08,Retail,160.16,4
2024-07-16,Retail,82.57,2
2024-07-07,Retail,154.43,4
2024-07-12,Retail,234.46,5
2024-07-15,Retail,218.70,5
2024-07-21,Retail,77.38,2
2024-07-22,Retail,223.06,5
2024-07-12,Retail,123.52,3
2024-07-14,Retail,177.26,4
2024-07-09,Retail,232.69,5
2024-07-09,Retail,186.65,4
2024-07-15,Retail,163.01,4
2024-07-05,Wholesale,1742.68,5
2024-07-14,Wholesale,1426.47,5
2024-07-05,Wholesale,1689.37,6
2024-07-12,Wholesale,264.94,1
2024-07-02,Wholesale,1060.95,3
2024-07-26,Wholesale,699.35,2
2024-07-04,Wholesale,1061.37,4
2024-07-06,Wholesale,794.05,3
2024-07-02,Wholesale,1171.23,4
2024-07-16,Wholesale,1618.90,5
2024-07-28,Wholesale,636.88,2
2024-07-02,Wholesale,1915.08,6
2024-07-16,Wholesale,891.35,3
2024-07-04,Marketplace,270.54,4
2024-07-16,Marketplace,109.21,2
2024-07-16,Marketplace,223.69,4
2024-07-19,Marketplace,52.65,1
2024-07-08,Marketplace,54.37,1
2024-07-17,Marketplace,253.51,4
2024-07-08,Marketplace,63.40,1
2024-07-19,Marketplace,193.54,3
2024-07-02,Marketplace,166.03,3
2024-07-16,Marketplace,218.12,4
2024-07-21,Marketplace,111.04,2
2024-07-24,Marketplace,413.03,6
2024-07-28,Marketplace,52.97,1
2024-07-02,Marketplace,257.65,5
2024-07-09,Marketplace,295.17,5
2024-07-05,Marketplace,252.92,4
2024-08-20,Web,108.19,2
2024-08-18,Web,116.69,2
2024-08-27,Web,238.85,4
2024-08-08,Web,59.62,1
2024-08-04,Web,96.22,2
2024-08-08,Web,114.10,2
2024-08-09,Web,140.63,3
2024-08-12,Web,247.74,4
2024-08-24,Web,325.30,6
2024-08-25,Web,54.87,1
2024-08-13,Web,146.40,3
2024-08-22,Web,174.30,3
2024-08-11,Web,55.41,1
2024-08-12,Web,201.45,4
2024-08-12,Web,59.80,1
2024-08-10,Web,302.15,5
2024-08-15,Web,338.23,6
2024-08-13,Web,50.84,1
2024-08-20,Web,269.29,5
2024-08-22,Web,268.83,5
2024-08-26,Web,167.53,3
2024-08-04,Web,219.48,4
2024-08-09,Web,161.49,3
2024-08-20,Web,192.18,4
2024-08-12,Web,112.42,2
2024-08-04,Web,201.62,4
2024-08-05,Web,282.96,6
2024-08-18,Web,158.46,3
2024-08-01,Web,329.58,6
2024-08-06,Web,55.80,1
2024-08-15,Web,54.19,1
2024-08-01,Web,297.05,5
2024-08-08,Web,220.55,4
2024-08-26,Web,283.55,5
2024-08-17,Web,249.01,5
2024-08-03,Web,102.99,2
2024-08-26,Web,274.56,5
2024-08-14,Web,343.46,6
2024-08-19,Web,327.88,6
2024-08-15,Web,263.95,5
2024-08-07,Web,60.41,1
2024-08-23,Retail,211.75,5
2024-08-19,Retail,36.57,1
2024-08-10,Retail,87.44,2
2024-08-05,Retail,206.00,5
2024-08-12,Retail,188.19,4
2024-08-06,Retail,141.20,3
2024-08-01,Retail,79.43,2
2024-08-11,Retail,206.71,5
2024-08-14,Retail,218.34,5
2024-08-25,Retail,45.37,1
2024-08-26,Retail,258.35,6
2024-08-14,Retail,176.96,4
2024-08-17,Retail,235.62,6
2024-08-07,Retail,122.89,3
2024-08-18,Retail,205.53,5
2024-08-09,Retail,45.91,1
2024-08-21,Retail,169.95,4
2024-08-26,Retail,73.29,2
2024-08-03,Retail,235.33,6
2024-08-01,Retail,280.77,6
2024-08-03,Retail,120.23,3
2024-08-21,Retail,253.76,6
2024-08-20,Retail,94.12,2
2024-08-04,Retail,154.15,4
2024-08-11,Retail,236.07,6
2024-08-22,Retail,82.79,2
2024-08-25,Retail,48.10,1
2024-08-20,Retail,219.90,5
2024-08-19,Retail,166.97,4
2024-08-13,Retail,219.40,6
2024-08-19,Retail,84.55,2
2024-08-24,Retail,182.52,5
2024-08-28,Retail,132.77,3
2024-08-11,Wholesale,1139.34,4
2024-08-28,Wholesale,1609.61,5
2024-08-28,Wholesale,1573.86,5
2024-08-09,Wholesale,1536.26,5
2024-08-15,Wholesale,296.23,1
2024-08-19,Wholesale,1109.50,4
2024-08-09,Wholesale,549.03,2
2024-08-01,Wholesale,1874.12,6
2024-08-24,Wholesale,1805.66,6
2024-08-20,Marketplace,188.56,3
2024-08-10,Marketplace,403.08,6
2024-08-12,Marketplace,397.28,6
2024-08-08,Marketplace,136.27,2
2024-08-22,Marketplace,216.85,4
2024-08-24,Marketplace,53.80,1
2024-08-13,Marketplace,173.44,3
2024-08-11,Marketplace,172.54,3
2024-08-06,Marketplace,116.41,2
2024-08-03,Marketplace,195.97,3
2024-08-12,Marketplace,191.46,3
2024-08-14,Marketplace,133.66,2
2024-09-16,Web,185.47,3
2024-09-15,Web,198.12,4
2024-09-15,Web,47.21,1
2024-09-19,Web,160.05,3
2024-09-12,Web,62.74,1
2024-09-16,Web,59.87,1
2024-09-01,Web,234.84,4
2024-09-02,Web,288.50,6
2024-09-22,Web,151.89,3
2024-09-20,Web,107.14,2
2024-09-24,Web,203.02,4
2024-09-17,Web,182.45,3
2024-09-11,Web,156.26,3
2024-09-02,Web,294.93,5
2024-09-22,Web,60.34,1
2024-09-21,Web,357.74,6
2024-09-27,Web,351.14,6
2024-09-28,Web,57.02,1
2024-09-21,Web,105.93,2
2024-09-08,Web,107.34,2
2024-09-23,Web,52.89,1
2024-09-22,Web,296.04,5
2024-09-06,Web,289.83,6
2024-09-24,Web,192.24,4
2024-09-05,Web,329.07,6
2024-09-10,Web,238.81,4
2024-09-17,Web,332.31,6
2024-09-12,Web,141.62,3
2024-09-27,Web,53.18,1
2024-09-27,Web,57.55,1
2024-09-17,Web,305.76,5
2024-09-23,Web,54.27,1
2024-09-28,Web,189.75,3
2024-09-18,Web,117.68,2
2024-09-20,Web,109.26,2
2024-09-06,Web,325.74,6
2024-09-22,Web,237.22,5
2024-09-10,Web,243.06,5
2024-09-25,Web,218.62,4
2024-09-10,Web,119.29,2
2024-09-17,Web,157.01,3
2024-09-15,Web,52.78,1
2024-09-02,Retail,191.27,4
2024-09-10,Retail,241.40,5
2024-09-02,Retail,229.11,5
2024-09-04,Retail,205.99,5
2024-09-20,Retail,245.12,6
2024-09-21,Retail,124.09,3
2024-09-22,Retail,92.17,2
2024-09-16,Retail,154.53,4
2024-09-27,Retail,44.57,1
2024-09-24,Retail,261.34,6
2024-09-16,Retail,199.35,5
2024-09-17,Retail,239.51,5
2024-09-13,Retail,162.74,4
2024-09-25,Retail,144.09,4
2024-09-15,Retail,78.24,2
2024-09-18,Retail,269.59,6
2024-09-28,Retail,42.09,1
2024-09-23,Retail,146.79,4
2024-09-22,Retail,47.41,1
2024-09-20,Retail,157.30,4
2024-09-02,Retail,187.96,4
2024-09-11,Retail,94.39,2
2024-09-16,Retail,238.76,5
2024-09-28,Retail,223.24,5
2024-09-13,Retail,285.28,6
2024-09-16,Retail,37.99,1
2024-09-17,Retail,82.99,2
2024-09-06,Retail,156.25,4
2024-09-06,Retail,79.39,2
2024-09-21,Retail,44.10,1
2024-09-09,Retail,286.15,6
2024-09-14,Retail,150.02,4
2024-09-21,Wholesale,1534.11,5
2024-09-24,Wholesale,1994.11,6
2024-09-10,Wholesale,289.85,1
2024-09-03,Wholesale,1963.61,6
2024-09-02,Wholesale,280.57,1
2024-09-10,Wholesale,533.38,2
2024-09-22,Wholesale,1401.51,5
2024-09-25,Wholesale,355.37,1
2024-09-24,Wholesale,1896.15,6
2024-09-02,Marketplace,233.76,4
2024-09-28,Marketplace,374.01,6
2024-09-08,Marketplace,157.41,3
2024-09-27,Marketplace,254.49,4
2024-09-07,Marketplace,258.06,4
2024-09-01,Marketplace,135.74,2
2024-09-27,Marketplace,64.31,1
2024-09-13,Marketplace,330.10,6
2024-09-15,Marketplace,161.58,3
2024-09-15,Marketplace,68.47,1
2024-09-04,Marketplace,328.38,5
2024-09-19,Marketplace,386.95,6
2024-09-19,Marketplace,240.20,4
2024-09-01,Marketplace,233.65,4
2024-09-06,Marketplace,411.56,6
2024-09-11,Marketplace,294.44,5
2024-10-09,Web,246.16,4
2024-10-28,Web,178.45,3
2024-10-10,Web,271.92,5
2024-10-22,Web,311.54,5
2024-10-17,Web,99.06,2
2024-10-22,Web,323.90,6
2024-10-07,Web,188.32,3
2024-10-24,Web,167.58,3
2024-10-11,Web,62.04,1
2024-10-22,Web,119.45,2
2024-10-03,Web,308.34,6
2024-10-15,Web,51.65,1
2024-10-27,Web,114.31,2
2024-10-12,Web,215.78,4
2024-10-07,Web,57.43,1
2024-10-20,Web,278.33,5
2024-10-03,Web,224.00,4
2024-10-17,Web,51.77,1
2024-10-08,Web,246.61,5
2024-10-16,Web,158.41,3
2024-10-19,Web,377.66,6
2024-10-07,Web,269.62,5
2024-10-12,Web,377.64,6
2024-10-20,Web,294.49,5
2024-10-26,Web,333.05,6
2024-10-25,Web,179.48,3
2024-10-12,Web,51.15,1
2024-10-21,Web,97.74,2
2024-10-06,Web,57.86,1
2024-10-13,Web,300.29,5
2024-10-18,Web,209.48,4
2024-10-11,Web,50.75,1
2024-10-13,Web,155.00,3
2024-10-01,Web,251.69,4
2024-10-13,Web,297.66,5
2024-10-15,Web,51.67,1
2024-10-02,Web,308.69,6
2024-10-11,Web,57.93,1
2024-10-21,Retail,44.97,1
2024-10-15,Retail,95.14,2
2024-10-25,Retail,200.99,5
2024-10-10,Retail,42.09,1
2024-10-26,Retail,87.38,2
2024-10-19,Retail,86.45,2
2024-10-19,Retail,40.65,1
2024-10-13,Retail,134.36,3
2024-10-20,Retail,40.74,1
2024-10-04,Retail,36.60,1
2024-10-16,Retail,153.87,4
2024-10-20,Retail,215.34,5
2024-10-13,Retail,80.22,2
2024-10-05,Retail,222.33,5
2024-10-12,Retail,43.27,1
2024-10-27,Retail,219.94,6
2024-10-14,Retail,240.88,6
2024-10-19,Retail,206.27,5
2024-10-13,Retail,150.08,4
2024-10-24,Retail,200.97,5
2024-10-11,Retail,81.43,2
2024-10-23,Retail,215.38,5
2024-10-16,Retail,227.40,5
2024-10-13,Retail,282.93,6
2024-10-16,Retail,206.78,5
2024-10-06,Retail,157.46,4
2024-10-21,Retail,36.90,1
2024-10-08,Wholesale,1810.13,6
2024-10-03,Wholesale,1835.59,6
2024-10-20,Wholesale,616.90,2
2024-10-18,Wholesale,969.06,3
2024-10-05,Wholesale,1419.41,5
2024-10-20,Wholesale,571.53,2
2024-10-01,Wholesale,1640.46,5
2024-10-28,Wholesale,1015.43,3
2024-10-28,Wholesale,673.95,2
2024-10-22,Wholesale,1578.49,5
2024-10-17,Wholesale,1729.69,6
2024-10-08,Wholesale,1142.71,4
2024-10-09,Marketplace,56.12,1
2024-10-15,Marketplace,62.64,1
2024-10-05,Marketplace,160.90,3
2024-10-17,Marketplace,307.92,5
2024-10-14,Marketplace,234.76,4
2024-10-06,Marketplace,194.54,3
2024-10-27,Marketplace,119.29,2
2024-10-01,Marketplace,247.89,4
2024-10-11,Marketplace,128.39,2
2024-10-15,Marketplace,119.98,2
2024-10-26,Marketplace,229.44,4
2024-11-11,Web,52.56,1
2024-11-24,Web,105.09,2
2024-11-06,Web,215.20,4
2024-11-10,Web,283.59,6
2024-11-16,Web,239.58,4
2024-11-02,Web,277.00,5
2024-11-04,Web,317.30,6
2024-11-16,Web,281.55,6
2024-11-16,Web,300.69,5
2024-11-18,Web,222.24,4
2024-11-17,Web,152.00,3
2024-11-02,Web,281.37,5
2024-11-08,Web,316.74,6
2024-11-16,Web,52.02,1
2024-11-06,Web,299.71,5
2024-11-16,Web,351.88,6
2024-11-12,Web,62.11,1
2024-11-13,Web,144.80,3
2024-11-20,Web,227.49,4
2024-11-20,Web,110.18,2
2024-11-17,Web,189.22,3
2024-11-28,Web,204.16,4
2024-11-28,Web,327.28,6
2024-11-03,Web,94.73,2
2024-11-13,Web,309.99,5
2024-11-08,Web,273.80,5
2024-11-06,Web,302.37,6
2024-11-22,Web,289.51,6
2024-11-02,Web,146.68,3
2024-11-01,Web,206.39,4
2024-11-10,Web,185.07,3
2024-11-26,Web,125.73,2
2024-11-04,Web,310.72,6
2024-11-09,Web,293.60,5
2024-11-09,Web,145.24,3
2024-11-06,Web,153.07,3
2024-11-19,Web,260.37,5
2024-11-05,Web,48.18,1
2024-11-22,Web,240.77,4
2024-11-04,Web,236.52,5
2024-11-09,Web,144.33,3
2024-11-22,Web,47.14,1
2024-11-28,Web,297.63,5
2024-11-11,Retail,83.79,2
2024-11-17,Retail,42.10,1
2024-11-26,Retail,285.08,6
2024-11-28,Retail,85.14,2
2024-11-15,Retail,45.64,1
2024-11-19,Retail,132.04,3
2024-11-02,Retail,191.06,5
2024-11-19,Retail,134.49,3
2024-11-03,Retail,36.47,1
2024-11-06,Retail,189.50,4
2024-11-19,Retail,86.15,2
2024-11-01,Retail,219.30,6
2024-11-27,Retail,259.85,6
2024-11-05,Retail,217.30,5
2024-11-12,Retail,92.75,2
2024-11-20,Retail,231.58,5
2024-11-05,Retail,224.58,6
2024-11-15,Retail,73.55,2
2024-11-18,Retail,71.78,2
2024-11-28,Retail,131.53,3
2024-11-14,Retail,186.46,5
2024-11-09,Retail,84.51,2
2024-11-02,Retail,45.43,1
2024-11-23,Retail,48.23,1
2024-11-13,Retail,73.33,2
2024-11-17,Retail,36.40,1
2024-11-15,Retail,212.80,5
2024-11-21,Retail,159.70,4
2024-11-12,Retail,191.68,5
2024-11-24,Retail,108.68,3
2024-11-01,Retail,80.20,2
2024-11-16,Retail,247.31,6
2024-11-08,Wholesale,1134.29,4
2024-11-28,Wholesale,1022.09,3
2024-11-15,Wholesale,1721.67,6
2024-11-24,Wholesale,1132.23,4
2024-11-04,Wholesale,798.14,3
2024-11-01,Wholesale,590.97,2
2024-11-13,Wholesale,283.78,1
2024-11-28,Wholesale,980.05,3
2024-11-25,Wholesale,654.68,2
2024-11-01,Wholesale,533.63,2
2024-11-01,Wholesale,948.70,3
2024-11-13,Wholesale,682.23,2
2024-11-28,Wholesale,265.11,1
2024-11-01,Wholesale,841.64,3
2024-11-11,Wholesale,293.40,1
2024-11-05,Marketplace,66.73,1
2024-11-07,Marketplace,226.94,4
2024-11-06,Marketplace,331.34,5
2024-11-04,Marketplace,176.74,3
2024-11-08,Marketplace,105.45,2
2024-11-05,Marketplace,340.29,6
2024-11-25,Marketplace,156.63,3
2024-11-19,Marketplace,387.56,6
2024-11-17,Marketplace,58.27,1
2024-11-04,Marketplace,224.04,4
2024-11-06,Marketplace,394.22,6
2024-11-08,Marketplace,68.72,1
2024-11-20,Marketplace,51.69,1
2024-11-07,Marketplace,409.54,6
2024-11-26,Marketplace,385.97,6
2024-12-22,Web,63.15,1
2024-12-22,Web,155.84,3
2024-12-24,Web,274.87,5
2024-12-03,Web,308.75,5
2024-12-23,Web,53.26,1
2024-12-28,Web,99.28,2
2024-12-12,Web,312.26,6
2024-12-02,Web,228.84,4
2024-12-24,Web,240.96,4
2024-12-16,Web,95.53,2
2024-12-09,Web,184.47,3
2024-12-14,Web,250.44,4
2024-12-20,Web,110.07,2
2024-12-27,Web,261.60,5
2024-12-26,Web,216.04,4
2024-12-28,Web,174.46,3
2024-12-17,Web,59.88,1
2024-12-09,Web,315.82,5
2024-12-12,Web,306.62,5
2024-12-05,Web,245.24,4
2024-12-12,Web,239.17,4
2024-12-24,Web,281.43,5
2024-12-23,Web,158.59,3
2024-12-12,Web,124.70,2
2024-12-03,Web,245.04,5
2024-12-10,Web,98.59,2
2024-12-03,Web,178.90,3
2024-12-23,Web,168.58,3
2024-12-27,Web,48.74,1
2024-12-14,Web,318.12,6
2024-12-25,Web,171.51,3
2024-12-16,Web,98.09,2
2024-12-02,Web,172.10,3
2024-12-23,Web,315.54,5
2024-12-07,Web,176.56,3
2024-12-24,Web,58.70,1
2024-12-02,Web,236.69,4
2024-12-05,Web,144.97,3
2024-12-03,Web,55.61,1
2024-12-11,Web,187.19,3
2024-12-21,Web,107.69,2
2024-12-06,Web,190.23,4
2024-12-11,Retail,228.92,5
2024-12-06,Retail,194.08,5
2024-12-09,Retail,181.99,5
2024-12-08,Retail,182.82,4
2024-12-11,Retail,110.30,3
2024-12-23,Retail,126.21,3
2024-12-28,Retail,39.22,1
2024-12-02,Retail,283.15,6
2024-12-22,Retail,232.78,6
2024-12-24,Retail,211.64,5
2024-12-08,Retail,113.35,3
2024-12-13,Retail,225.62,5
2024-12-21,Retail,40.60,1
2024-12-28,Retail,138.46,3
2024-12-18,Retail,240.57,5
2024-12-04,Retail,36.64,1
2024-12-20,Retail,280.87,6
2024-12-25,Retail,129.39,3
2024-12-28,Retail,278.34,6
2024-12-09,Retail,202.50,5
2024-12-13,Retail,218.87,5
2024-12-21,Retail,140.71,3
2024-12-11,Retail,38.61,1
2024-12-21,Retail,241.41,6
2024-12-09,Retail,214.25,6
2024-12-07,Retail,184.79,5
2024-12-12,Retail,94.43,2
2024-12-15,Retail,274.62,6
2024-12-06,Retail,112.67,3
2024-12-28,Retail,116.08,3
2024-12-12,Retail,239.52,5
2024-12-01,Retail,44.53,1
2024-12-17,Wholesale,1407.08,4
2024-12-18,Wholesale,1910.16,6
2024-12-23,Wholesale,308.49,1
2024-12-20,Wholesale,899.25,3
2024-12-09,Wholesale,1046.21,3
2024-12-28,Wholesale,1764.47,6
2024-12-16,Wholesale,346.03,1
2024-12-16,Wholesale,1628.50,5
2024-12-24,Wholesale,1130.80,4
2024-12-02,Marketplace,65.36,1
2024-12-26,Marketplace,65.93,1
2024-12-15,Marketplace,51.77,1
2024-12-24,Marketplace,209.59,4
2024-12-18,Marketplace,51.55,1
2024-12-01,Marketplace,137.46,2
2024-12-25,Marketplace,121.88,2
2024-12-01,Marketplace,102.56,2
2024-12-05,Marketplace,250.73,4
2024-12-25,Marketplace,331.00,5
2024-12-11,Marketplace,64.20,1
2024-12-11,Marketplace,68.47,1
2024-12-25,Marketplace,325.81,5
2024-12-23,Marketplace,58.61,1
2024-12-19,Marketplace,245.17,4
2025-01-08,Web,287.49,4
2025-01-24,Web,387.04,6
2025-01-16,Web,296.14,4
2025-01-08,Web,468.59,6
2025-01-01,Web,311.05,4
2025-01-14,Web,75.92,1
2025-01-01,Web,65.04,1
2025-01-10,Web,125.85,2
2025-01-22,Web,149.70,2
2025-01-21,Web,77.20,1
2025-01-04,Web,228.72,3
2025-01-18,Web,441.97,6
2025-01-03,Web,346.88,5
2025-01-24,Web,364.70,5
2025-01-03,Web,185.04,3
2025-01-01,Web,443.05,6
2025-01-08,Web,124.54,2
2025-01-27,Web,185.49,3
2025-01-05,Web,396.95,6
2025-01-06,Web,308.65,4
2025-01-07,Web,302.50,4
2025-01-01,Web,67.25,1
2025-01-18,Web,336.36,5
2025-01-03,Web,286.93,4
2025-01-26,Web,155.05,2
2025-01-04,Web,213.51,3
2025-01-20,Web,75.55,1
2025-01-02,Web,64.42,1
2025-01-22,Web,65.06,1
2025-01-19,Web,401.84,6
2025-01-03,Web,378.73,5
2025-01-16,Web,177.53,3
2025-01-06,Web,63.17,1
2025-01-27,Web,117.84,2
2025-01-01,Web,264.91,4
2025-01-13,Web,379.47,5
2025-01-28,Web,126.76,2
2025-01-19,Retail,122.53,3
2025-01-14,Retail,262.85,6
2025-01-04,Retail,174.28,4
2025-01-22,Retail,155.87,4
2025-01-15,Retail,238.15,6
2025-01-17,Retail,184.50,4
2025-01-22,Retail,152.54,4
2025-01-05,Retail,39.12,1
2025-01-28,Retail,173.26,4
2025-01-16,Retail,178.03,4
2025-01-12,Retail,90.17,2
2025-01-17,Retail,286.21,6
2025-01-17,Retail,277.87,6
2025-01-28,Retail,277.72,6
2025-01-28,Retail,191.56,5
2025-01-18,Retail,258.28,6
2025-01-07,Retail,108.15,3
2025-01-19,Retail,155.96,4
2025-01-10,Retail,93.05,2
2025-01-17,Retail,111.89,3
2025-01-12,Retail,147.03,4
2025-01-13,Retail,41.38,1
2025-01-16,Retail,192.11,4
2025-01-18,Retail,37.79,1
2025-01-06,Retail,265.59,6
2025-01-17,Retail,184.88,4
2025-01-14,Retail,221.20,5
2025-01-19,Retail,36.31,1
2025-01-16,Retail,194.26,5
2025-01-19,Retail,83.07,2
2025-01-25,Retail,239.26,5
2025-01-24,Retail,260.90,6
2025-01-05,Wholesale,318.66,1
2025-01-15,Wholesale,658.14,2
2025-01-14,Wholesale,1319.89,5
2025-01-01,Wholesale,1571.52,5
2025-01-19,Wholesale,289.79,1
2025-01-16,Wholesale,943.68,3
2025-01-05,Wholesale,2094.93,6
2025-01-15,Wholesale,1061.19,4
2025-01-18,Wholesale,1931.52,6
2025-01-21,Wholesale,975.40,3
2025-01-08,Wholesale,811.41,3
2025-01-18,Wholesale,2089.07,6
2025-01-28,Wholesale,1697.09,5
2025-01-17,Marketplace,-730.28,0
2025-01-27,Marketplace,182.92,3
2025-01-26,Marketplace,283.27,5
2025-01-12,Marketplace,129.80,2
2025-01-16,Marketplace,-387.94,0
2025-01-17,Marketplace,311.78,5
2025-01-09,Marketplace,-627.96,0
2025-01-04,Marketplace,60.58,1
2025-01-14,Marketplace,316.84,6
2025-01-26,Marketplace,-425.47,0
2025-01-12,Marketplace,-546.21,0
2025-01-13,Marketplace,-394.11,0
2025-01-20,Marketplace,-192.09,0
2025-01-08,Marketplace,320.06,6
2025-01-12,Marketplace,162.68,3
2025-02-09,Web,390.79,5
2025-02-06,Web,340.96,5
2025-02-24,Web,291.99,4
2025-02-27,Web,340.68,5
2025-02-21,Web,182.29,3
2025-02-03,Web,67.78,1
2025-02-22,Web,63.27,1
2025-02-20,Web,209.24,3
2025-02-15,Web,392.30,5
2025-02-05,Web,190.88,3
2025-02-21,Web,329.54,5
2025-02-11,Web,244.61,4
2025-02-22,Web,256.02,4
2025-02-02,Web,143.86,2
2025-02-10,Web,73.12,1
2025-02-19,Web,59.57,1
2025-02-08,Web,189.62,3
2025-02-27,Web,286.19,4
2025-02-25,Web,75.85,1
2025-02-16,Web,264.25,4
2025-02-02,Web,191.38,3
2025-02-12,Web,415.90,6
2025-02-13,Web,129.45,2
2025-02-16,Web,237.86,4
2025-02-12,Web,304.41,5
2025-02-19,Web,147.40,2
2025-02-15,Web,62.82,1
2025-02-04,Web,258.81,4
2025-02-14,Web,248.09,4
2025-02-22,Web,323.39,5
2025-02-18,Web,71.00,1
2025-02-05,Web,67.33,1
2025-02-05,Web,353.19,5
2025-02-16,Web,77.86,1
2025-02-01,Web,383.94,6
2025-02-19,Web,274.54,4
2025-02-28,Web,239.29,4
2025-02-13,Web,375.39,6
2025-02-02,Web,296.80,4
2025-02-09,Web,133.93,2
2025-02-23,Web,414.52,6
2025-02-12,Retail,185.36,4
2025-02-08,Retail,90.98,2
2025-02-02,Retail,125.99,3
2025-02-10,Retail,236.25,5
2025-02-14,Retail,184.94,5
2025-02-24,Retail,87.98,2
2025-02-09,Retail,114.59,3
2025-02-08,Retail,238.88,6
2025-02-14,Retail,126.16,3
2025-02-25,Retail,240.38,5
2025-02-09,Retail,118.25,3
2025-02-17,Retail,47.38,1
2025-02-19,Retail,41.69,1
2025-02-15,Retail,186.88,5
2025-02-16,Retail,79.27,2
2025-02-01,Retail,185.23,5
2025-02-08,Retail,134.99,3
2025-02-24,Retail,40.16,1
2025-02-12,Retail,73.61,2
2025-02-28,Retail,224.80,5
2025-02-10,Retail,237.54,6
2025-02-22,Retail,251.36,6
2025-02-24,Retail,221.27,5
2025-02-16,Retail,196.14,5
2025-02-28,Retail,43.72,1
2025-02-09,Retail,135.58,3
2025-02-25,Retail,263.21,6
2025-02-20,Wholesale,1587.34,6
2025-02-27,Wholesale,276.29,1
2025-02-24,Wholesale,1740.29,5
2025-02-07,Wholesale,1449.97,5
2025-02-24,Wholesale,1147.99,4
2025-02-25,Wholesale,1276.32,4
2025-02-24,Wholesale,1840.89,6
2025-02-11,Wholesale,1555.70,5
2025-02-04,Wholesale,1006.83,3
2025-02-21,Wholesale,1956.75,6
2025-02-17,Marketplace,-343.29,0
2025-02-11,Marketplace,-569.84,0
2025-02-18,Marketplace,285.26,5
2025-02-02,Marketplace,317.04,5
2025-02-16,Marketplace,205.26,4
2025-02-09,Marketplace,55.74,1
2025-02-26,Marketplace,347.53,6
2025-02-10,Marketplace,199.17,3
2025-02-25,Marketplace,-374.39,0
2025-02-18,Marketplace,55.20,1
2025-02-06,Marketplace,331.36,6
2025-02-25,Marketplace,-413.58,0
2025-03-21,Web,151.78,2
2025-03-09,Web,350.96,5
2025-03-19,Web,152.93,2
2025-03-16,Web,381.34,5
2025-03-17,Web,241.89,4
2025-03-21,Web,351.95,5
2025-03-17,Web,372.39,5
2025-03-20,Web,276.51,4
2025-03-22,Web,63.84,1
2025-03-13,Web,351.70,6
2025-03-24,Web,150.86,2
2025-03-24,Web,470.86,6
2025-03-25,Web,363.89,6
2025-03-11,Web,154.90,2
2025-03-04,Web,306.19,4
2025-03-26,Web,140.14,2
2025-03-24,Web,443.47,6
2025-03-14,Web,76.74,1
2025-03-07,Web,150.11,2
2025-03-11,Web,342.31,5
2025-03-13,Web,73.76,1
2025-03-19,Web,73.25,1
2025-03-01,Web,388.92,5
2025-03-09,Web,143.71,2
2025-03-25,Web,139.93,2
2025-03-04,Web,381.02,6
2025-03-24,Web,74.90,1
2025-03-28,Web,200.61,3
2025-03-05,Web,359.24,5
2025-03-12,Web,373.62,5
2025-03-12,Web,226.60,3
2025-03-27,Web,248.45,4
2025-03-18,Web,67.62,1
2025-03-04,Web,154.53,2
2025-03-11,Web,355.26,5
2025-03-02,Web,234.14,3
2025-03-26,Web,446.65,6
2025-03-11,Web,371.39,6
2025-03-17,Web,271.89,4
2025-03-05,Retail,92.69,2
2025-03-20,Retail,180.44,4
2025-03-24,Retail,170.69,4
2025-03-25,Retail,137.24,3
2025-03-17,Retail,186.81,4
2025-03-27,Retail,123.12,3
2025-03-09,Retail,46.83,1
2025-03-20,Retail,81.77,2
2025-03-27,Retail,192.43,4
2025-03-02,Retail,217.42,6
2025-03-15,Retail,44.35,1
2025-03-02,Retail,119.88,3
2025-03-05,Retail,201.52,5
2025-03-24,Retail,44.22,1
2025-03-28,Retail,252.74,6
2025-03-22,Retail,38.89,1
2025-03-25,Retail,160.07,4
2025-03-17,Retail,143.78,3
2025-03-24,Retail,114.78,3
2025-03-09,Retail,248.35,6
2025-03-27,Retail,210.14,5
2025-03-14,Retail,231.21,6
2025-03-26,Retail,151.18,4
2025-03-16,Retail,47.78,1
2025-03-20,Retail,289.04,6
2025-03-10,Retail,163.34,4
2025-03-02,Retail,224.08,6
2025-03-14,Retail,177.90,4
2025-03-23,Wholesale,620.33,2
2025-03-25,Wholesale,925.62,3
2025-03-04,Wholesale,312.13,1
2025-03-25,Wholesale,1393.90,5
2025-03-15,Wholesale,341.13,1
2025-03-01,Wholesale,1031.30,3
2025-03-12,Wholesale,950.93,3
2025-03-19,Wholesale,1623.24,5
2025-03-23,Wholesale,693.51,2
2025-03-25,Wholesale,330.26,1
2025-03-23,Wholesale,327.41,1
2025-03-15,Wholesale,559.94,2
2025-03-05,Wholesale,338.83,1
2025-03-21,Marketplace,-576.95,0
2025-03-21,Marketplace,-603.32,0
2025-03-01,Marketplace,177.24,3
2025-03-13,Marketplace,-214.63,0
2025-03-08,Marketplace,261.21,4
2025-03-01,Marketplace,-1105.42,0
2025-03-06,Marketplace,387.58,6
2025-03-26,Marketplace,-711.47,0
2025-03-16,Marketplace,-1104.01,0
2025-03-24,Marketplace,154.16,3
2025-03-09,Marketplace,-111.21,0
2025-03-11,Marketplace,328.27,6
2025-03-01,Marketplace,-239.06,0
2025-03-10,Marketplace,212.42,4
2025-04-14,Web,394.26,5
2025-04-09,Web,186.96,3
2025-04-21,Web,445.93,6
2025-04-24,Web,344.47,5
2025-04-24,Web,207.81,3
2025-04-22,Web,444.16,6
2025-04-26,Web,363.55,5
2025-04-04,Web,280.23,4
2025-04-13,Web,303.02,4
2025-04-20,Web,225.46,3
2025-04-18,Web,348.89,5
2025-04-27,Web,147.95,2
2025-04-07,Web,347.57,5
2025-04-04,Web,472.56,6
2025-04-03,Web,65.30,1
2025-04-10,Web,199.75,3
2025-04-02,Web,255.84,4
2025-04-20,Web,261.38,4
2025-04-05,Web,118.58,2
2025-04-22,Web,330.74,5
2025-04-14,Web,285.86,4
2025-04-11,Web,238.08,4
2025-04-26,Web,378.68,6
2025-04-08,Web,418.64,6
2025-04-25,Web,139.04,2
2025-04-17,Web,351.36,6
2025-04-18,Web,74.69,1
2025-04-27,Web,72.35,1
2025-04-02,Web,150.96,2
2025-04-02,Web,276.55,4
2025-04-06,Web,258.51,4
2025-04-08,Web,330.14,5
2025-04-07,Web,206.61,3
2025-04-02,Web,59.83,1
2025-04-05,Web,121.20,2
2025-04-10,Web,219.27,3
2025-04-07,Web,263.41,4
2025-04-16,Web,74.61,1
2025-04-20,Retail,215.61,5
2025-04-24,Retail,186.98,4
2025-04-28,Retail,202.74,5
2025-04-17,Retail,233.60,6
2025-04-25,Retail,186.73,4
2025-04-07,Retail,261.13,6
2025-04-13,Retail,286.88,6
2025-04-26,Retail,221.51,5
2025-04-26,Retail,76.29,2
2025-04-07,Retail,138.96,3
2025-04-14,Retail,179.80,5
2025-04-24,Retail,112.17,3
2025-04-09,Retail,283.85,6
2025-04-07,Retail,46.12,1
2025-04-09,Retail,228.51,5
2025-04-13,Retail,128.35,3
2025-04-22,Retail,178.98,4
2025-04-07,Retail,88.31,2
2025-04-06,Retail,77.57,2
2025-04-25,Retail,150.50,4
2025-04-14,Retail,40.69,1
2025-04-26,Retail,94.80,2
2025-04-07,Retail,247.87,6
2025-04-17,Retail,180.53,5
2025-04-09,Retail,148.14,4
2025-04-20,Retail,225.85,6
2025-04-06,Retail,37.50,1
2025-04-24,Retail,273.58,6
2025-04-11,Wholesale,898.27,3
2025-04-20,Wholesale,1772.63,5
2025-04-05,Wholesale,1930.58,6
2025-04-09,Wholesale,976.24,3
2025-04-06,Wholesale,297.99,1
2025-04-13,Wholesale,1253.63,4
2025-04-01,Wholesale,889.86,3
2025-04-21,Wholesale,532.71,2
2025-04-06,Wholesale,343.59,1
2025-04-26,Wholesale,1336.14,5
2025-04-19,Wholesale,1732.08,5
2025-04-04,Wholesale,266.12,1
2025-04-22,Wholesale,1291.60,4
2025-04-02,Marketplace,-108.72,0
2025-04-22,Marketplace,-1113.75,0
2025-04-01,Marketplace,-515.91,0
2025-04-16,Marketplace,103.65,2
2025-04-07,Marketplace,-545.99,0
2025-04-18,Marketplace,59.93,1
2025-04-18,Marketplace,-957.47,0
2025-04-21,Marketplace,356.08,6
2025-04-15,Marketplace,-656.11,0
2025-04-21,Marketplace,-269.40,0
2025-04-24,Marketplace,179.75,3
2025-05-15,Web,420.60,6
2025-05-21,Web,254.30,4
2025-05-02,Web,186.59,3
2025-05-17,Web,71.58,1
2025-05-28,Web,226.62,3
2025-05-12,Web,265.24,4
2025-05-09,Web,411.14,6
2025-05-22,Web,121.23,2
2025-05-06,Web,68.15,1
2025-05-17,Web,120.05,2
2025-05-17,Web,293.90,5
2025-05-23,Web,454.96,6
2025-05-25,Web,394.58,5
2025-05-28,Web,227.69,3
2025-05-23,Web,143.95,2
2025-05-09,Web,379.17,6
2025-05-18,Web,436.91,6
2025-05-08,Web,233.62,3
2025-05-23,Web,68.94,1
2025-05-04,Web,269.76,4
2025-05-01,Web,313.85,5
2025-05-26,Web,121.46,2
2025-05-07,Web,65.48,1
2025-05-18,Web,157.68,2
2025-05-08,Web,386.84,5
2025-05-17,Web,388.20,5
2025-05-14,Web,189.60,3
2025-05-24,Web,67.47,1
2025-05-10,Web,195.69,3
2025-05-10,Web,247.11,4
2025-05-11,Web,290.81,4
2025-05-12,Web,252.67,4
2025-05-02,Web,149.36,2
2025-05-10,Web,320.10,5
2025-05-28,Web,78.42,1
2025-05-18,Web,119.74,2
2025-05-27,Web,370.85,5
2025-05-01,Web,128.75,2
2025-05-27,Web,204.75,3
2025-05-06,Web,157.50,2
2025-05-07,Web,372.95,6
2025-05-23,Web,236.38,3
2025-05-23,Web,353.07,6
2025-05-14,Retail,87.62,2
2025-05-01,Retail,46.02,1
2025-05-22,Retail,235.95,6
2025-05-26,Retail,237.90,6
2025-05-12,Retail,228.42,5
2025-05-18,Retail,261.54,6
2025-05-02,Retail,222.89,5
2025-05-11,Retail,175.51,4
2025-05-21,Retail,288.02,6
2025-05-27,Retail,89.44,2
2025-05-12,Retail,215.15,6
2025-05-04,Retail,44.87,1
2025-05-28,Retail,199.39,5
2025-05-07,Retail,154.82,4
2025-05-01,Retail,73.03,2
2025-05-09,Retail,110.07,3
2025-05-27,Retail,89.96,2
2025-05-05,Retail,74.20,2
2025-05-01,Retail,183.98,5
2025-05-02,Retail,115.40,3
2025-05-26,Retail,272.11,6
2025-05-21,Retail,146.64,4
2025-05-04,Retail,45.86,1
2025-05-25,Retail,80.34,2
2025-05-05,Retail,139.95,3
2025-05-05,Retail,191.41,5
2025-05-03,Retail,281.99,6
2025-05-23,Wholesale,557.65,2
2025-05-21,Wholesale,1155.43,4
2025-05-15,Wholesale,1910.34,6
2025-05-06,Wholesale,606.51,2
2025-05-27,Wholesale,326.65,1
2025-05-20,Wholesale,1707.48,6
2025-05-28,Wholesale,1384.57,4
2025-05-08,Wholesale,1646.14,5
2025-05-21,Wholesale,1772.14,5
2025-05-16,Wholesale,855.87,3
2025-05-20,Wholesale,801.73,3
2025-05-12,Marketplace,174.99,3
2025-05-25,Marketplace,108.63,2
2025-05-01,Marketplace,-483.42,0
2025-05-28,Marketplace,243.46,4
2025-05-03,Marketplace,-602.14,0
2025-05-01,Marketplace,115.15,2
2025-05-26,Marketplace,-494.63,0
2025-05-13,Marketplace,-99.13,0
2025-05-18,Marketplace,295.91,5
2025-05-27,Marketplace,106.85,2
2025-05-15,Marketplace,269.03,4
2025-05-18,Marketplace,-308.72,0
2025-06-09,Web,303.60,5
2025-06-03,Web,463.35,6
2025-06-15,Web,135.53,2
2025-06-05,Web,314.91,4
2025-06-01,Web,298.46,4
2025-06-02,Web,193.15,3
2025-06-16,Web,203.49,3
2025-06-23,Web,351.00,5
2025-06-23,Web,78.92,1
2025-06-06,Web,225.36,3
2025-06-07,Web,307.70,4
2025-06-16,Web,153.28,2
2025-06-18,Web,71.68,1
2025-06-14,Web,424.07,6
2025-06-07,Web,426.21,6
2025-06-16,Web,192.84,3
2025-06-26,Web,255.44,4
2025-06-10,Web,237.50,4
2025-06-08,Web,464.80,6
2025-06-16,Web,146.95,2
2025-06-16,Web,127.83,2
2025-06-12,Web,68.94,1
2025-06-10,Web,345.31,5
2025-06-01,Web,239.44,4
2025-06-04,Web,264.23,4
2025-06-04,Web,382.18,5
2025-06-26,Web,258.51,4
2025-06-27,Web,304.46,5
2025-06-13,Web,119.43,2
2025-06-27,Web,363.81,6
2025-06-03,Web,131.19,2
2025-06-06,Web,442.70,6
2025-06-03,Web,242.50,4
2025-06-16,Web,155.90,2
2025-06-20,Web,185.15,3
2025-06-28,Web,247.91,4
2025-06-23,Web,400.20,6
2025-06-12,Web,259.93,4
2025-06-22,Web,72.16,1
2025-06-20,Web,415.11,6
2025-06-22,Web,66.10,1
2025-06-25,Web,398.34,6
2025-06-11,Web,137.75,2
2025-06-20,Retail,46.04,1
2025-06-07,Retail,76.13,2
2025-06-07,Retail,127.27,3
2025-06-12,Retail,142.38,3
2025-06-27,Retail,181.30,5
2025-06-01,Retail,144.82,3
2025-06-16,Retail,139.67,3
2025-06-10,Retail,179.46,5
2025-06-28,Retail,145.60,4
2025-06-03,Retail,42.03,1
2025-06-21,Retail,183.54,5
2025-06-03,Retail,280.64,6
2025-06-03,Retail,81.79,2
2025-06-11,Retail,212.15,5
2025-06-18,Retail,153.89,4
2025-06-05,Retail,116.10,3
2025-06-10,Retail,208.23,5
2025-06-14,Retail,131.81,3
2025-06-05,Retail,236.66,6
2025-06-18,Retail,79.44,2
2025-06-07,Retail,184.80,4
2025-06-03,Retail,85.30,2
2025-06-08,Retail,38.64,1
2025-06-26,Retail,83.54,2
2025-06-19,Retail,87.93,2
2025-06-24,Retail,143.77,3
2025-06-04,Retail,90.06,2
2025-06-01,Retail,223.21,6
2025-06-09,Retail,186.66,5
2025-06-05,Retail,38.64,1
2025-06-26,Retail,136.83,3
2025-06-06,Wholesale,1513.67,5
2025-06-04,Wholesale,1569.56,5
2025-06-27,Wholesale,1175.68,4
2025-06-12,Wholesale,1206.20,4
2025-06-23,Wholesale,578.86,2
2025-06-23,Wholesale,1723.31,5
2025-06-15,Wholesale,893.84,3
2025-06-25,Wholesale,1232.70,4
2025-06-19,Wholesale,338.67,1
2025-06-22,Wholesale,1399.98,5
2025-06-21,Wholesale,1167.56,4
2025-06-01,Wholesale,307.91,1
2025-06-07,Wholesale,1776.74,6
2025-06-17,Marketplace,274.77,4
2025-06-22,Marketplace,-546.55,0
2025-06-13,Marketplace,-436.52,0
2025-06-07,Marketplace,-519.33,0
2025-06-10,Marketplace,304.31,5
2025-06-13,Marketplace,-756.44,0
2025-06-25,Marketplace,-648.90,0
2025-06-27,Marketplace,-140.07,0
2025-06-14,Marketplace,190.07,3
2025-06-18,Marketplace,332.44,6
2025-06-05,Marketplace,59.47,1
2025-06-03,Marketplace,244.49,4
2025-07-28,Web,450.31,6
2025-07-24,Web,286.34,4
2025-07-20,Web,204.68,3
2025-07-15,Web,141.70,2
2025-07-11,Web,149.81,2
2025-07-18,Web,134.81,2
2025-07-17,Web,219.19,3
2025-07-27,Web,75.25,1
2025-07-23,Web,380.86,6
2025-07-01,Web,60.93,1
2025-07-03,Web,137.79,2
2025-07-03,Web,268.74,4
2025-07-08,Web,244.24,4
2025-07-13,Web,225.15,3
2025-07-16,Web,201.19,3
2025-07-17,Web,365.16,5
2025-07-05,Web,193.26,3
2025-07-24,Web,78.62,1
2025-07-07,Web,190.21,3
2025-07-28,Web,382.54,5
2025-07-01,Web,288.18,4
2025-07-08,Web,472.12,6
2025-07-01,Web,78.40,1
2025-07-21,Web,252.89,4
2025-07-16,Web,258.62,4
2025-07-25,Web,262.40,4
2025-07-13,Web,391.60,6
2025-07-06,Web,72.86,1
2025-07-05,Web,425.51,6
2025-07-15,Web,60.94,1
2025-07-05,Web,419.95,6
2025-07-08,Web,358.70,5
2025-07-27,Web,148.71,2
2025-07-06,Web,194.75,3
2025-07-06,Web,375.84,5
2025-07-13,Web,318.68,5
2025-07-17,Web,276.73,4
2025-07-09,Retail,126.77,3
2025-07-28,Retail,37.26,1
2025-07-11,Retail,36.20,1
2025-07-21,Retail,218.12,5
2025-07-13,Retail,42.60,1
2025-07-09,Retail,39.13,1
2025-07-07,Retail,45.81,1
2025-07-01,Retail,84.94,2
2025-07-02,Retail,128.50,3
2025-07-11,Retail,94.28,2
2025-07-07,Retail,236.60,6
2025-07-28,Retail,109.41,3
2025-07-16,Retail,125.45,3
2025-07-10,Retail,75.64,2
2025-07-16,Retail,72.14,2
2025-07-01,Retail,39.30,1
2025-07-13,Retail,233.71,6
2025-07-23,Retail,204.67,5
2025-07-20,Retail,258.79,6
2025-07-23,Retail,284.65,6
2025-07-18,Retail,88.90,2
2025-07-18,Retail,42.68,1
2025-07-26,Retail,229.12,5
2025-07-02,Retail,217.15,6
2025-07-17,Retail,163.82,4
2025-07-16,Retail,234.94,5
2025-07-27,Retail,191.72,4
2025-07-05,Retail,280.25,6
2025-07-15,Retail,89.10,2
2025-07-18,Retail,186.09,5
2025-07-10,Wholesale,1148.94,4
2025-07-22,Wholesale,327.94,1
2025-07-27,Wholesale,577.61,2
2025-07-22,Wholesale,1785.13,6
2025-07-10,Wholesale,353.19,1
2025-07-18,Wholesale,1957.30,6
2025-07-28,Wholesale,1937.25,6
2025-07-18,Wholesale,291.25,1
2025-07-19,Wholesale,837.20,3
2025-07-13,Wholesale,1771.55,5
2025-07-27,Wholesale,2051.37,6
2025-07-06,Wholesale,1034.67,3
2025-07-02,Marketplace,-381.82,0
2025-07-03,Marketplace,68.42,1
2025-07-27,Marketplace,-205.22,0
2025-07-13,Marketplace,175.29,3
2025-07-21,Marketplace,-101.93,0
2025-07-20,Marketplace,-334.64,0
2025-07-20,Marketplace,-721.93,0
2025-07-20,Marketplace,-954.62,0
2025-07-21,Marketplace,269.45,5
2025-07-14,Marketplace,341.70,5
2025-07-03,Marketplace,-130.53,0
2025-07-16,Marketplace,-611.46,0
2025-07-22,Marketplace,137.56,2
2025-07-21,Marketplace,57.99,1
2025-07-10,Marketplace,267.49,4
2025-07-01,Marketplace,215.22,4
2025-07-18,Marketplace,-966.51,0
2025-08-14,Web,59.70,1
2025-08-08,Web,315.03,4
2025-08-26,Web,447.41,6
2025-08-10,Web,412.59,6
2025-08-20,Web,308.94,4
2025-08-26,Web,291.66,4
2025-08-25,Web,71.78,1
2025-08-07,Web,74.95,1
2025-08-04,Web,367.86,5
2025-08-25,Web,124.99,2
2025-08-01,Web,157.14,2
2025-08-11,Web,320.81,5
2025-08-06,Web,295.23,4
2025-08-11,Web,446.24,6
2025-08-17,Web,214.34,3
2025-08-23,Web,280.49,4
2025-08-14,Web,342.49,5
2025-08-04,Web,177.09,3
2025-08-25,Web,66.39,1
2025-08-27,Web,383.92,6
2025-08-13,Web,361.46,5
2025-08-27,Web,186.26,3
2025-08-15,Web,265.66,4
2025-08-09,Web,389.25,5
2025-08-21,Web,278.39,4
2025-08-26,Web,454.15,6
2025-08-25,Web,333.51,5
2025-08-18,Web,190.10,3
2025-08-22,Web,360.55,6
2025-08-12,Web,456.05,6
2025-08-10,Web,386.19,5
2025-08-01,Web,184.59,3
2025-08-15,Web,71.55,1
2025-08-26,Web,307.70,4
2025-08-27,Web,134.43,2
2025-08-19,Web,62.33,1
2025-08-28,Web,208.80,3
2025-08-07,Retail,241.11,5
2025-08-15,Retail,144.82,3
2025-08-10,Retail,288.30,6
2025-08-13,Retail,187.52,5
2025-08-12,Retail,139.56,3
2025-08-05,Retail,77.65,2
2025-08-14,Retail,47.12,1
2025-08-26,Retail,124.27,3
2025-08-09,Retail,47.53,1
2025-08-09,Retail,46.09,1
2025-08-08,Retail,114.21,3
2025-08-24,Retail,40.77,1
2025-08-25,Retail,74.40,2
2025-08-27,Retail,143.45,3
2025-08-10,Retail,41.58,1
2025-08-19,Retail,146.49,4
2025-08-13,Retail,38.80,1
2025-08-27,Retail,37.72,1
2025-08-16,Retail,138.52,3
2025-08-28,Retail,112.14,3
2025-08-21,Retail,125.17,3
2025-08-08,Retail,36.68,1
2025-08-14,Retail,147.82,4
2025-08-08,Retail,272.44,6
2025-08-16,Retail,77.05,2
2025-08-11,Retail,224.61,5
2025-08-15,Retail,43.35,1
2025-08-11,Wholesale,1687.04,6
2025-08-02,Wholesale,942.79,3
2025-08-24,Wholesale,2135.21,6
2025-08-27,Wholesale,866.41,3
2025-08-26,Wholesale,1465.44,5
2025-08-17,Wholesale,553.68,2
2025-08-13,Wholesale,532.63,2
2025-08-07,Wholesale,1537.57,5
2025-08-10,Wholesale,2072.86,6
2025-08-24,Wholesale,1597.70,5
2025-08-05,Wholesale,1570.55,5
2025-08-01,Marketplace,360.77,6
2025-08-15,Marketplace,129.37,2
2025-08-02,Marketplace,121.76,2
2025-08-21,Marketplace,-340.47,0
2025-08-09,Marketplace,339.25,5
2025-08-28,Marketplace,-555.40,0
2025-08-23,Marketplace,176.16,3
2025-08-11,Marketplace,-336.38,0
2025-08-10,Marketplace,-172.83,0
2025-08-20,Marketplace,326.16,6
2025-08-02,Marketplace,-936.51,0
2025-08-16,Marketplace,64.79,1
2025-08-24,Marketplace,66.63,1
2025-09-20,Web,230.34,3
2025-09-08,Web,66.24,1
2025-09-01,Web,146.56,2
2025-09-14,Web,311.05,4
2025-09-18,Web,325.99,5
2025-09-05,Web,292.59,5
2025-09-10,Web,407.75,6
2025-09-16,Web,422.70,6
2025-09-03,Web,350.97,6
2025-09-05,Web,272.41,4
2025-09-22,Web,347.81,5
2025-09-09,Web,140.61,2
2025-09-05,Web,301.59,5
2025-09-27,Web,252.86,4
2025-09-21,Web,257.66,4
2025-09-12,Web,385.45,6
2025-09-13,Web,298.38,4
2025-09-20,Web,240.80,4
2025-09-27,Web,253.52,4
2025-09-08,Web,74.55,1
2025-09-11,Web,197.67,3
2025-09-11,Web,442.65,6
2025-09-08,Web,74.05,1
2025-09-25,Web,177.81,3
2025-09-26,Web,281.48,4
2025-09-04,Web,434.38,6
2025-09-19,Web,272.59,4
2025-09-12,Web,124.80,2
2025-09-28,Web,368.65,6
2025-09-04,Web,127.71,2
2025-09-14,Web,277.05,4
2025-09-15,Web,360.41,6
2025-09-12,Web,155.28,2
2025-09-13,Web,306.29,4
2025-09-16,Web,360.74,5
2025-09-01,Web,58.64,1
2025-09-19,Web,192.25,3
2025-09-11,Web,150.01,2
2025-09-19,Retail,258.96,6
2025-09-20,Retail,282.04,6
2025-09-17,Retail,85.26,2
2025-09-15,Retail,39.93,1
2025-09-09,Retail,244.39,6
2025-09-01,Retail,35.94,1
2025-09-18,Retail,42.37,1
2025-09-08,Retail,76.88,2
2025-09-26,Retail,88.76,2
2025-09-18,Retail,169.88,4
2025-09-10,Retail,134.39,3
2025-09-09,Retail,40.19,1
2025-09-19,Retail,174.15,4
2025-09-12,Retail,184.83,4
2025-09-21,Retail,39.54,1
2025-09-25,Retail,167.71,4
2025-09-14,Retail,43.13,1
2025-09-03,Retail,37.61,1
2025-09-28,Retail,218.26,5
2025-09-11,Retail,236.22,6
2025-09-15,Retail,91.18,2
2025-09-28,Retail,196.18,5
2025-09-07,Retail,114.76,3
2025-09-03,Retail,183.37,5
2025-09-13,Retail,170.68,4
2025-09-18,Retail,113.12,3
2025-09-09,Retail,276.15,6
2025-09-05,Retail,138.45,3
2025-09-12,Retail,150.66,4
2025-09-17,Retail,94.27,2
2025-09-09,Retail,167.44,4
2025-09-12,Retail,223.12,6
2025-09-18,Retail,139.03,3
2025-09-26,Wholesale,791.44,3
2025-09-17,Wholesale,593.78,2
2025-09-26,Wholesale,932.84,3
2025-09-10,Wholesale,1327.35,5
2025-09-28,Wholesale,1883.64,6
2025-09-13,Wholesale,670.92,2
2025-09-04,Wholesale,288.59,1
2025-09-22,Wholesale,1715.90,6
2025-09-15,Wholesale,1345.60,5
2025-09-03,Wholesale,536.06,2
2025-09-18,Wholesale,1468.00,5
2025-09-02,Wholesale,1391.93,4
2025-09-21,Marketplace,-340.42,0
2025-09-13,Marketplace,354.31,6
2025-09-14,Marketplace,125.29,2
2025-09-02,Marketplace,183.65,3
2025-09-15,Marketplace,-544.71,0
2025-09-11,Marketplace,-172.55,0
2025-09-21,Marketplace,-326.36,0
2025-09-28,Marketplace,194.83,3
2025-09-12,Marketplace,-277.89,0
2025-09-16,Marketplace,356.79,6
2025-09-23,Marketplace,111.58,2
2025-10-14,Web,255.99,4
2025-10-09,Web,141.94,2
2025-10-04,Web,143.12,2
2025-10-11,Web,388.09,6
2025-10-12,Web,371.91,5
2025-10-27,Web,183.40,3
2025-10-17,Web,253.76,4
2025-10-19,Web,117.00,2
2025-10-02,Web,153.95,2
2025-10-27,Web,352.67,6
2025-10-14,Web,236.09,3
2025-10-11,Web,227.26,3
2025-10-06,Web,378.56,5
2025-10-06,Web,75.79,1
2025-10-05,Web,74.04,1
2025-10-03,Web,308.23,5
2025-10-19,Web,59.66,1
2025-10-10,Web,118.42,2
2025-10-10,Web,312.46,5
2025-10-05,Web,75.04,1
2025-10-23,Web,124.88,2
2025-10-05,Web,78.26,1
2025-10-26,Web,206.40,3
2025-10-24,Web,186.50,3
2025-10-13,Web,139.51,2
2025-10-06,Web,61.66,1
2025-10-09,Web,183.50,3
2025-10-12,Web,471.11,6
2025-10-16,Web,314.74,4
2025-10-27,Web,267.62,4
2025-10-25,Web,320.76,5
2025-10-19,Web,390.76,5
2025-10-10,Web,369.81,5
2025-10-15,Web,73.62,1
2025-10-09,Web,438.16,6
2025-10-07,Web,281.16,4
2025-10-19,Web,129.77,2
2025-10-23,Web,390.70,6
2025-10-06,Web,188.30,3
2025-10-18,Web,314.12,5
2025-10-20,Retail,201.29,5
2025-10-12,Retail,81.46,2
2025-10-27,Retail,76.52,2
2025-10-11,Retail,77.49,2
2025-10-27,Retail,93.60,2
2025-10-07,Retail,196.33,5
2025-10-03,Retail,231.68,6
2025-10-23,Retail,40.10,1
2025-10-25,Retail,79.89,2
2025-10-06,Retail,185.88,4
2025-10-15,Retail,113.32,3
2025-10-11,Retail,202.01,5
2025-10-05,Retail,128.07,3
2025-10-01,Retail,187.69,5
2025-10-12,Retail,196.02,5
2025-10-04,Retail,162.42,4
2025-10-25,Retail,110.06,3
2025-10-01,Retail,235.68,5
2025-10-12,Retail,269.00,6
2025-10-17,Retail,140.49,3
2025-10-25,Retail,144.67,3
2025-10-27,Retail,37.18,1
2025-10-01,Retail,166.45,4
2025-10-05,Retail,82.78,2
2025-10-10,Retail,238.20,6
2025-10-11,Retail,40.05,1
2025-10-13,Retail,35.91,1
2025-10-12,Retail,255.67,6
2025-10-20,Retail,134.55,3
2025-10-27,Retail,169.54,4
2025-10-16,Wholesale,536.64,2
2025-10-27,Wholesale,279.27,1
2025-10-25,Wholesale,1343.47,4
2025-10-12,Wholesale,1105.52,4
2025-10-17,Wholesale,1063.59,3
2025-10-17,Wholesale,1034.88,3
2025-10-13,Wholesale,1942.59,6
2025-10-16,Wholesale,1647.60,5
2025-10-24,Wholesale,990.99,3
2025-10-25,Wholesale,1700.20,6
2025-10-21,Wholesale,665.80,2
2025-10-06,Wholesale,1573.17,5
2025-10-01,Wholesale,1295.13,4
2025-10-08,Wholesale,1597.50,5
2025-10-11,Wholesale,1576.62,5
2025-10-18,Marketplace,137.36,2
2025-10-18,Marketplace,-373.80,0
2025-10-19,Marketplace,217.58,4
2025-10-07,Marketplace,-287.18,0
2025-10-27,Marketplace,-978.80,0
2025-10-26,Marketplace,342.21,6
2025-10-16,Marketplace,-224.58,0
2025-10-28,Marketplace,-130.30,0
2025-10-16,Marketplace,-273.20,0
2025-10-21,Marketplace,58.62,1
2025-10-16,Marketplace,213.45,4
2025-10-14,Marketplace,-570.87,0
2025-10-06,Marketplace,-176.98,0
2025-10-25,Marketplace,-237.89,0
2025-10-21,Marketplace,257.67,4
2025-10-27,Marketplace,-790.61,0
2025-10-08,Marketplace,-709.47,0
2025-11-18,Web,383.50,5
2025-11-03,Web,452.22,6
2025-11-22,Web,217.00,3
2025-11-25,Web,63.14,1
2025-11-23,Web,77.84,1
2025-11-24,Web,468.30,6
2025-11-13,Web,353.10,5
2025-11-09,Web,268.24,4
2025-11-08,Web,192.05,3
2025-11-15,Web,310.88,5
2025-11-24,Web,77.16,1
2025-11-20,Web,125.31,2
2025-11-18,Web,156.80,2
2025-11-18,Web,198.59,3
2025-11-11,Web,67.44,1
2025-11-03,Web,72.21,1
2025-11-14,Web,243.44,4
2025-11-28,Web,188.30,3
2025-11-07,Web,208.02,3
2025-11-08,Web,261.22,4
2025-11-15,Web,353.09,5
2025-11-14,Web,453.51,6
2025-11-19,Web,59.52,1
2025-11-25,Web,365.61,5
2025-11-24,Web,432.11,6
2025-11-07,Web,77.64,1
2025-11-26,Web,156.25,2
2025-11-18,Web,120.55,2
2025-11-20,Web,363.50,6
2025-11-02,Web,73.35,1
2025-11-26,Web,315.31,5
2025-11-17,Web,78.38,1
2025-11-25,Web,60.91,1
2025-11-16,Web,122.40,2
2025-11-14,Web,350.75,6
2025-11-19,Web,284.70,4
2025-11-09,Web,127.97,2
2025-11-24,Web,135.10,2
2025-11-05,Web,64.46,1
2025-11-01,Web,287.05,4
2025-11-25,Retail,261.55,6
2025-11-27,Retail,221.11,5
2025-11-26,Retail,117.45,3
2025-11-14,Retail,38.30,1
2025-11-21,Retail,40.59,1
2025-11-15,Retail,241.93,6
2025-11-06,Retail,258.79,6
2025-11-24,Retail,129.96,3
2025-11-01,Retail,241.34,5
2025-11-20,Retail,186.46,5
2025-11-02,Retail,226.56,5
2025-11-20,Retail,42.80,1
2025-11-17,Retail,114.89,3
2025-11-11,Retail,161.14,4
2025-11-09,Retail,195.75,5
2025-11-06,Retail,44.27,1
2025-11-11,Retail,170.57,4
2025-11-09,Retail,258.76,6
2025-11-07,Retail,222.51,6
2025-11-22,Retail,236.85,5
2025-11-03,Retail,112.32,3
2025-11-01,Retail,75.90,2
2025-11-10,Retail,75.00,2
2025-11-01,Retail,74.10,2
2025-11-28,Retail,39.77,1
2025-11-19,Retail,160.92,4
2025-11-14,Retail,218.52,5
2025-11-03,Retail,163.97,4
2025-11-23,Retail,273.70,6
2025-11-21,Retail,235.42,6
2025-11-01,Retail,115.76,3
2025-11-18,Retail,187.89,4
2025-11-18,Wholesale,1567.10,5
2025-11-20,Wholesale,1538.04,5
2025-11-21,Wholesale,1564.36,5
2025-11-09,Wholesale,2087.00,6
2025-11-03,Wholesale,302.59,1
2025-11-11,Wholesale,1641.09,5
2025-11-28,Wholesale,557.30,2
2025-11-04,Wholesale,1744.83,6
2025-11-20,Wholesale,1407.44,4
2025-11-12,Wholesale,579.89,2
2025-11-20,Wholesale,329.20,1
2025-11-28,Wholesale,340.56,1
2025-11-01,Wholesale,645.66,2
2025-11-07,Marketplace,359.06,6
2025-11-07,Marketplace,130.07,2
2025-11-06,Marketplace,318.43,5
2025-11-18,Marketplace,-113.74,0
2025-11-22,Marketplace,359.51,6
2025-11-07,Marketplace,-413.32,0
2025-11-27,Marketplace,-119.71,0
2025-11-10,Marketplace,-244.20,0
2025-11-13,Marketplace,398.79,6
2025-11-04,Marketplace,-133.98,0
2025-11-21,Marketplace,-749.86,0
2025-11-02,Marketplace,413.81,6
2025-12-11,Web,147.39,2
2025-12-25,Web,339.01,5
2025-12-24,Web,386.16,5
2025-12-03,Web,409.62,6
2025-12-04,Web,68.50,1
2025-12-14,Web,362.26,5
2025-12-16,Web,190.26,3
2025-12-07,Web,221.68,3
2025-12-19,Web,222.94,3
2025-12-07,Web,135.26,2
2025-12-04,Web,248.01,4
2025-12-12,Web,194.42,3
2025-12-26,Web,68.41,1
2025-12-08,Web,71.22,1
2025-12-24,Web,68.08,1
2025-12-22,Web,217.12,3
2025-12-14,Web,70.94,1
2025-12-20,Web,59.60,1
2025-12-18,Web,256.45,4
2025-12-21,Web,219.18,3
2025-12-03,Web,463.62,6
2025-12-08,Web,154.96,2
2025-12-11,Web,244.39,4
2025-12-14,Web,232.06,3
2025-12-22,Web,182.06,3
2025-12-25,Web,450.61,6
2025-12-15,Web,71.81,1
2025-12-28,Web,201.54,3
2025-12-26,Web,280.79,4
2025-12-26,Web,75.91,1
2025-12-05,Web,249.30,4
2025-12-19,Web,262.41,4
2025-12-10,Web,62.35,1
2025-12-19,Web,133.72,2
2025-12-07,Web,201.39,3
2025-12-20,Web,78.38,1
2025-12-14,Web,304.56,5
2025-12-13,Web,412.04,6
2025-12-08,Web,71.47,1
2025-12-25,Web,71.71,1
2025-12-20,Web,124.81,2
2025-12-13,Retail,149.39,4
2025-12-28,Retail,167.81,4
2025-12-21,Retail,41.08,1
2025-12-08,Retail,81.50,2
2025-12-05,Retail,285.76,6
2025-12-12,Retail,146.37,4
2025-12-18,Retail,176.93,4
2025-12-12,Retail,96.11,2
2025-12-15,Retail,48.10,1
2025-12-26,Retail,184.56,4
2025-12-10,Retail,80.18,2
2025-12-22,Retail,41.39,1
2025-12-16,Retail,122.30,3
2025-12-01,Retail,288.27,6
2025-12-14,Retail,202.62,5
2025-12-12,Retail,224.95,5
2025-12-18,Retail,204.98,5
2025-12-28,Retail,274.79,6
2025-12-04,Retail,87.76,2
2025-12-21,Retail,227.08,5
2025-12-05,Retail,258.22,6
2025-12-04,Retail,246.44,6
2025-12-12,Retail,200.91,5
2025-12-14,Retail,253.11,6
2025-12-04,Retail,231.21,5
2025-12-16,Retail,259.17,6
2025-12-20,Retail,184.37,4
2025-12-27,Retail,142.73,3
2025-12-04,Wholesale,1354.36,4
2025-12-14,Wholesale,1623.81,6
2025-12-12,Wholesale,1128.09,4
2025-12-03,Wholesale,1150.58,4
2025-12-19,Wholesale,710.63,2
2025-12-13,Wholesale,1169.97,4
2025-12-25,Wholesale,1441.72,5
2025-12-06,Wholesale,1359.81,5
2025-12-22,Wholesale,2042.78,6
2025-12-06,Wholesale,348.95,1
2025-12-13,Wholesale,960.59,3
2025-12-04,Wholesale,1048.76,3
2025-12-25,Wholesale,606.24,2
2025-12-16,Wholesale,543.02,2
2025-12-26,Marketplace,199.37,3
2025-12-20,Marketplace,-924.99,0
2025-12-19,Marketplace,206.77,3
2025-12-10,Marketplace,239.82,4
2025-12-13,Marketplace,-715.17,0
2025-12-10,Marketplace,-776.07,0
2025-12-25,Marketplace,226.32,4
2025-12-22,Marketplace,170.47,3
2025-12-20,Marketplace,-593.66,0
2025-12-19,Marketplace,61.31,1
2025-12-27,Marketplace,-318.09,0
2025-12-19,Marketplace,-177.97,0
2025-12-22,Marketplace,-263.23,0
