sale_date,store,sales,qty
2024-01-16,Downtown,69.78,3
2024-01-22,Downtown,57.42,3
2024-01-01,Downtown,65.58,3
2024-01-21,Downtown,94.10,4
2024-01-20,Downtown,44.93,2
2024-01-22,Downtown,51.65,2
2024-01-12,Downtown,41.43,2
2024-01-07,Downtown,22.61,1
2024-01-07,Downtown,22.11,1
2024-01-27,Downtown,70.35,3
2024-01-26,Downtown,18.15,1
2024-01-02,Downtown,37.46,2
2024-01-14,Downtown,75.60,4
2024-01-14,Downtown,44.63,2
2024-01-20,Downtown,51.62,2
2024-01-02,Downtown,44.12,2
2024-01-03,Downtown,91.44,4
2024-01-22,Downtown,87.26,4
2024-01-13,Downtown,23.13,1
2024-01-03,Downtown,51.62,2
2024-01-22,Downtown,62.55,3
2024-01-12,Downtown,93.56,4
2024-01-04,Downtown,59.64,3
2024-01-12,Downtown,66.27,3
2024-01-26,Downtown,36.45,2
2024-01-27,Downtown,73.05,4
2024-01-01,Downtown,46.81,2
2024-01-02,Downtown,78.54,4
2024-01-20,Downtown,24.03,1
2024-01-08,Downtown,37.25,2
2024-01-09,Harbour,21.47,1
2024-01-16,Harbour,68.45,3
2024-01-24,Harbour,22.11,1
2024-01-12,Harbour,41.43,2
2024-01-15,Harbour,94.30,4
2024-01-28,Harbour,79.68,4
2024-01-06,Harbour,101.58,4
2024-01-12,Harbour,39.03,2
2024-01-24,Harbour,50.59,2
2024-01-01,Harbour,75.97,3
2024-01-26,Harbour,58.31,3
2024-01-26,Harbour,22.01,1
2024-01-08,Harbour,25.87,1
2024-01-18,Harbour,36.38,2
2024-01-11,Harbour,69.35,3
2024-01-08,Harbour,87.67,4
2024-01-12,Harbour,70.43,3
2024-01-15,Harbour,43.18,2
2024-01-20,Harbour,20.23,1
2024-01-28,Harbour,94.55,4
2024-01-07,Harbour,66.50,3
2024-01-01,Harbour,23.55,1
2024-01-05,Harbour,64.09,3
2024-01-08,Harbour,42.96,2
2024-01-02,Harbour,72.25,3
2024-01-14,Airport,90.83,4
2024-01-13,Airport,45.28,2
2024-01-12,Airport,69.31,3
2024-01-13,Airport,36.27,2
2024-01-23,Airport,50.46,2
2024-01-26,Airport,25.18,1
2024-01-14,Airport,48.63,2
2024-01-13,Airport,23.68,1
2024-01-07,Airport,60.50,3
2024-01-26,Airport,91.91,4
2024-01-04,Airport,44.55,2
2024-01-23,Airport,90.58,4
2024-01-03,Airport,83.38,4
2024-01-03,Airport,57.40,3
2024-01-03,Airport,61.45,3
2024-01-06,Airport,83.70,4
2024-01-01,Airport,43.81,2
2024-01-15,Airport,77.74,4
2024-01-22,Mall (closed),64.97,3
2024-01-11,Mall (closed),25.55,1
2024-01-01,Mall (closed),62.80,3
2024-01-28,Mall (closed),47.02,2
2024-01-10,Mall (closed),44.26,2
2024-01-05,Mall (closed),57.90,3
2024-01-15,Mall (closed),91.41,4
2024-01-27,Mall (closed),43.36,2
2024-01-26,Mall (closed),24.65,1
2024-01-08,Mall (closed),89.22,4
2024-01-25,Mall (closed),88.69,4
2024-01-15,Mall (closed),25.78,1
2024-01-18,Mall (closed),62.41,3
2024-01-24,Mall (closed),20.58,1
2024-01-16,Mall (closed),69.18,3
2024-01-06,Mall (closed),43.63,2
2024-01-26,Mall (closed),40.03,2
2024-01-02,Mall (closed),97.72,4
2024-01-10,Mall (closed),101.96,4
2024-01-20,Mall (closed),63.34,3
2024-02-28,Downtown,57.56,3
2024-02-09,Downtown,24.74,1
2024-02-20,Downtown,85.20,4
2024-02-20,Downtown,62.16,3
2024-02-25,Downtown,87.76,4
2024-02-13,Downtown,38.72,2
2024-02-07,Downtown,56.63,3
2024-02-09,Downtown,24.95,1
2024-02-21,Downtown,77.53,3
2024-02-10,Downtown,49.74,2
2024-02-10,Downtown,47.98,2
2024-02-28,Downtown,22.44,1
2024-02-02,Downtown,24.48,1
2024-02-07,Downtown,39.15,2
2024-02-26,Downtown,76.25,3
2024-02-06,Downtown,67.11,3
2024-02-01,Downtown,20.92,1
2024-02-16,Downtown,43.18,2
2024-02-17,Downtown,23.21,1
2024-02-26,Downtown,88.17,4
2024-02-21,Downtown,65.21,3
2024-02-21,Downtown,99.29,4
2024-02-17,Downtown,23.72,1
2024-02-09,Downtown,25.40,1
2024-02-16,Downtown,70.57,3
2024-02-27,Downtown,89.56,4
2024-02-20,Downtown,72.09,3
2024-02-27,Downtown,41.57,2
2024-02-08,Downtown,21.38,1
2024-02-26,Downtown,24.70,1
2024-02-08,Harbour,18.91,1
2024-02-22,Harbour,22.75,1
2024-02-19,Harbour,92.13,4
2024-02-15,Harbour,64.17,3
2024-02-18,Harbour,73.20,3
2024-02-13,Harbour,23.25,1
2024-02-11,Harbour,25.89,1
2024-02-25,Harbour,57.41,3
2024-02-04,Harbour,91.20,4
2024-02-22,Harbour,54.30,3
2024-02-08,Harbour,21.86,1
2024-02-24,Harbour,73.82,3
2024-02-25,Harbour,62.15,3
2024-02-13,Harbour,82.96,4
2024-02-20,Harbour,55.54,3
2024-02-11,Harbour,80.53,4
2024-02-19,Harbour,49.42,2
2024-02-22,Harbour,95.84,4
2024-02-09,Harbour,64.04,3
2024-02-04,Harbour,23.90,1
2024-02-21,Harbour,77.53,4
2024-02-18,Harbour,45.53,2
2024-02-19,Harbour,63.08,3
2024-02-10,Harbour,62.52,3
2024-02-11,Harbour,74.28,4
2024-02-20,Airport,100.46,4
2024-02-11,Airport,68.78,3
2024-02-28,Airport,40.75,2
2024-02-11,Airport,73.37,4
2024-02-11,Airport,24.68,1
2024-02-17,Airport,24.92,1
2024-02-06,Airport,103.67,4
2024-02-22,Airport,58.12,3
2024-02-15,Airport,40.52,2
2024-02-27,Airport,39.00,2
2024-02-09,Airport,23.10,1
2024-02-19,Airport,43.66,2
2024-02-10,Airport,76.24,4
2024-02-16,Airport,86.12,4
2024-02-13,Airport,60.55,3
2024-02-25,Airport,39.83,2
2024-02-17,Airport,88.05,4
2024-02-22,Airport,62.53,3
2024-02-10,Mall (closed),36.39,2
2024-02-22,Mall (closed),63.37,3
2024-02-10,Mall (closed),76.85,4
2024-02-27,Mall (closed),90.47,4
2024-02-06,Mall (closed),64.14,3
2024-02-27,Mall (closed),19.14,1
2024-02-15,Mall (closed),22.25,1
2024-02-08,Mall (closed),39.37,2
2024-02-25,Mall (closed),88.39,4
2024-02-10,Mall (closed),25.46,1
2024-02-05,Mall (closed),42.08,2
2024-02-17,Mall (closed),76.36,3
2024-02-17,Mall (closed),72.85,3
2024-02-05,Mall (closed),48.25,2
2024-02-18,Mall (closed),24.33,1
2024-02-09,Mall (closed),22.27,1
2024-02-15,Mall (closed),21.92,1
2024-02-17,Mall (closed),51.43,2
2024-02-19,Mall (closed),21.49,1
2024-02-01,Mall (closed),84.29,4
2024-03-27,Downtown,74.72,4
2024-03-18,Downtown,89.97,4
2024-03-27,Downtown,89.41,4
2024-03-28,Downtown,63.96,3
2024-03-05,Downtown,20.68,1
2024-03-03,Downtown,77.77,3
2024-03-08,Downtown,63.78,3
2024-03-26,Downtown,88.78,4
2024-03-25,Downtown,24.95,1
2024-03-21,Downtown,70.62,3
2024-03-12,Downtown,23.23,1
2024-03-27,Downtown,18.92,1
2024-03-26,Downtown,37.02,2
2024-03-05,Downtown,48.59,2
2024-03-17,Downtown,38.83,2
2024-03-27,Downtown,77.47,3
2024-03-08,Downtown,72.62,4
2024-03-05,Downtown,64.99,3
2024-03-15,Downtown,72.04,3
2024-03-27,Downtown,72.02,3
2024-03-10,Downtown,96.18,4
2024-03-14,Downtown,38.71,2
2024-03-01,Downtown,62.59,3
2024-03-04,Downtown,83.90,4
2024-03-12,Downtown,54.96,3
2024-03-10,Downtown,20.39,1
2024-03-28,Downtown,57.34,3
2024-03-27,Downtown,25.35,1
2024-03-08,Downtown,50.15,2
2024-03-03,Downtown,22.88,1
2024-03-24,Harbour,103.80,4
2024-03-22,Harbour,77.96,3
2024-03-25,Harbour,21.50,1
2024-03-12,Harbour,62.09,3
2024-03-21,Harbour,69.85,3
2024-03-16,Harbour,49.76,2
2024-03-20,Harbour,24.61,1
2024-03-22,Harbour,87.79,4
2024-03-26,Harbour,44.23,2
2024-03-22,Harbour,89.08,4
2024-03-13,Harbour,77.64,3
2024-03-28,Harbour,45.45,2
2024-03-06,Harbour,94.95,4
2024-03-05,Harbour,19.61,1
2024-03-14,Harbour,38.81,2
2024-03-20,Harbour,20.62,1
2024-03-22,Harbour,88.53,4
2024-03-14,Harbour,101.06,4
2024-03-06,Harbour,46.40,2
2024-03-05,Harbour,22.33,1
2024-03-06,Harbour,69.03,3
2024-03-22,Harbour,36.69,2
2024-03-16,Harbour,95.73,4
2024-03-05,Harbour,50.62,2
2024-03-28,Harbour,91.48,4
2024-03-23,Airport,38.38,2
2024-03-16,Airport,50.30,2
2024-03-17,Airport,44.39,2
2024-03-21,Airport,60.00,3
2024-03-13,Airport,44.77,2
2024-03-18,Airport,21.41,1
2024-03-02,Airport,98.61,4
2024-03-05,Airport,46.08,2
2024-03-25,Airport,46.76,2
2024-03-22,Airport,18.07,1
2024-03-24,Airport,42.45,2
2024-03-18,Airport,37.42,2
2024-03-21,Airport,22.08,1
2024-03-26,Airport,55.66,3
2024-03-06,Airport,72.82,4
2024-03-11,Airport,19.21,1
2024-03-03,Airport,20.13,1
2024-03-12,Airport,61.31,3
2024-03-12,Mall (closed),25.33,1
2024-03-19,Mall (closed),43.02,2
2024-03-26,Mall (closed),25.03,1
2024-03-14,Mall (closed),83.89,4
2024-03-09,Mall (closed),77.97,3
2024-03-04,Mall (closed),60.56,3
2024-03-23,Mall (closed),75.25,3
2024-03-09,Mall (closed),87.26,4
2024-03-01,Mall (closed),18.68,1
2024-03-01,Mall (closed),39.66,2
2024-03-16,Mall (closed),100.33,4
2024-03-25,Mall (closed),94.14,4
2024-03-03,Mall (closed),45.73,2
2024-03-06,Mall (closed),81.99,4
2024-03-10,Mall (closed),36.75,2
2024-03-28,Mall (closed),41.04,2
2024-03-13,Mall (closed),72.16,3
2024-03-06,Mall (closed),48.85,2
2024-03-14,Mall (closed),37.26,2
2024-03-11,Mall (closed),72.19,4
2024-04-15,Downtown,62.53,3
2024-04-10,Downtown,62.25,3
2024-04-04,Downtown,64.17,3
2024-04-09,Downtown,36.95,2
2024-04-05,Downtown,50.85,2
2024-04-23,Downtown,23.91,1
2024-04-08,Downtown,56.61,3
2024-04-26,Downtown,36.35,2
2024-04-12,Downtown,20.94,1
2024-04-06,Downtown,91.93,4
2024-04-03,Downtown,25.38,1
2024-04-18,Downtown,74.15,3
2024-04-06,Downtown,46.03,2
2024-04-24,Downtown,82.80,4
2024-04-04,Downtown,47.82,2
2024-04-10,Downtown,96.16,4
2024-04-02,Downtown,21.79,1
2024-04-02,Downtown,48.28,2
2024-04-23,Downtown,25.61,1
2024-04-06,Downtown,92.08,4
2024-04-28,Downtown,20.63,1
2024-04-04,Downtown,21.89,1
2024-04-28,Downtown,25.88,1
2024-04-02,Downtown,100.59,4
2024-04-14,Downtown,69.56,3
2024-04-16,Downtown,99.30,4
2024-04-19,Downtown,44.76,2
2024-04-13,Downtown,46.05,2
2024-04-19,Downtown,25.52,1
2024-04-25,Downtown,58.11,3
2024-04-08,Harbour,80.99,4
2024-04-20,Harbour,19.66,1
2024-04-27,Harbour,49.25,2
2024-04-01,Harbour,43.89,2
2024-04-26,Harbour,99.90,4
2024-04-20,Harbour,93.22,4
2024-04-06,Harbour,50.56,2
2024-04-12,Harbour,82.19,4
2024-04-06,Harbour,103.49,4
2024-04-01,Harbour,25.00,1
2024-04-08,Harbour,77.03,3
2024-04-14,Harbour,64.86,3
2024-04-21,Harbour,85.88,4
2024-04-03,Harbour,18.98,1
2024-04-22,Harbour,22.29,1
2024-04-18,Harbour,19.16,1
2024-04-07,Harbour,18.21,1
2024-04-27,Harbour,21.46,1
2024-04-15,Harbour,22.90,1
2024-04-28,Harbour,73.38,4
2024-04-12,Harbour,19.60,1
2024-04-13,Harbour,20.16,1
2024-04-21,Harbour,63.07,3
2024-04-07,Harbour,78.65,4
2024-04-08,Harbour,25.39,1
2024-04-07,Airport,91.29,4
2024-04-25,Airport,48.22,2
2024-04-21,Airport,22.33,1
2024-04-03,Airport,42.93,2
2024-04-25,Airport,83.87,4
2024-04-17,Airport,91.18,4
2024-04-18,Airport,91.52,4
2024-04-14,Airport,23.43,1
2024-04-05,Airport,73.46,3
2024-04-15,Airport,23.43,1
2024-04-26,Airport,60.86,3
2024-04-07,Airport,47.03,2
2024-04-14,Airport,37.39,2
2024-04-13,Airport,22.12,1
2024-04-21,Airport,61.36,3
2024-04-05,Airport,18.08,1
2024-04-27,Airport,96.21,4
2024-04-20,Airport,73.39,4
2024-04-12,Mall (closed),23.07,1
2024-04-01,Mall (closed),40.44,2
2024-04-26,Mall (closed),77.70,4
2024-04-27,Mall (closed),83.97,4
2024-04-19,Mall (closed),25.82,1
2024-04-04,Mall (closed),83.59,4
2024-04-25,Mall (closed),79.13,4
2024-04-26,Mall (closed),99.53,4
2024-04-23,Mall (closed),56.81,3
2024-04-10,Mall (closed),76.34,4
2024-04-27,Mall (closed),98.38,4
2024-04-21,Mall (closed),37.04,2
2024-04-25,Mall (closed),37.07,2
2024-04-07,Mall (closed),48.30,2
2024-04-19,Mall (closed),75.92,4
2024-04-28,Mall (closed),23.56,1
2024-04-27,Mall (closed),20.15,1
2024-04-16,Mall (closed),46.34,2
2024-04-11,Mall (closed),78.48,4
2024-04-23,Mall (closed),77.56,4
2024-05-22,Downtown,49.63,2
2024-05-20,Downtown,40.24,2
2024-05-10,Downtown,80.21,4
2024-05-05,Downtown,57.56,3
2024-05-28,Downtown,44.29,2
2024-05-08,Downtown,45.70,2
2024-05-11,Downtown,18.09,1
2024-05-28,Downtown,21.68,1
2024-05-26,Downtown,41.97,2
2024-05-24,Downtown,20.44,1
2024-05-27,Downtown,49.07,2
2024-05-14,Downtown,85.26,4
2024-05-19,Downtown,61.79,3
2024-05-15,Downtown,69.72,3
2024-05-24,Downtown,68.73,3
2024-05-17,Downtown,21.71,1
2024-05-06,Downtown,64.71,3
2024-05-12,Downtown,42.68,2
2024-05-18,Downtown,73.26,3
2024-05-05,Downtown,72.84,3
2024-05-17,Downtown,79.01,4
2024-05-10,Downtown,66.20,3
2024-05-01,Downtown,25.65,1
2024-05-27,Downtown,93.78,4
2024-05-16,Downtown,71.72,3
2024-05-07,Downtown,87.32,4
2024-05-15,Downtown,68.68,3
2024-05-08,Downtown,22.71,1
2024-05-27,Downtown,67.45,3
2024-05-06,Downtown,99.54,4
2024-05-14,Harbour,89.35,4
2024-05-17,Harbour,43.51,2
2024-05-28,Harbour,90.26,4
2024-05-13,Harbour,49.62,2
2024-05-08,Harbour,81.61,4
2024-05-28,Harbour,95.37,4
2024-05-09,Harbour,25.66,1
2024-05-25,Harbour,84.46,4
2024-05-21,Harbour,25.35,1
2024-05-23,Harbour,37.28,2
2024-05-09,Harbour,19.32,1
2024-05-22,Harbour,50.49,2
2024-05-22,Harbour,18.31,1
2024-05-16,Harbour,50.40,2
2024-05-27,Harbour,70.41,3
2024-05-25,Harbour,20.18,1
2024-05-26,Harbour,24.56,1
2024-05-12,Harbour,44.17,2
2024-05-11,Harbour,55.08,3
2024-05-26,Harbour,25.63,1
2024-05-25,Harbour,86.62,4
2024-05-01,Harbour,103.95,4
2024-05-14,Harbour,63.19,3
2024-05-01,Harbour,97.94,4
2024-05-21,Harbour,73.52,3
2024-05-13,Airport,103.62,4
2024-05-05,Airport,67.14,3
2024-05-20,Airport,44.96,2
2024-05-01,Airport,67.42,3
2024-05-02,Airport,66.63,3
2024-05-08,Airport,22.86,1
2024-05-06,Airport,20.62,1
2024-05-25,Airport,19.06,1
2024-05-13,Airport,18.62,1
2024-05-12,Airport,75.68,3
2024-05-04,Airport,40.03,2
2024-05-20,Airport,92.81,4
2024-05-17,Airport,22.01,1
2024-05-14,Airport,67.35,3
2024-05-06,Airport,63.36,3
2024-05-16,Airport,22.25,1
2024-05-14,Airport,68.90,3
2024-05-01,Airport,67.51,3
2024-05-22,Mall (closed),61.45,3
2024-05-09,Mall (closed),20.34,1
2024-05-22,Mall (closed),44.98,2
2024-05-11,Mall (closed),64.07,3
2024-05-13,Mall (closed),69.59,3
2024-05-04,Mall (closed),55.90,3
2024-05-17,Mall (closed),75.46,4
2024-05-23,Mall (closed),18.06,1
2024-05-15,Mall (closed),18.51,1
2024-05-15,Mall (closed),25.84,1
2024-05-11,Mall (closed),41.29,2
2024-05-03,Mall (closed),43.59,2
2024-05-06,Mall (closed),103.52,4
2024-05-11,Mall (closed),97.54,4
2024-05-13,Mall (closed),58.14,3
2024-05-01,Mall (closed),50.07,2
2024-05-23,Mall (closed),19.87,1
2024-05-12,Mall (closed),94.14,4
2024-05-03,Mall (closed),64.89,3
2024-05-15,Mall (closed),50.91,2
2024-06-04,Downtown,64.89,3
2024-06-09,Downtown,100.07,4
2024-06-28,Downtown,19.45,1
2024-06-10,Downtown,23.73,1
2024-06-07,Downtown,66.35,3
2024-06-22,Downtown,70.48,3
2024-06-05,Downtown,46.73,2
2024-06-12,Downtown,45.05,2
2024-06-12,Downtown,21.33,1
2024-06-17,Downtown,18.30,1
2024-06-28,Downtown,19.23,1
2024-06-17,Downtown,80.09,4
2024-06-11,Downtown,88.09,4
2024-06-26,Downtown,74.36,3
2024-06-17,Downtown,59.72,3
2024-06-26,Downtown,25.41,1
2024-06-07,Downtown,49.97,2
2024-06-11,Downtown,62.18,3
2024-06-01,Downtown,76.14,4
2024-06-20,Downtown,21.97,1
2024-06-28,Downtown,43.13,2
2024-06-09,Downtown,76.38,4
2024-06-19,Downtown,96.68,4
2024-06-15,Downtown,46.07,2
2024-06-23,Downtown,47.15,2
2024-06-11,Downtown,69.48,3
2024-06-04,Downtown,22.36,1
2024-06-23,Downtown,68.99,3
2024-06-18,Downtown,20.81,1
2024-06-27,Downtown,22.12,1
2024-06-27,Harbour,47.75,2
2024-06-11,Harbour,61.07,3
2024-06-10,Harbour,39.20,2
2024-06-06,Harbour,81.85,4
2024-06-05,Harbour,97.21,4
2024-06-06,Harbour,44.13,2
2024-06-15,Harbour,99.33,4
2024-06-16,Harbour,36.24,2
2024-06-01,Harbour,36.80,2
2024-06-12,Harbour,40.80,2
2024-06-28,Harbour,95.74,4
2024-06-15,Harbour,40.16,2
2024-06-17,Harbour,23.19,1
2024-06-25,Harbour,69.89,3
2024-06-01,Harbour,57.81,3
2024-06-10,Harbour,24.20,1
2024-06-16,Harbour,81.93,4
2024-06-09,Harbour,22.04,1
2024-06-09,Harbour,43.15,2
2024-06-01,Harbour,56.35,3
2024-06-08,Harbour,51.43,2
2024-06-28,Harbour,76.25,4
2024-06-05,Harbour,23.17,1
2024-06-23,Harbour,68.39,3
2024-06-04,Harbour,51.45,2
2024-06-25,Airport,48.81,2
2024-06-02,Airport,39.89,2
2024-06-05,Airport,18.69,1
2024-06-07,Airport,89.35,4
2024-06-13,Airport,19.48,1
2024-06-05,Airport,61.99,3
2024-06-01,Airport,24.71,1
2024-06-06,Airport,77.06,3
2024-06-12,Airport,97.90,4
2024-06-06,Airport,48.23,2
2024-06-22,Airport,19.77,1
2024-06-15,Airport,46.35,2
2024-06-09,Airport,20.80,1
2024-06-26,Airport,22.36,1
2024-06-23,Airport,20.59,1
2024-06-25,Airport,74.15,4
2024-06-23,Airport,104.00,4
2024-06-03,Airport,60.37,3
2024-06-15,Mall (closed),20.46,1
2024-06-04,Mall (closed),73.79,3
2024-06-21,Mall (closed),71.94,3
2024-06-05,Mall (closed),20.19,1
2024-06-27,Mall (closed),44.39,2
2024-06-24,Mall (closed),86.77,4
2024-06-14,Mall (closed),36.53,2
2024-06-27,Mall (closed),25.24,1
2024-06-23,Mall (closed),40.18,2
2024-06-13,Mall (closed),66.63,3
2024-06-28,Mall (closed),74.10,3
2024-06-18,Mall (closed),19.41,1
2024-06-19,Mall (closed),22.37,1
2024-06-21,Mall (closed),74.69,4
2024-06-18,Mall (closed),48.24,2
2024-06-17,Mall (closed),62.84,3
2024-06-11,Mall (closed),75.08,3
2024-06-13,Mall (closed),25.17,1
2024-06-07,Mall (closed),93.43,4
2024-06-11,Mall (closed),50.57,2
2024-07-26,Downtown,77.00,4
2024-07-02,Downtown,37.13,2
2024-07-27,Downtown,48.50,2
2024-07-23,Downtown,37.14,2
2024-07-17,Downtown,23.30,1
2024-07-25,Downtown,25.62,1
2024-07-12,Downtown,20.81,1
2024-07-07,Downtown,70.32,3
2024-07-05,Downtown,25.84,1
2024-07-04,Downtown,58.34,3
2024-07-07,Downtown,47.44,2
2024-07-15,Downtown,94.56,4
2024-07-07,Downtown,90.21,4
2024-07-28,Downtown,54.24,3
2024-07-12,Downtown,40.80,2
2024-07-05,Downtown,22.72,1
2024-07-11,Downtown,18.33,1
2024-07-17,Downtown,73.48,3
2024-07-27,Downtown,101.24,4
2024-07-08,Downtown,76.50,3
2024-07-14,Downtown,69.99,3
2024-07-24,Downtown,40.35,2
2024-07-09,Downtown,80.07,4
2024-07-09,Downtown,49.86,2
2024-07-22,Downtown,24.87,1
2024-07-15,Downtown,77.61,3
2024-07-07,Downtown,63.51,3
2024-07-18,Downtown,45.19,2
2024-07-02,Downtown,83.51,4
2024-07-14,Downtown,66.61,3
2024-07-07,Harbour,103.14,4
2024-07-13,Harbour,65.64,3
2024-07-18,Harbour,47.29,2
2024-07-04,Harbour,23.35,1
2024-07-16,Harbour,19.27,1
2024-07-07,Harbour,22.23,1
2024-07-09,Harbour,67.41,3
2024-07-23,Harbour,18.11,1
2024-07-20,Harbour,50.69,2
2024-07-02,Harbour,75.15,4
2024-07-11,Harbour,60.44,3
2024-07-27,Harbour,92.31,4
2024-07-11,Harbour,39.54,2
2024-07-03,Harbour,22.81,1
2024-07-19,Harbour,83.82,4
2024-07-08,Harbour,39.68,2
2024-07-13,Harbour,19.97,1
2024-07-27,Harbour,42.51,2
2024-07-25,Harbour,95.54,4
2024-07-24,Harbour,25.23,1
2024-07-12,Harbour,49.58,2
2024-07-07,Harbour,90.69,4
2024-07-19,Harbour,38.99,2
2024-07-22,Harbour,47.93,2
2024-07-04,Harbour,47.02,2
2024-07-09,Airport,75.17,4
2024-07-12,Airport,19.55,1
2024-07-18,Airport,55.13,3
2024-07-24,Airport,39.10,2
2024-07-09,Airport,25.66,1
2024-07-02,Airport,51.28,2
2024-07-12,Airport,23.56,1
2024-07-03,Airport,86.14,4
2024-07-21,Airport,65.62,3
2024-07-09,Airport,18.15,1
2024-07-20,Airport,94.84,4
2024-07-14,Airport,64.35,3
2024-07-14,Airport,89.01,4
2024-07-25,Airport,84.67,4
2024-07-02,Airport,68.10,3
2024-07-08,Airport,56.39,3
2024-07-26,Airport,36.34,2
2024-07-04,Airport,23.13,1
2024-07-18,Mall (closed),46.50,2
2024-07-12,Mall (closed),24.20,1
2024-07-08,Mall (closed),74.64,3
2024-07-25,Mall (closed),74.99,4
2024-07-02,Mall (closed),59.72,3
2024-07-21,Mall (closed),72.47,4
2024-07-24,Mall (closed),25.13,1
2024-07-05,Mall (closed),78.81,4
2024-07-16,Mall (closed),77.23,4
2024-07-05,Mall (closed),99.86,4
2024-07-07,Mall (closed),19.74,1
2024-07-09,Mall (closed),45.73,2
2024-07-10,Mall (closed),78.27,4
2024-07-05,Mall (closed),87.82,4
2024-07-13,Mall (closed),99.89,4
2024-07-22,Mall (closed),90.65,4
2024-07-06,Mall (closed),37.97,2
2024-07-21,Mall (closed),49.72,2
2024-07-03,Mall (closed),60.09,3
2024-07-03,Mall (closed),21.60,1
2024-08-09,Downtown,25.61,1
2024-08-11,Downtown,44.02,2
2024-08-13,Downtown,66.09,3
2024-08-27,Downtown,76.77,3
2024-08-16,Downtown,56.18,3
2024-08-28,Downtown,25.06,1
2024-08-19,Downtown,62.59,3
2024-08-01,Downtown,76.96,3
2024-08-15,Downtown,20.71,1
2024-08-24,Downtown,97.51,4
2024-08-08,Downtown,19.07,1
2024-08-23,Downtown,48.83,2
2024-08-18,Downtown,74.46,4
2024-08-23,Downtown,101.66,4
2024-08-28,Downtown,42.43,2
2024-08-04,Downtown,25.30,1
2024-08-25,Downtown,61.67,3
2024-08-10,Downtown,102.90,4
2024-08-11,Downtown,77.49,4
2024-08-08,Downtown,48.97,2
2024-08-09,Downtown,22.79,1
2024-08-22,Downtown,77.21,4
2024-08-25,Downtown,37.65,2
2024-08-04,Downtown,49.69,2
2024-08-22,Downtown,77.30,3
2024-08-27,Downtown,19.18,1
2024-08-10,Downtown,88.11,4
2024-08-03,Downtown,84.45,4
2024-08-21,Downtown,50.76,2
2024-08-19,Downtown,24.11,1
2024-08-02,Harbour,37.64,2
2024-08-13,Harbour,43.81,2
2024-08-01,Harbour,81.17,4
2024-08-20,Harbour,74.48,3
2024-08-21,Harbour,90.61,4
2024-08-12,Harbour,22.57,1
2024-08-01,Harbour,19.04,1
2024-08-02,Harbour,75.08,3
2024-08-25,Harbour,42.44,2
2024-08-08,Harbour,18.39,1
2024-08-02,Harbour,87.23,4
2024-08-22,Harbour,25.76,1
2024-08-16,Harbour,24.67,1
2024-08-04,Harbour,39.35,2
2024-08-28,Harbour,67.05,3
2024-08-12,Harbour,63.37,3
2024-08-08,Harbour,87.82,4
2024-08-14,Harbour,57.26,3
2024-08-28,Harbour,55.64,3
2024-08-02,Harbour,23.71,1
2024-08-01,Harbour,94.01,4
2024-08-07,Harbour,43.99,2
2024-08-26,Harbour,20.35,1
2024-08-27,Harbour,56.14,3
2024-08-10,Harbour,24.73,1
2024-08-09,Airport,24.16,1
2024-08-07,Airport,22.84,1
2024-08-21,Airport,56.19,3
2024-08-10,Airport,76.78,3
2024-08-01,Airport,58.63,3
2024-08-02,Airport,51.85,2
2024-08-07,Airport,50.01,2
2024-08-01,Airport,50.12,2
2024-08-11,Airport,54.78,3
2024-08-09,Airport,59.47,3
2024-08-14,Airport,20.10,1
2024-08-16,Airport,76.01,4
2024-08-07,Airport,90.59,4
2024-08-28,Airport,74.27,4
2024-08-07,Airport,18.96,1
2024-08-06,Airport,67.68,3
2024-08-21,Airport,20.19,1
2024-08-20,Airport,21.38,1
2024-08-09,Mall (closed),44.81,2
2024-08-13,Mall (closed),45.57,2
2024-08-23,Mall (closed),47.60,2
2024-08-09,Mall (closed),24.73,1
2024-08-09,Mall (closed),46.43,2
2024-08-25,Mall (closed),37.03,2
2024-08-19,Mall (closed),64.71,3
2024-08-08,Mall (closed),25.96,1
2024-08-26,Mall (closed),96.62,4
2024-08-27,Mall (closed),50.80,2
2024-08-26,Mall (closed),93.39,4
2024-08-01,Mall (closed),71.33,3
2024-08-23,Mall (closed),73.01,4
2024-08-24,Mall (closed),64.11,3
2024-08-04,Mall (closed),88.38,4
2024-08-08,Mall (closed),20.07,1
2024-08-08,Mall (closed),73.48,3
2024-08-13,Mall (closed),39.52,2
2024-08-13,Mall (closed),41.37,2
2024-08-23,Mall (closed),74.89,3
2024-09-17,Downtown,82.79,4
2024-09-03,Downtown,74.08,3
2024-09-10,Downtown,57.71,3
2024-09-25,Downtown,22.27,1
2024-09-17,Downtown,37.92,2
2024-09-24,Downtown,75.37,3
2024-09-18,Downtown,19.05,1
2024-09-09,Downtown,64.73,3
2024-09-15,Downtown,70.88,3
2024-09-05,Downtown,19.57,1
2024-09-20,Downtown,62.10,3
2024-09-09,Downtown,49.32,2
2024-09-28,Downtown,75.74,3
2024-09-20,Downtown,46.19,2
2024-09-04,Downtown,21.14,1
2024-09-03,Downtown,70.63,3
2024-09-15,Downtown,71.92,3
2024-09-02,Downtown,94.90,4
2024-09-19,Downtown,82.04,4
2024-09-12,Downtown,24.43,1
2024-09-24,Downtown,61.50,3
2024-09-20,Downtown,38.33,2
2024-09-02,Downtown,62.59,3
2024-09-01,Downtown,68.06,3
2024-09-18,Downtown,60.93,3
2024-09-10,Downtown,56.72,3
2024-09-10,Downtown,74.04,4
2024-09-17,Downtown,45.30,2
2024-09-04,Downtown,20.29,1
2024-09-11,Downtown,101.65,4
2024-09-14,Harbour,46.60,2
2024-09-10,Harbour,71.02,3
2024-09-06,Harbour,45.66,2
2024-09-23,Harbour,40.02,2
2024-09-17,Harbour,39.39,2
2024-09-22,Harbour,86.32,4
2024-09-22,Harbour,37.70,2
2024-09-08,Harbour,20.02,1
2024-09-22,Harbour,70.60,3
2024-09-11,Harbour,81.25,4
2024-09-03,Harbour,38.86,2
2024-09-01,Harbour,58.20,3
2024-09-06,Harbour,58.90,3
2024-09-13,Harbour,18.88,1
2024-09-14,Harbour,24.90,1
2024-09-12,Harbour,68.15,3
2024-09-21,Harbour,66.67,3
2024-09-20,Harbour,57.81,3
2024-09-02,Harbour,67.48,3
2024-09-08,Harbour,72.50,4
2024-09-28,Harbour,24.06,1
2024-09-10,Harbour,50.46,2
2024-09-06,Harbour,60.99,3
2024-09-19,Harbour,22.14,1
2024-09-11,Harbour,69.74,3
2024-09-14,Airport,56.62,3
2024-09-17,Airport,73.74,4
2024-09-16,Airport,24.56,1
2024-09-15,Airport,20.09,1
2024-09-07,Airport,48.46,2
2024-09-17,Airport,24.12,1
2024-09-11,Airport,19.09,1
2024-09-02,Airport,42.71,2
2024-09-05,Airport,77.96,3
2024-09-24,Airport,73.33,4
2024-09-23,Airport,56.57,3
2024-09-26,Airport,72.22,3
2024-09-15,Airport,23.87,1
2024-09-13,Airport,66.45,3
2024-09-02,Airport,76.46,3
2024-09-20,Airport,39.62,2
2024-09-07,Airport,40.63,2
2024-09-28,Airport,96.70,4
2024-09-20,Mall (closed),92.97,4
2024-09-25,Mall (closed),21.95,1
2024-09-07,Mall (closed),38.35,2
2024-09-02,Mall (closed),24.22,1
2024-09-25,Mall (closed),74.37,3
2024-09-05,Mall (closed),20.57,1
2024-09-07,Mall (closed),21.93,1
2024-09-19,Mall (closed),19.44,1
2024-09-26,Mall (closed),39.43,2
2024-09-25,Mall (closed),51.19,2
2024-09-19,Mall (closed),70.16,3
2024-09-27,Mall (closed),100.42,4
2024-09-11,Mall (closed),98.09,4
2024-09-19,Mall (closed),41.92,2
2024-09-20,Mall (closed),99.68,4
2024-09-22,Mall (closed),47.31,2
2024-09-10,Mall (closed),24.17,1
2024-09-07,Mall (closed),25.15,1
2024-09-10,Mall (closed),25.72,1
2024-09-07,Mall (closed),55.95,3
2024-10-09,Downtown,65.35,3
2024-10-18,Downtown,67.91,3
2024-10-24,Downtown,72.84,3
2024-10-16,Downtown,39.94,2
2024-10-12,Downtown,90.11,4
2024-10-26,Downtown,84.36,4
2024-10-13,Downtown,42.53,2
2024-10-27,Downtown,40.69,2
2024-10-22,Downtown,74.13,3
2024-10-06,Downtown,23.41,1
2024-10-23,Downtown,68.93,3
2024-10-19,Downtown,50.93,2
2024-10-24,Downtown,73.84,3
2024-10-17,Downtown,19.90,1
2024-10-06,Downtown,43.17,2
2024-10-02,Downtown,49.87,2
2024-10-09,Downtown,83.17,4
2024-10-11,Downtown,20.61,1
2024-10-07,Downtown,75.34,3
2024-10-01,Downtown,42.81,2
2024-10-27,Downtown,82.29,4
2024-10-01,Downtown,59.61,3
2024-10-21,Downtown,54.65,3
2024-10-15,Downtown,18.90,1
2024-10-11,Downtown,20.24,1
2024-10-05,Downtown,96.72,4
2024-10-07,Downtown,72.46,3
2024-10-23,Downtown,36.84,2
2024-10-19,Downtown,19.29,1
2024-10-15,Downtown,36.90,2
2024-10-15,Harbour,20.54,1
2024-10-05,Harbour,90.29,4
2024-10-23,Harbour,21.43,1
2024-10-23,Harbour,99.42,4
2024-10-28,Harbour,101.33,4
2024-10-15,Harbour,57.10,3
2024-10-04,Harbour,39.38,2
2024-10-12,Harbour,43.83,2
2024-10-06,Harbour,87.51,4
2024-10-27,Harbour,21.06,1
2024-10-07,Harbour,67.82,3
2024-10-20,Harbour,92.58,4
2024-10-24,Harbour,76.92,3
2024-10-20,Harbour,76.15,3
2024-10-01,Harbour,71.13,3
2024-10-24,Harbour,67.08,3
2024-10-15,Harbour,103.21,4
2024-10-17,Harbour,43.32,2
2024-10-02,Harbour,22.17,1
2024-10-13,Harbour,21.39,1
2024-10-06,Harbour,43.43,2
2024-10-20,Harbour,89.23,4
2024-10-26,Harbour,84.85,4
2024-10-06,Harbour,60.74,3
2024-10-17,Harbour,79.92,4
2024-10-27,Airport,25.60,1
2024-10-27,Airport,19.32,1
2024-10-15,Airport,75.35,4
2024-10-07,Airport,75.32,4
2024-10-08,Airport,25.00,1
2024-10-25,Airport,23.06,1
2024-10-16,Airport,64.65,3
2024-10-02,Airport,96.07,4
2024-10-05,Airport,69.36,3
2024-10-10,Airport,21.59,1
2024-10-14,Airport,25.98,1
2024-10-26,Airport,57.86,3
2024-10-22,Airport,61.02,3
2024-10-04,Airport,92.20,4
2024-10-03,Airport,18.60,1
2024-10-05,Airport,23.70,1
2024-10-06,Airport,60.89,3
2024-10-14,Airport,49.64,2
2024-10-18,Mall (closed),49.63,2
2024-10-27,Mall (closed),51.44,2
2024-10-26,Mall (closed),43.49,2
2024-10-24,Mall (closed),76.75,4
2024-10-21,Mall (closed),70.34,3
2024-10-19,Mall (closed),41.47,2
2024-10-26,Mall (closed),95.18,4
2024-10-23,Mall (closed),73.51,3
2024-10-15,Mall (closed),81.95,4
2024-10-03,Mall (closed),37.02,2
2024-10-14,Mall (closed),25.59,1
2024-10-22,Mall (closed),74.47,3
2024-10-26,Mall (closed),77.18,4
2024-10-01,Mall (closed),77.15,3
2024-10-09,Mall (closed),46.91,2
2024-10-04,Mall (closed),37.75,2
2024-10-24,Mall (closed),64.89,3
2024-10-27,Mall (closed),38.75,2
2024-10-28,Mall (closed),91.99,4
2024-10-06,Mall (closed),22.68,1
2024-11-19,Downtown,41.18,2
2024-11-21,Downtown,80.15,4
2024-11-24,Downtown,24.55,1
2024-11-27,Downtown,70.43,3
2024-11-01,Downtown,21.96,1
2024-11-17,Downtown,21.80,1
2024-11-10,Downtown,78.67,4
2024-11-09,Downtown,68.69,3
2024-11-16,Downtown,20.52,1
2024-11-14,Downtown,21.22,1
2024-11-06,Downtown,63.21,3
2024-11-11,Downtown,54.11,3
2024-11-04,Downtown,44.79,2
2024-11-28,Downtown,72.73,3
2024-11-24,Downtown,72.09,3
2024-11-28,Downtown,72.05,4
2024-11-20,Downtown,48.13,2
2024-11-02,Downtown,21.03,1
2024-11-06,Downtown,87.79,4
2024-11-24,Downtown,73.65,3
2024-11-28,Downtown,87.53,4
2024-11-03,Downtown,74.48,4
2024-11-09,Downtown,65.45,3
2024-11-21,Downtown,22.54,1
2024-11-13,Downtown,62.13,3
2024-11-01,Downtown,18.56,1
2024-11-27,Downtown,100.39,4
2024-11-24,Downtown,65.52,3
2024-11-23,Downtown,91.47,4
2024-11-27,Downtown,77.68,3
2024-11-11,Harbour,83.43,4
2024-11-03,Harbour,103.14,4
2024-11-28,Harbour,100.77,4
2024-11-22,Harbour,95.80,4
2024-11-23,Harbour,78.00,3
2024-11-09,Harbour,62.66,3
2024-11-21,Harbour,41.25,2
2024-11-12,Harbour,56.63,3
2024-11-15,Harbour,23.08,1
2024-11-11,Harbour,55.64,3
2024-11-02,Harbour,23.11,1
2024-11-12,Harbour,22.94,1
2024-11-01,Harbour,21.30,1
2024-11-09,Harbour,48.57,2
2024-11-13,Harbour,46.37,2
2024-11-04,Harbour,21.61,1
2024-11-06,Harbour,41.20,2
2024-11-10,Harbour,19.37,1
2024-11-15,Harbour,85.94,4
2024-11-01,Harbour,68.67,3
2024-11-25,Harbour,75.67,3
2024-11-23,Harbour,72.34,4
2024-11-07,Harbour,21.74,1
2024-11-03,Harbour,97.78,4
2024-11-12,Harbour,20.33,1
2024-11-07,Airport,95.67,4
2024-11-01,Airport,24.03,1
2024-11-24,Airport,43.56,2
2024-11-02,Airport,72.41,4
2024-11-14,Airport,71.54,3
2024-11-22,Airport,22.38,1
2024-11-09,Airport,49.86,2
2024-11-06,Airport,40.30,2
2024-11-26,Airport,85.14,4
2024-11-01,Airport,18.39,1
2024-11-01,Airport,24.95,1
2024-11-12,Airport,21.38,1
2024-11-27,Airport,49.07,2
2024-11-14,Airport,23.20,1
2024-11-18,Airport,49.90,2
2024-11-01,Airport,40.95,2
2024-11-22,Airport,25.99,1
2024-11-22,Airport,103.82,4
2024-11-24,Mall (closed),19.40,1
2024-11-23,Mall (closed),50.82,2
2024-11-22,Mall (closed),99.14,4
2024-11-01,Mall (closed),19.65,1
2024-11-15,Mall (closed),82.92,4
2024-11-02,Mall (closed),21.57,1
2024-11-21,Mall (closed),24.15,1
2024-11-02,Mall (closed),19.61,1
2024-11-28,Mall (closed),84.36,4
2024-11-13,Mall (closed),96.50,4
2024-11-21,Mall (closed),39.91,2
2024-11-19,Mall (closed),18.34,1
2024-11-08,Mall (closed),25.04,1
2024-11-27,Mall (closed),47.55,2
2024-11-08,Mall (closed),73.15,3
2024-11-25,Mall (closed),75.89,3
2024-11-16,Mall (closed),38.53,2
2024-11-24,Mall (closed),47.32,2
2024-11-26,Mall (closed),68.88,3
2024-11-04,Mall (closed),18.07,1
2024-12-15,Downtown,74.09,3
2024-12-10,Downtown,72.30,3
2024-12-20,Downtown,55.48,3
2024-12-20,Downtown,20.18,1
2024-12-07,Downtown,66.39,3
2024-12-18,Downtown,93.76,4
2024-12-14,Downtown,18.08,1
2024-12-16,Downtown,19.51,1
2024-12-18,Downtown,19.90,1
2024-12-20,Downtown,74.05,3
2024-12-15,Downtown,23.36,1
2024-12-03,Downtown,18.06,1
2024-12-19,Downtown,18.45,1
2024-12-07,Downtown,56.04,3
2024-12-23,Downtown,23.14,1
2024-12-13,Downtown,77.45,4
2024-12-13,Downtown,68.02,3
2024-12-16,Downtown,25.82,1
2024-12-19,Downtown,22.87,1
2024-12-16,Downtown,25.78,1
2024-12-11,Downtown,99.78,4
2024-12-12,Downtown,20.71,1
2024-12-13,Downtown,24.97,1
2024-12-11,Downtown,42.81,2
2024-12-09,Downtown,41.52,2
2024-12-20,Downtown,40.67,2
2024-12-10,Downtown,21.50,1
2024-12-13,Downtown,87.74,4
2024-12-07,Downtown,77.14,3
2024-12-08,Downtown,97.89,4
2024-12-22,Harbour,38.36,2
2024-12-17,Harbour,44.47,2
2024-12-21,Harbour,90.56,4
2024-12-05,Harbour,25.27,1
2024-12-14,Harbour,83.91,4
2024-12-22,Harbour,65.20,3
2024-12-13,Harbour,74.93,4
2024-12-10,Harbour,18.25,1
2024-12-10,Harbour,36.81,2
2024-12-06,Harbour,94.53,4
2024-12-04,Harbour,65.69,3
2024-12-09,Harbour,55.56,3
2024-12-05,Harbour,44.22,2
2024-12-09,Harbour,58.22,3
2024-12-01,Harbour,38.40,2
2024-12-18,Harbour,101.97,4
2024-12-05,Harbour,62.71,3
2024-12-05,Harbour,25.11,1
2024-12-24,Harbour,39.96,2
2024-12-11,Harbour,25.23,1
2024-12-06,Harbour,98.28,4
2024-12-09,Harbour,63.76,3
2024-12-17,Harbour,36.87,2
2024-12-24,Harbour,24.02,1
2024-12-25,Harbour,24.88,1
2024-12-04,Airport,64.58,3
2024-12-23,Airport,70.78,3
2024-12-23,Airport,60.42,3
2024-12-19,Airport,103.67,4
2024-12-12,Airport,20.11,1
2024-12-23,Airport,61.92,3
2024-12-04,Airport,57.62,3
2024-12-18,Airport,47.41,2
2024-12-16,Airport,76.72,3
2024-12-22,Airport,19.80,1
2024-12-19,Airport,85.52,4
2024-12-07,Airport,40.06,2
2024-12-04,Airport,25.64,1
2024-12-02,Airport,45.34,2
2024-12-05,Airport,40.53,2
2024-12-16,Airport,39.85,2
2024-12-24,Airport,72.85,3
2024-12-24,Airport,70.61,3
2024-12-14,Mall (closed),48.96,2
2024-12-05,Mall (closed),102.96,4
2024-12-28,Mall (closed),62.49,3
2024-12-17,Mall (closed),66.33,3
2024-12-15,Mall (closed),37.92,2
2024-12-03,Mall (closed),72.72,3
2024-12-08,Mall (closed),45.18,2
2024-12-12,Mall (closed),70.44,3
2024-12-17,Mall (closed),45.64,2
2024-12-25,Mall (closed),76.43,4
2024-12-18,Mall (closed),69.76,3
2024-12-05,Mall (closed),49.06,2
2024-12-26,Mall (closed),56.60,3
2024-12-15,Mall (closed),77.86,4
2024-12-01,Mall (closed),86.85,4
2024-12-13,Mall (closed),51.73,2
2024-12-24,Mall (closed),77.10,3
2024-12-08,Mall (closed),19.49,1
2024-12-09,Mall (closed),18.46,1
2024-12-23,Mall (closed),75.54,4
2025-01-28,Downtown,57.52,3
2025-01-05,Downtown,25.15,1
2025-01-19,Downtown,19.62,1
2025-01-14,Downtown,19.48,1
2025-01-15,Downtown,87.19,4
2025-01-20,Downtown,19.78,1
2025-01-08,Downtown,51.70,2
2025-01-03,Downtown,84.83,4
2025-01-27,Downtown,22.12,1
2025-01-07,Downtown,50.64,2
2025-01-03,Downtown,87.53,4
2025-01-22,Downtown,23.42,1
2025-01-26,Downtown,25.91,1
2025-01-07,Downtown,40.09,2
2025-01-26,Downtown,83.46,4
2025-01-11,Downtown,56.86,3
2025-01-19,Downtown,70.21,3
2025-01-28,Downtown,75.27,4
2025-01-12,Downtown,18.70,1
2025-01-08,Downtown,92.57,4
2025-01-24,Downtown,50.43,2
2025-01-11,Downtown,21.13,1
2025-01-15,Downtown,71.12,3
2025-01-06,Downtown,64.09,3
2025-01-09,Downtown,39.40,2
2025-01-05,Downtown,59.87,3
2025-01-21,Downtown,61.00,3
2025-01-10,Downtown,77.34,3
2025-01-16,Downtown,19.11,1
2025-01-07,Downtown,47.14,2
2025-01-16,Harbour,21.97,1
2025-01-28,Harbour,87.29,4
2025-01-02,Harbour,44.03,2
2025-01-05,Harbour,70.06,3
2025-01-26,Harbour,48.71,2
2025-01-14,Harbour,39.68,2
2025-01-18,Harbour,42.04,2
2025-01-11,Harbour,23.14,1
2025-01-21,Harbour,23.80,1
2025-01-27,Harbour,36.32,2
2025-01-04,Harbour,25.28,1
2025-01-26,Harbour,62.05,3
2025-01-13,Harbour,49.32,2
2025-01-24,Harbour,60.62,3
2025-01-17,Harbour,72.59,4
2025-01-06,Harbour,61.15,3
2025-01-03,Harbour,24.46,1
2025-01-21,Harbour,71.47,3
2025-01-13,Harbour,43.52,2
2025-01-06,Harbour,57.50,3
2025-01-26,Harbour,61.71,3
2025-01-20,Harbour,54.36,3
2025-01-10,Harbour,100.37,4
2025-01-12,Harbour,102.22,4
2025-01-04,Harbour,38.78,2
2025-01-19,Airport,23.20,1
2025-01-21,Airport,61.77,3
2025-01-01,Airport,93.67,4
2025-01-27,Airport,70.76,3
2025-01-19,Airport,23.09,1
2025-01-15,Airport,98.48,4
2025-01-25,Airport,75.36,4
2025-01-08,Airport,40.82,2
2025-01-16,Airport,69.21,3
2025-01-22,Airport,54.90,3
2025-01-09,Airport,86.69,4
2025-01-16,Airport,49.36,2
2025-01-26,Airport,38.09,2
2025-01-21,Airport,36.01,2
2025-01-06,Airport,44.61,2
2025-01-08,Airport,56.68,3
2025-01-02,Airport,55.85,3
2025-01-10,Airport,43.94,2
2025-01-16,Uptown (new),84.18,4
2025-01-25,Uptown (new),25.23,1
2025-01-09,Uptown (new),41.55,2
2025-01-05,Uptown (new),75.13,3
2025-01-02,Uptown (new),20.02,1
2025-01-04,Uptown (new),98.35,4
2025-01-09,Uptown (new),25.34,1
2025-01-16,Uptown (new),67.74,3
2025-01-04,Uptown (new),18.54,1
2025-01-08,Uptown (new),47.20,2
2025-01-17,Uptown (new),19.68,1
2025-01-23,Uptown (new),20.13,1
2025-01-28,Uptown (new),99.60,4
2025-01-27,Uptown (new),51.70,2
2025-01-04,Uptown (new),39.69,2
2025-01-23,Uptown (new),76.68,4
2025-01-08,Uptown (new),80.04,4
2025-01-08,Uptown (new),73.99,3
2025-01-06,Uptown (new),39.07,2
2025-01-10,Uptown (new),46.97,2
2025-01-04,Uptown (new),21.13,1
2025-01-23,Uptown (new),96.60,4
2025-01-17,Uptown (new),60.69,3
2025-01-23,Uptown (new),79.62,4
2025-01-13,Uptown (new),95.72,4
2025-01-18,Uptown (new),84.44,4
2025-01-02,Uptown (new),25.21,1
2025-01-08,Uptown (new),23.02,1
2025-01-23,Uptown (new),48.73,2
2025-01-23,Uptown (new),38.69,2
2025-01-26,Uptown (new),82.99,4
2025-01-25,Uptown (new),45.25,2
2025-01-18,Uptown (new),69.62,3
2025-01-23,Uptown (new),66.14,3
2025-01-01,Uptown (new),22.19,1
2025-01-09,Uptown (new),18.21,1
2025-01-16,Uptown (new),87.27,4
2025-01-13,Uptown (new),90.91,4
2025-01-23,Uptown (new),82.85,4
2025-01-09,Uptown (new),89.02,4
2025-01-13,Uptown (new),42.58,2
2025-01-03,Uptown (new),42.39,2
2025-01-09,Uptown (new),58.38,3
2025-01-27,Uptown (new),62.21,3
2025-01-13,Uptown (new),22.82,1
2025-01-23,Uptown (new),73.53,4
2025-01-12,Uptown (new),19.14,1
2025-01-21,Uptown (new),51.17,2
2025-01-18,Uptown (new),60.13,3
2025-01-17,Uptown (new),57.88,3
2025-01-09,Uptown (new),46.73,2
2025-01-06,Uptown (new),49.22,2
2025-01-02,Uptown (new),25.71,1
2025-01-16,Uptown (new),19.62,1
2025-01-12,Uptown (new),94.17,4
2025-01-27,Uptown (new),22.43,1
2025-01-05,Uptown (new),96.97,4
2025-01-24,Uptown (new),94.15,4
2025-01-03,Uptown (new),24.25,1
2025-01-27,Uptown (new),47.03,2
2025-02-16,Downtown,59.27,3
2025-02-13,Downtown,93.04,4
2025-02-05,Downtown,39.11,2
2025-02-24,Downtown,50.48,2
2025-02-01,Downtown,25.46,1
2025-02-17,Downtown,48.68,2
2025-02-05,Downtown,90.10,4
2025-02-17,Downtown,74.19,3
2025-02-22,Downtown,80.12,4
2025-02-24,Downtown,96.19,4
2025-02-08,Downtown,54.20,3
2025-02-13,Downtown,21.11,1
2025-02-26,Downtown,49.24,2
2025-02-01,Downtown,58.90,3
2025-02-16,Downtown,18.22,1
2025-02-27,Downtown,73.86,4
2025-02-18,Downtown,44.39,2
2025-02-21,Downtown,71.72,3
2025-02-16,Downtown,37.23,2
2025-02-17,Downtown,95.71,4
2025-02-28,Downtown,88.29,4
2025-02-14,Downtown,20.95,1
2025-02-13,Downtown,39.20,2
2025-02-14,Downtown,76.88,3
2025-02-20,Downtown,18.28,1
2025-02-14,Downtown,25.72,1
2025-02-17,Downtown,20.52,1
2025-02-09,Downtown,21.00,1
2025-02-06,Downtown,76.97,4
2025-02-17,Downtown,25.55,1
2025-02-27,Harbour,51.44,2
2025-02-20,Harbour,72.79,3
2025-02-14,Harbour,44.63,2
2025-02-02,Harbour,66.84,3
2025-02-14,Harbour,90.20,4
2025-02-21,Harbour,97.67,4
2025-02-25,Harbour,77.80,4
2025-02-17,Harbour,40.70,2
2025-02-24,Harbour,102.01,4
2025-02-24,Harbour,61.60,3
2025-02-16,Harbour,44.02,2
2025-02-01,Harbour,44.30,2
2025-02-09,Harbour,76.66,4
2025-02-18,Harbour,25.95,1
2025-02-16,Harbour,48.45,2
2025-02-18,Harbour,22.78,1
2025-02-18,Harbour,19.51,1
2025-02-11,Harbour,66.68,3
2025-02-19,Harbour,24.08,1
2025-02-10,Harbour,71.12,3
2025-02-28,Harbour,50.24,2
2025-02-28,Harbour,45.61,2
2025-02-16,Harbour,95.50,4
2025-02-28,Harbour,19.21,1
2025-02-03,Harbour,63.82,3
2025-02-19,Airport,55.09,3
2025-02-21,Airport,70.07,3
2025-02-09,Airport,101.05,4
2025-02-14,Airport,62.42,3
2025-02-21,Airport,18.39,1
2025-02-18,Airport,49.40,2
2025-02-11,Airport,21.98,1
2025-02-18,Airport,22.76,1
2025-02-26,Airport,51.40,2
2025-02-01,Airport,74.29,3
2025-02-16,Airport,80.22,4
2025-02-23,Airport,84.69,4
2025-02-10,Airport,54.29,3
2025-02-28,Airport,19.73,1
2025-02-10,Airport,92.80,4
2025-02-27,Airport,72.29,4
2025-02-06,Airport,99.38,4
2025-02-22,Airport,20.84,1
2025-02-02,Uptown (new),47.29,2
2025-02-24,Uptown (new),81.33,4
2025-02-07,Uptown (new),48.86,2
2025-02-15,Uptown (new),19.04,1
2025-02-22,Uptown (new),76.19,4
2025-02-18,Uptown (new),23.13,1
2025-02-04,Uptown (new),98.49,4
2025-02-11,Uptown (new),74.86,4
2025-02-07,Uptown (new),25.49,1
2025-02-23,Uptown (new),19.50,1
2025-02-24,Uptown (new),49.57,2
2025-02-14,Uptown (new),86.03,4
2025-02-02,Uptown (new),23.19,1
2025-02-17,Uptown (new),19.17,1
2025-02-04,Uptown (new),54.26,3
2025-02-03,Uptown (new),79.13,4
2025-02-26,Uptown (new),90.16,4
2025-02-24,Uptown (new),74.66,4
2025-02-07,Uptown (new),21.31,1
2025-02-15,Uptown (new),59.56,3
2025-02-24,Uptown (new),18.37,1
2025-02-20,Uptown (new),25.85,1
2025-02-28,Uptown (new),18.62,1
2025-02-12,Uptown (new),59.03,3
2025-02-14,Uptown (new),100.38,4
2025-02-17,Uptown (new),74.30,4
2025-02-14,Uptown (new),18.71,1
2025-02-02,Uptown (new),65.70,3
2025-02-04,Uptown (new),101.04,4
2025-02-19,Uptown (new),22.58,1
2025-02-16,Uptown (new),19.78,1
2025-02-14,Uptown (new),100.95,4
2025-02-05,Uptown (new),101.32,4
2025-02-05,Uptown (new),22.79,1
2025-02-09,Uptown (new),61.00,3
2025-02-27,Uptown (new),44.31,2
2025-02-03,Uptown (new),20.24,1
2025-02-15,Uptown (new),61.99,3
2025-02-13,Uptown (new),100.77,4
2025-02-05,Uptown (new),24.02,1
2025-02-06,Uptown (new),38.97,2
2025-02-12,Uptown (new),36.53,2
2025-02-23,Uptown (new),44.27,2
2025-02-14,Uptown (new),37.68,2
2025-02-10,Uptown (new),98.61,4
2025-02-08,Uptown (new),86.87,4
2025-02-06,Uptown (new),72.16,4
2025-02-08,Uptown (new),67.08,3
2025-02-11,Uptown (new),23.70,1
2025-02-26,Uptown (new),24.23,1
2025-02-18,Uptown (new),71.66,3
2025-02-07,Uptown (new),84.60,4
2025-02-23,Uptown (new),89.57,4
2025-02-15,Uptown (new),61.70,3
2025-02-01,Uptown (new),21.18,1
2025-02-05,Uptown (new),69.11,3
2025-02-15,Uptown (new),72.52,4
2025-02-23,Uptown (new),67.01,3
2025-02-26,Uptown (new),21.65,1
2025-02-27,Uptown (new),80.90,4
2025-03-01,Downtown,72.73,3
2025-03-16,Downtown,103.78,4
2025-03-23,Downtown,48.89,2
2025-03-25,Downtown,49.14,2
2025-03-28,Downtown,22.31,1
2025-03-11,Downtown,39.35,2
2025-03-28,Downtown,49.82,2
2025-03-12,Downtown,64.30,3
2025-03-15,Downtown,45.99,2
2025-03-08,Downtown,73.52,4
2025-03-22,Downtown,50.54,2
2025-03-06,Downtown,46.31,2
2025-03-10,Downtown,60.23,3
2025-03-17,Downtown,21.17,1
2025-03-16,Downtown,19.99,1
2025-03-05,Downtown,36.28,2
2025-03-03,Downtown,61.73,3
2025-03-18,Downtown,85.99,4
2025-03-14,Downtown,48.84,2
2025-03-15,Downtown,73.97,4
2025-03-06,Downtown,22.24,1
2025-03-05,Downtown,94.25,4
2025-03-17,Downtown,23.53,1
2025-03-04,Downtown,45.29,2
2025-03-03,Downtown,75.88,3
2025-03-27,Downtown,39.41,2
2025-03-22,Downtown,19.84,1
2025-03-04,Downtown,60.07,3
2025-03-02,Downtown,98.47,4
2025-03-01,Downtown,24.28,1
2025-03-15,Harbour,86.10,4
2025-03-02,Harbour,77.71,3
2025-03-13,Harbour,25.49,1
2025-03-24,Harbour,65.93,3
2025-03-16,Harbour,24.48,1
2025-03-12,Harbour,58.95,3
2025-03-12,Harbour,38.99,2
2025-03-17,Harbour,47.26,2
2025-03-24,Harbour,91.49,4
2025-03-07,Harbour,43.99,2
2025-03-25,Harbour,21.03,1
2025-03-07,Harbour,37.78,2
2025-03-12,Harbour,75.88,3
2025-03-02,Harbour,38.49,2
2025-03-26,Harbour,74.67,4
2025-03-14,Harbour,23.76,1
2025-03-27,Harbour,23.42,1
2025-03-08,Harbour,71.90,3
2025-03-06,Harbour,89.95,4
2025-03-01,Harbour,82.69,4
2025-03-20,Harbour,19.58,1
2025-03-05,Harbour,64.85,3
2025-03-21,Harbour,48.68,2
2025-03-25,Harbour,50.21,2
2025-03-13,Harbour,42.65,2
2025-03-20,Airport,74.95,3
2025-03-24,Airport,66.24,3
2025-03-09,Airport,19.01,1
2025-03-28,Airport,21.36,1
2025-03-19,Airport,96.26,4
2025-03-16,Airport,65.35,3
2025-03-06,Airport,76.76,4
2025-03-05,Airport,61.07,3
2025-03-13,Airport,87.37,4
2025-03-16,Airport,66.90,3
2025-03-28,Airport,22.84,1
2025-03-01,Airport,42.30,2
2025-03-20,Airport,46.73,2
2025-03-16,Airport,45.22,2
2025-03-04,Airport,46.06,2
2025-03-20,Airport,24.67,1
2025-03-17,Airport,41.63,2
2025-03-13,Airport,46.57,2
2025-03-04,Uptown (new),25.89,1
2025-03-10,Uptown (new),77.30,4
2025-03-07,Uptown (new),89.26,4
2025-03-11,Uptown (new),91.69,4
2025-03-13,Uptown (new),42.20,2
2025-03-01,Uptown (new),23.50,1
2025-03-23,Uptown (new),97.92,4
2025-03-11,Uptown (new),99.55,4
2025-03-04,Uptown (new),59.40,3
2025-03-20,Uptown (new),46.28,2
2025-03-17,Uptown (new),88.62,4
2025-03-18,Uptown (new),62.51,3
2025-03-08,Uptown (new),89.49,4
2025-03-01,Uptown (new),63.24,3
2025-03-10,Uptown (new),57.61,3
2025-03-02,Uptown (new),48.55,2
2025-03-12,Uptown (new),61.51,3
2025-03-05,Uptown (new),94.14,4
2025-03-15,Uptown (new),66.53,3
2025-03-01,Uptown (new),59.43,3
2025-03-27,Uptown (new),77.78,4
2025-03-28,Uptown (new),44.77,2
2025-03-02,Uptown (new),82.06,4
2025-03-11,Uptown (new),48.47,2
2025-03-08,Uptown (new),77.70,4
2025-03-05,Uptown (new),96.99,4
2025-03-26,Uptown (new),94.51,4
2025-03-14,Uptown (new),75.75,3
2025-03-05,Uptown (new),18.04,1
2025-03-24,Uptown (new),100.60,4
2025-03-18,Uptown (new),24.35,1
2025-03-05,Uptown (new),42.93,2
2025-03-13,Uptown (new),36.39,2
2025-03-19,Uptown (new),40.10,2
2025-03-06,Uptown (new),19.30,1
2025-03-20,Uptown (new),22.19,1
2025-03-15,Uptown (new),51.75,2
2025-03-14,Uptown (new),21.60,1
2025-03-18,Uptown (new),61.23,3
2025-03-18,Uptown (new),49.41,2
2025-03-15,Uptown (new),57.05,3
2025-03-24,Uptown (new),64.89,3
2025-03-18,Uptown (new),60.52,3
2025-03-21,Uptown (new),40.17,2
2025-03-25,Uptown (new),77.95,4
2025-03-17,Uptown (new),47.05,2
2025-03-14,Uptown (new),40.23,2
2025-03-15,Uptown (new),21.59,1
2025-03-11,Uptown (new),95.87,4
2025-03-07,Uptown (new),90.53,4
2025-03-28,Uptown (new),20.05,1
2025-03-04,Uptown (new),19.65,1
2025-03-07,Uptown (new),24.96,1
2025-03-02,Uptown (new),43.94,2
2025-03-14,Uptown (new),21.62,1
2025-03-25,Uptown (new),72.38,4
2025-03-14,Uptown (new),73.84,3
2025-03-06,Uptown (new),47.27,2
2025-03-14,Uptown (new),19.77,1
2025-03-12,Uptown (new),92.92,4
2025-04-02,Downtown,51.48,2
2025-04-24,Downtown,55.91,3
2025-04-03,Downtown,76.66,3
2025-04-03,Downtown,65.77,3
2025-04-21,Downtown,23.44,1
2025-04-18,Downtown,79.17,4
2025-04-03,Downtown,24.71,1
2025-04-01,Downtown,77.15,3
2025-04-24,Downtown,55.72,3
2025-04-13,Downtown,37.66,2
2025-04-10,Downtown,92.88,4
2025-04-06,Downtown,56.95,3
2025-04-23,Downtown,93.41,4
2025-04-20,Downtown,22.09,1
2025-04-07,Downtown,19.57,1
2025-04-17,Downtown,58.31,3
2025-04-21,Downtown,82.15,4
2025-04-20,Downtown,74.83,4
2025-04-28,Downtown,46.80,2
2025-04-22,Downtown,77.97,3
2025-04-27,Downtown,22.06,1
2025-04-27,Downtown,40.51,2
2025-04-17,Downtown,58.96,3
2025-04-18,Downtown,59.66,3
2025-04-01,Downtown,24.94,1
2025-04-19,Downtown,55.22,3
2025-04-11,Downtown,76.93,3
2025-04-08,Downtown,91.82,4
2025-04-24,Downtown,69.13,3
2025-04-04,Downtown,25.35,1
2025-04-27,Harbour,68.85,3
2025-04-14,Harbour,42.64,2
2025-04-27,Harbour,21.89,1
2025-04-04,Harbour,89.56,4
2025-04-25,Harbour,103.38,4
2025-04-13,Harbour,63.35,3
2025-04-05,Harbour,50.80,2
2025-04-17,Harbour,25.03,1
2025-04-22,Harbour,49.48,2
2025-04-09,Harbour,74.69,3
2025-04-14,Harbour,19.34,1
2025-04-17,Harbour,20.41,1
2025-04-01,Harbour,77.58,3
2025-04-06,Harbour,20.46,1
2025-04-26,Harbour,45.37,2
2025-04-18,Harbour,79.51,4
2025-04-17,Harbour,69.55,3
2025-04-22,Harbour,25.69,1
2025-04-11,Harbour,41.31,2
2025-04-13,Harbour,77.86,3
2025-04-15,Harbour,103.51,4
2025-04-24,Harbour,39.21,2
2025-04-12,Harbour,49.25,2
2025-04-13,Harbour,59.97,3
2025-04-28,Harbour,39.96,2
2025-04-05,Airport,51.59,2
2025-04-15,Airport,69.34,3
2025-04-05,Airport,99.49,4
2025-04-02,Airport,85.36,4
2025-04-10,Airport,23.69,1
2025-04-21,Airport,82.02,4
2025-04-15,Airport,72.67,4
2025-04-23,Airport,48.59,2
2025-04-16,Airport,25.33,1
2025-04-25,Airport,24.03,1
2025-04-22,Airport,38.11,2
2025-04-08,Airport,50.80,2
2025-04-21,Airport,46.93,2
2025-04-20,Airport,89.04,4
2025-04-10,Airport,50.85,2
2025-04-06,Airport,46.92,2
2025-04-20,Airport,21.80,1
2025-04-28,Airport,72.14,3
2025-04-05,Uptown (new),42.76,2
2025-04-17,Uptown (new),91.75,4
2025-04-11,Uptown (new),23.46,1
2025-04-22,Uptown (new),21.48,1
2025-04-11,Uptown (new),20.80,1
2025-04-11,Uptown (new),22.96,1
2025-04-23,Uptown (new),20.49,1
2025-04-01,Uptown (new),36.05,2
2025-04-04,Uptown (new),63.34,3
2025-04-22,Uptown (new),77.94,3
2025-04-09,Uptown (new),99.75,4
2025-04-02,Uptown (new),51.87,2
2025-04-09,Uptown (new),25.51,1
2025-04-21,Uptown (new),18.89,1
2025-04-26,Uptown (new),73.35,3
2025-04-05,Uptown (new),36.68,2
2025-04-10,Uptown (new),24.30,1
2025-04-13,Uptown (new),22.64,1
2025-04-02,Uptown (new),67.42,3
2025-04-14,Uptown (new),95.46,4
2025-04-04,Uptown (new),89.41,4
2025-04-27,Uptown (new),38.44,2
2025-04-21,Uptown (new),24.30,1
2025-04-15,Uptown (new),86.37,4
2025-04-10,Uptown (new),59.43,3
2025-04-28,Uptown (new),62.71,3
2025-04-10,Uptown (new),25.81,1
2025-04-25,Uptown (new),43.42,2
2025-04-14,Uptown (new),68.76,3
2025-04-08,Uptown (new),24.72,1
2025-04-22,Uptown (new),55.40,3
2025-04-19,Uptown (new),96.36,4
2025-04-18,Uptown (new),38.06,2
2025-04-28,Uptown (new),57.29,3
2025-04-07,Uptown (new),36.21,2
2025-04-15,Uptown (new),61.90,3
2025-04-24,Uptown (new),47.54,2
2025-04-01,Uptown (new),100.79,4
2025-04-27,Uptown (new),51.78,2
2025-04-06,Uptown (new),73.24,3
2025-04-07,Uptown (new),74.35,4
2025-04-20,Uptown (new),21.40,1
2025-04-20,Uptown (new),25.53,1
2025-04-25,Uptown (new),103.11,4
2025-04-12,Uptown (new),21.98,1
2025-04-23,Uptown (new),48.47,2
2025-04-04,Uptown (new),75.06,4
2025-04-03,Uptown (new),24.81,1
2025-04-26,Uptown (new),55.07,3
2025-04-23,Uptown (new),37.03,2
2025-04-06,Uptown (new),58.35,3
2025-04-24,Uptown (new),84.88,4
2025-04-15,Uptown (new),19.01,1
2025-04-11,Uptown (new),59.68,3
2025-04-15,Uptown (new),66.05,3
2025-04-05,Uptown (new),90.56,4
2025-04-12,Uptown (new),21.86,1
2025-04-23,Uptown (new),45.08,2
2025-04-28,Uptown (new),39.59,2
2025-04-22,Uptown (new),43.87,2
2025-05-21,Downtown,74.32,4
2025-05-23,Downtown,43.66,2
2025-05-22,Downtown,73.73,3
2025-05-01,Downtown,77.20,4
2025-05-16,Downtown,23.57,1
2025-05-19,Downtown,88.98,4
2025-05-05,Downtown,68.91,3
2025-05-06,Downtown,73.57,4
2025-05-18,Downtown,60.43,3
2025-05-17,Downtown,50.00,2
2025-05-11,Downtown,24.17,1
2025-05-14,Downtown,59.40,3
2025-05-26,Downtown,23.97,1
2025-05-20,Downtown,92.33,4
2025-05-07,Downtown,54.59,3
2025-05-05,Downtown,22.08,1
2025-05-03,Downtown,102.48,4
2025-05-09,Downtown,24.74,1
2025-05-24,Downtown,77.32,3
2025-05-04,Downtown,67.25,3
2025-05-12,Downtown,77.28,4
2025-05-17,Downtown,18.84,1
2025-05-03,Downtown,39.60,2
2025-05-11,Downtown,76.45,3
2025-05-03,Downtown,75.75,4
2025-05-13,Downtown,57.88,3
2025-05-06,Downtown,73.61,3
2025-05-27,Downtown,39.13,2
2025-05-25,Downtown,20.00,1
2025-05-18,Downtown,40.32,2
2025-05-01,Harbour,45.43,2
2025-05-11,Harbour,46.63,2
2025-05-06,Harbour,41.72,2
2025-05-14,Harbour,22.25,1
2025-05-17,Harbour,47.99,2
2025-05-02,Harbour,89.91,4
2025-05-03,Harbour,103.88,4
2025-05-02,Harbour,38.72,2
2025-05-16,Harbour,47.51,2
2025-05-06,Harbour,50.57,2
2025-05-22,Harbour,99.25,4
2025-05-15,Harbour,73.98,3
2025-05-09,Harbour,72.54,3
2025-05-06,Harbour,47.00,2
2025-05-15,Harbour,71.98,3
2025-05-05,Harbour,22.09,1
2025-05-07,Harbour,59.31,3
2025-05-07,Harbour,92.95,4
2025-05-15,Harbour,74.96,3
2025-05-16,Harbour,86.52,4
2025-05-15,Harbour,76.52,4
2025-05-10,Harbour,77.06,3
2025-05-04,Harbour,81.88,4
2025-05-19,Harbour,46.98,2
2025-05-21,Harbour,24.42,1
2025-05-07,Airport,92.58,4
2025-05-24,Airport,37.64,2
2025-05-18,Airport,51.87,2
2025-05-15,Airport,99.63,4
2025-05-19,Airport,70.55,3
2025-05-18,Airport,61.55,3
2025-05-23,Airport,43.34,2
2025-05-22,Airport,44.67,2
2025-05-05,Airport,24.92,1
2025-05-12,Airport,24.18,1
2025-05-09,Airport,56.50,3
2025-05-02,Airport,56.54,3
2025-05-11,Airport,25.98,1
2025-05-18,Airport,76.04,4
2025-05-26,Airport,22.16,1
2025-05-10,Airport,51.98,2
2025-05-11,Airport,46.65,2
2025-05-20,Airport,92.28,4
2025-05-18,Uptown (new),21.27,1
2025-05-24,Uptown (new),68.10,3
2025-05-23,Uptown (new),60.54,3
2025-05-05,Uptown (new),43.59,2
2025-05-15,Uptown (new),99.24,4
2025-05-27,Uptown (new),81.38,4
2025-05-16,Uptown (new),51.24,2
2025-05-25,Uptown (new),49.15,2
2025-05-27,Uptown (new),36.89,2
2025-05-14,Uptown (new),82.64,4
2025-05-13,Uptown (new),60.47,3
2025-05-27,Uptown (new),23.57,1
2025-05-17,Uptown (new),77.47,4
2025-05-12,Uptown (new),71.84,3
2025-05-25,Uptown (new),20.31,1
2025-05-11,Uptown (new),36.59,2
2025-05-15,Uptown (new),51.96,2
2025-05-10,Uptown (new),96.08,4
2025-05-13,Uptown (new),43.81,2
2025-05-14,Uptown (new),77.20,3
2025-05-13,Uptown (new),59.96,3
2025-05-19,Uptown (new),87.00,4
2025-05-07,Uptown (new),21.65,1
2025-05-02,Uptown (new),57.43,3
2025-05-19,Uptown (new),40.29,2
2025-05-14,Uptown (new),50.68,2
2025-05-21,Uptown (new),49.10,2
2025-05-04,Uptown (new),60.68,3
2025-05-28,Uptown (new),18.37,1
2025-05-12,Uptown (new),64.40,3
2025-05-09,Uptown (new),44.26,2
2025-05-11,Uptown (new),62.06,3
2025-05-24,Uptown (new),76.75,3
2025-05-14,Uptown (new),69.09,3
2025-05-13,Uptown (new),93.88,4
2025-05-14,Uptown (new),18.27,1
2025-05-03,Uptown (new),64.34,3
2025-05-18,Uptown (new),82.21,4
2025-05-22,Uptown (new),47.04,2
2025-05-10,Uptown (new),69.39,3
2025-05-03,Uptown (new),97.71,4
2025-05-12,Uptown (new),90.61,4
2025-05-03,Uptown (new),22.05,1
2025-05-24,Uptown (new),93.17,4
2025-05-24,Uptown (new),80.91,4
2025-05-01,Uptown (new),23.08,1
2025-05-06,Uptown (new),45.57,2
2025-05-19,Uptown (new),100.67,4
2025-05-19,Uptown (new),61.65,3
2025-05-19,Uptown (new),20.51,1
2025-05-13,Uptown (new),23.58,1
2025-05-15,Uptown (new),47.68,2
2025-05-05,Uptown (new),63.13,3
2025-05-26,Uptown (new),36.38,2
2025-05-23,Uptown (new),64.22,3
2025-05-24,Uptown (new),51.76,2
2025-05-13,Uptown (new),72.83,3
2025-05-13,Uptown (new),85.30,4
2025-05-20,Uptown (new),88.34,4
2025-05-06,Uptown (new),63.93,3
2025-06-24,Downtown,24.18,1
2025-06-25,Downtown,24.06,1
2025-06-02,Downtown,62.06,3
2025-06-24,Downtown,98.75,4
2025-06-07,Downtown,99.41,4
2025-06-09,Downtown,72.59,3
2025-06-09,Downtown,50.80,2
2025-06-12,Downtown,48.62,2
2025-06-11,Downtown,25.75,1
2025-06-11,Downtown,55.27,3
2025-06-22,Downtown,47.01,2
2025-06-05,Downtown,49.32,2
2025-06-21,Downtown,21.95,1
2025-06-13,Downtown,98.16,4
2025-06-16,Downtown,95.84,4
2025-06-23,Downtown,59.68,3
2025-06-10,Downtown,18.71,1
2025-06-05,Downtown,77.27,4
2025-06-05,Downtown,22.33,1
2025-06-23,Downtown,49.11,2
2025-06-21,Downtown,22.53,1
2025-06-22,Downtown,60.65,3
2025-06-16,Downtown,101.04,4
2025-06-26,Downtown,42.66,2
2025-06-14,Downtown,73.45,3
2025-06-15,Downtown,59.81,3
2025-06-27,Downtown,58.25,3
2025-06-19,Downtown,25.76,1
2025-06-09,Downtown,23.71,1
2025-06-05,Downtown,19.02,1
2025-06-05,Harbour,58.63,3
2025-06-06,Harbour,77.42,3
2025-06-27,Harbour,82.32,4
2025-06-28,Harbour,65.66,3
2025-06-23,Harbour,89.29,4
2025-06-28,Harbour,93.38,4
2025-06-17,Harbour,64.03,3
2025-06-22,Harbour,21.87,1
2025-06-25,Harbour,74.23,4
2025-06-24,Harbour,24.43,1
2025-06-26,Harbour,24.48,1
2025-06-21,Harbour,38.15,2
2025-06-13,Harbour,93.93,4
2025-06-07,Harbour,59.32,3
2025-06-15,Harbour,21.39,1
2025-06-05,Harbour,59.46,3
2025-06-02,Harbour,41.17,2
2025-06-02,Harbour,97.46,4
2025-06-09,Harbour,81.77,4
2025-06-16,Harbour,76.79,4
2025-06-26,Harbour,75.67,3
2025-06-14,Harbour,72.61,4
2025-06-11,Harbour,54.25,3
2025-06-04,Harbour,43.69,2
2025-06-07,Harbour,83.30,4
2025-06-15,Airport,40.92,2
2025-06-19,Airport,72.82,3
2025-06-16,Airport,42.73,2
2025-06-05,Airport,23.72,1
2025-06-04,Airport,47.80,2
2025-06-19,Airport,72.48,4
2025-06-15,Airport,25.48,1
2025-06-08,Airport,22.47,1
2025-06-02,Airport,66.12,3
2025-06-18,Airport,71.43,3
2025-06-14,Airport,51.93,2
2025-06-23,Airport,21.26,1
2025-06-24,Airport,78.07,4
2025-06-03,Airport,41.29,2
2025-06-23,Airport,88.25,4
2025-06-27,Airport,25.75,1
2025-06-12,Airport,71.21,3
2025-06-09,Airport,60.98,3
2025-06-19,Uptown (new),21.00,1
2025-06-18,Uptown (new),59.39,3
2025-06-26,Uptown (new),93.00,4
2025-06-14,Uptown (new),61.64,3
2025-06-05,Uptown (new),24.53,1
2025-06-06,Uptown (new),25.45,1
2025-06-25,Uptown (new),42.08,2
2025-06-22,Uptown (new),24.47,1
2025-06-23,Uptown (new),76.11,3
2025-06-25,Uptown (new),20.03,1
2025-06-21,Uptown (new),76.82,3
2025-06-23,Uptown (new),40.94,2
2025-06-25,Uptown (new),99.34,4
2025-06-03,Uptown (new),73.91,3
2025-06-18,Uptown (new),78.34,4
2025-06-06,Uptown (new),72.83,4
2025-06-21,Uptown (new),74.14,3
2025-06-24,Uptown (new),46.59,2
2025-06-19,Uptown (new),36.01,2
2025-06-15,Uptown (new),67.86,3
2025-06-22,Uptown (new),71.04,3
2025-06-16,Uptown (new),22.68,1
2025-06-24,Uptown (new),59.99,3
2025-06-21,Uptown (new),80.64,4
2025-06-16,Uptown (new),19.48,1
2025-06-20,Uptown (new),23.62,1
2025-06-02,Uptown (new),67.71,3
2025-06-18,Uptown (new),75.19,3
2025-06-09,Uptown (new),36.35,2
2025-06-17,Uptown (new),74.83,3
2025-06-14,Uptown (new),49.56,2
2025-06-16,Uptown (new),65.29,3
2025-06-02,Uptown (new),20.78,1
2025-06-08,Uptown (new),25.96,1
2025-06-18,Uptown (new),37.86,2
2025-06-20,Uptown (new),44.70,2
2025-06-10,Uptown (new),36.16,2
2025-06-22,Uptown (new),90.78,4
2025-06-08,Uptown (new),97.38,4
2025-06-26,Uptown (new),101.31,4
2025-06-13,Uptown (new),21.97,1
2025-06-15,Uptown (new),101.04,4
2025-06-15,Uptown (new),59.96,3
2025-06-26,Uptown (new),21.28,1
2025-06-01,Uptown (new),67.64,3
2025-06-13,Uptown (new),103.76,4
2025-06-13,Uptown (new),23.16,1
2025-06-07,Uptown (new),58.91,3
2025-06-04,Uptown (new),23.66,1
2025-06-03,Uptown (new),67.28,3
2025-06-07,Uptown (new),58.98,3
2025-06-22,Uptown (new),51.17,2
2025-06-18,Uptown (new),19.22,1
2025-06-20,Uptown (new),23.23,1
2025-06-19,Uptown (new),47.69,2
2025-06-25,Uptown (new),74.71,4
2025-06-10,Uptown (new),50.24,2
2025-06-13,Uptown (new),80.35,4
2025-06-12,Uptown (new),40.31,2
2025-06-09,Uptown (new),62.44,3
2025-07-17,Downtown,36.48,2
2025-07-25,Downtown,91.44,4
2025-07-03,Downtown,46.17,2
2025-07-03,Downtown,90.75,4
2025-07-23,Downtown,84.82,4
2025-07-26,Downtown,71.18,3
2025-07-14,Downtown,37.05,2
2025-07-28,Downtown,39.74,2
2025-07-06,Downtown,22.56,1
2025-07-22,Downtown,22.99,1
2025-07-09,Downtown,73.86,3
2025-07-18,Downtown,67.76,3
2025-07-06,Downtown,18.79,1
2025-07-17,Downtown,20.71,1
2025-07-26,Downtown,38.91,2
2025-07-18,Downtown,39.19,2
2025-07-28,Downtown,98.22,4
2025-07-19,Downtown,25.94,1
2025-07-12,Downtown,89.64,4
2025-07-23,Downtown,51.47,2
2025-07-06,Downtown,36.07,2
2025-07-08,Downtown,18.18,1
2025-07-02,Downtown,74.85,3
2025-07-25,Downtown,59.16,3
2025-07-06,Downtown,25.74,1
2025-07-05,Downtown,60.16,3
2025-07-15,Downtown,91.35,4
2025-07-04,Downtown,19.73,1
2025-07-20,Downtown,18.63,1
2025-07-23,Downtown,75.35,4
2025-07-24,Harbour,98.08,4
2025-07-09,Harbour,60.15,3
2025-07-18,Harbour,41.08,2
2025-07-02,Harbour,47.19,2
2025-07-03,Harbour,48.67,2
2025-07-23,Harbour,87.89,4
2025-07-21,Harbour,23.10,1
2025-07-20,Harbour,21.54,1
2025-07-15,Harbour,73.34,4
2025-07-23,Harbour,36.36,2
2025-07-05,Harbour,18.47,1
2025-07-03,Harbour,90.19,4
2025-07-24,Harbour,45.68,2
2025-07-05,Harbour,22.21,1
2025-07-02,Harbour,46.74,2
2025-07-18,Harbour,56.00,3
2025-07-08,Harbour,72.37,3
2025-07-17,Harbour,57.52,3
2025-07-10,Harbour,23.59,1
2025-07-14,Harbour,68.85,3
2025-07-03,Harbour,102.54,4
2025-07-14,Harbour,18.84,1
2025-07-08,Harbour,76.05,3
2025-07-04,Harbour,18.82,1
2025-07-14,Harbour,40.26,2
2025-07-27,Airport,57.58,3
2025-07-22,Airport,70.55,3
2025-07-04,Airport,55.44,3
2025-07-10,Airport,96.42,4
2025-07-11,Airport,98.16,4
2025-07-11,Airport,95.65,4
2025-07-05,Airport,84.56,4
2025-07-26,Airport,82.61,4
2025-07-16,Airport,23.97,1
2025-07-06,Airport,63.04,3
2025-07-16,Airport,85.47,4
2025-07-02,Airport,41.99,2
2025-07-01,Airport,20.91,1
2025-07-23,Airport,46.32,2
2025-07-08,Airport,65.81,3
2025-07-18,Airport,84.10,4
2025-07-25,Airport,20.30,1
2025-07-13,Airport,22.34,1
2025-07-18,Uptown (new),100.93,4
2025-07-28,Uptown (new),75.81,4
2025-07-02,Uptown (new),74.36,3
2025-07-01,Uptown (new),20.95,1
2025-07-24,Uptown (new),48.75,2
2025-07-21,Uptown (new),37.30,2
2025-07-06,Uptown (new),81.77,4
2025-07-20,Uptown (new),47.33,2
2025-07-22,Uptown (new),69.50,3
2025-07-15,Uptown (new),41.33,2
2025-07-21,Uptown (new),23.50,1
2025-07-08,Uptown (new),23.94,1
2025-07-12,Uptown (new),54.79,3
2025-07-19,Uptown (new),43.56,2
2025-07-03,Uptown (new),62.58,3
2025-07-02,Uptown (new),90.21,4
2025-07-12,Uptown (new),25.52,1
2025-07-24,Uptown (new),43.70,2
2025-07-09,Uptown (new),51.15,2
2025-07-20,Uptown (new),73.70,4
2025-07-10,Uptown (new),79.32,4
2025-07-11,Uptown (new),94.59,4
2025-07-28,Uptown (new),60.90,3
2025-07-04,Uptown (new),47.44,2
2025-07-28,Uptown (new),21.94,1
2025-07-10,Uptown (new),20.99,1
2025-07-02,Uptown (new),20.46,1
2025-07-28,Uptown (new),23.32,1
2025-07-02,Uptown (new),65.20,3
2025-07-15,Uptown (new),44.79,2
2025-07-10,Uptown (new),99.98,4
2025-07-07,Uptown (new),40.69,2
2025-07-04,Uptown (new),18.50,1
2025-07-18,Uptown (new),74.65,3
2025-07-21,Uptown (new),19.64,1
2025-07-21,Uptown (new),98.40,4
2025-07-01,Uptown (new),98.80,4
2025-07-01,Uptown (new),77.52,3
2025-07-26,Uptown (new),88.47,4
2025-07-22,Uptown (new),38.79,2
2025-07-28,Uptown (new),46.57,2
2025-07-12,Uptown (new),49.13,2
2025-07-13,Uptown (new),54.26,3
2025-07-27,Uptown (new),36.82,2
2025-07-14,Uptown (new),46.68,2
2025-07-03,Uptown (new),99.58,4
2025-07-24,Uptown (new),36.99,2
2025-07-19,Uptown (new),73.20,3
2025-07-18,Uptown (new),43.40,2
2025-07-16,Uptown (new),41.68,2
2025-07-21,Uptown (new),71.54,3
2025-07-16,Uptown (new),25.21,1
2025-07-11,Uptown (new),22.52,1
2025-07-09,Uptown (new),20.93,1
2025-07-11,Uptown (new),71.29,3
2025-07-19,Uptown (new),66.25,3
2025-07-09,Uptown (new),37.37,2
2025-07-11,Uptown (new),18.51,1
2025-07-17,Uptown (new),23.38,1
2025-07-10,Uptown (new),44.91,2
2025-08-05,Downtown,25.91,1
2025-08-07,Downtown,76.59,4
2025-08-06,Downtown,47.24,2
2025-08-01,Downtown,44.34,2
2025-08-03,Downtown,102.79,4
2025-08-05,Downtown,76.16,4
2025-08-22,Downtown,94.43,4
2025-08-06,Downtown,68.33,3
2025-08-07,Downtown,93.41,4
2025-08-12,Downtown,72.84,4
2025-08-09,Downtown,75.08,4
2025-08-07,Downtown,38.93,2
2025-08-15,Downtown,72.63,4
2025-08-21,Downtown,25.60,1
2025-08-19,Downtown,87.12,4
2025-08-11,Downtown,101.61,4
2025-08-24,Downtown,103.70,4
2025-08-16,Downtown,39.14,2
2025-08-24,Downtown,20.37,1
2025-08-13,Downtown,45.25,2
2025-08-19,Downtown,36.76,2
2025-08-19,Downtown,37.16,2
2025-08-10,Downtown,50.66,2
2025-08-02,Downtown,41.93,2
2025-08-15,Downtown,78.88,4
2025-08-15,Downtown,75.77,3
2025-08-05,Downtown,44.88,2
2025-08-22,Downtown,57.08,3
2025-08-16,Downtown,83.59,4
2025-08-14,Downtown,22.45,1
2025-08-04,Harbour,19.70,1
2025-08-21,Harbour,54.95,3
2025-08-05,Harbour,68.66,3
2025-08-06,Harbour,20.11,1
2025-08-22,Harbour,54.82,3
2025-08-04,Harbour,72.78,3
2025-08-25,Harbour,50.09,2
2025-08-06,Harbour,82.99,4
2025-08-05,Harbour,90.60,4
2025-08-19,Harbour,36.65,2
2025-08-27,Harbour,37.03,2
2025-08-16,Harbour,92.00,4
2025-08-03,Harbour,46.88,2
2025-08-28,Harbour,59.34,3
2025-08-06,Harbour,63.98,3
2025-08-16,Harbour,46.20,2
2025-08-13,Harbour,61.90,3
2025-08-16,Harbour,21.69,1
2025-08-09,Harbour,66.04,3
2025-08-09,Harbour,93.51,4
2025-08-09,Harbour,64.45,3
2025-08-12,Harbour,90.78,4
2025-08-20,Harbour,64.36,3
2025-08-24,Harbour,22.80,1
2025-08-15,Harbour,25.36,1
2025-08-11,Airport,49.08,2
2025-08-20,Airport,20.67,1
2025-08-19,Airport,90.80,4
2025-08-13,Airport,81.88,4
2025-08-04,Airport,51.96,2
2025-08-07,Airport,66.66,3
2025-08-22,Airport,58.22,3
2025-08-16,Airport,60.97,3
2025-08-19,Airport,20.04,1
2025-08-15,Airport,63.26,3
2025-08-21,Airport,101.89,4
2025-08-25,Airport,77.05,3
2025-08-27,Airport,20.28,1
2025-08-25,Airport,73.86,3
2025-08-25,Airport,72.29,3
2025-08-21,Airport,47.66,2
2025-08-23,Airport,88.14,4
2025-08-27,Airport,83.41,4
2025-08-19,Uptown (new),38.70,2
2025-08-01,Uptown (new),25.02,1
2025-08-27,Uptown (new),69.65,3
2025-08-08,Uptown (new),51.77,2
2025-08-25,Uptown (new),76.33,3
2025-08-08,Uptown (new),22.22,1
2025-08-14,Uptown (new),93.69,4
2025-08-09,Uptown (new),49.36,2
2025-08-12,Uptown (new),74.31,3
2025-08-24,Uptown (new),25.44,1
2025-08-27,Uptown (new),74.67,4
2025-08-16,Uptown (new),49.65,2
2025-08-26,Uptown (new),47.90,2
2025-08-27,Uptown (new),36.33,2
2025-08-08,Uptown (new),24.19,1
2025-08-06,Uptown (new),59.10,3
2025-08-13,Uptown (new),54.02,3
2025-08-17,Uptown (new),69.14,3
2025-08-19,Uptown (new),45.20,2
2025-08-13,Uptown (new),45.33,2
2025-08-22,Uptown (new),51.17,2
2025-08-05,Uptown (new),39.59,2
2025-08-25,Uptown (new),65.30,3
2025-08-09,Uptown (new),18.02,1
2025-08-16,Uptown (new),101.78,4
2025-08-13,Uptown (new),24.66,1
2025-08-09,Uptown (new),18.32,1
2025-08-27,Uptown (new),91.48,4
2025-08-27,Uptown (new),103.34,4
2025-08-27,Uptown (new),83.43,4
2025-08-16,Uptown (new),58.73,3
2025-08-16,Uptown (new),20.85,1
2025-08-08,Uptown (new),18.57,1
2025-08-02,Uptown (new),19.67,1
2025-08-15,Uptown (new),55.76,3
2025-08-13,Uptown (new),62.65,3
2025-08-24,Uptown (new),56.77,3
2025-08-25,Uptown (new),25.88,1
2025-08-10,Uptown (new),58.81,3
2025-08-26,Uptown (new),19.90,1
2025-08-13,Uptown (new),55.99,3
2025-08-07,Uptown (new),72.01,3
2025-08-27,Uptown (new),80.60,4
2025-08-22,Uptown (new),97.63,4
2025-08-03,Uptown (new),40.85,2
2025-08-01,Uptown (new),57.37,3
2025-08-25,Uptown (new),42.89,2
2025-08-06,Uptown (new),96.77,4
2025-08-23,Uptown (new),50.64,2
2025-08-25,Uptown (new),73.53,3
2025-08-28,Uptown (new),25.50,1
2025-08-27,Uptown (new),21.29,1
2025-08-26,Uptown (new),47.87,2
2025-08-05,Uptown (new),37.94,2
2025-08-28,Uptown (new),73.95,3
2025-08-09,Uptown (new),48.27,2
2025-08-12,Uptown (new),38.36,2
2025-08-08,Uptown (new),19.53,1
2025-08-14,Uptown (new),77.25,3
2025-08-16,Uptown (new),99.99,4
2025-09-06,Downtown,91.61,4
2025-09-18,Downtown,54.26,3
2025-09-23,Downtown,97.04,4
2025-09-23,Downtown,75.86,4
2025-09-14,Downtown,48.93,2
2025-09-20,Downtown,37.24,2
2025-09-24,Downtown,98.03,4
2025-09-01,Downtown,24.82,1
2025-09-03,Downtown,24.08,1
2025-09-06,Downtown,82.19,4
2025-09-11,Downtown,18.77,1
2025-09-03,Downtown,69.02,3
2025-09-22,Downtown,20.23,1
2025-09-27,Downtown,58.71,3
2025-09-13,Downtown,48.00,2
2025-09-16,Downtown,49.57,2
2025-09-10,Downtown,87.34,4
2025-09-03,Downtown,72.20,3
2025-09-16,Downtown,59.18,3
2025-09-23,Downtown,24.21,1
2025-09-27,Downtown,20.08,1
2025-09-21,Downtown,56.67,3
2025-09-12,Downtown,19.88,1
2025-09-26,Downtown,59.10,3
2025-09-22,Downtown,65.25,3
2025-09-06,Downtown,54.81,3
2025-09-02,Downtown,88.00,4
2025-09-02,Downtown,24.08,1
2025-09-20,Downtown,39.25,2
2025-09-05,Downtown,42.31,2
2025-09-06,Harbour,38.75,2
2025-09-04,Harbour,63.53,3
2025-09-15,Harbour,80.97,4
2025-09-28,Harbour,18.35,1
2025-09-21,Harbour,98.99,4
2025-09-19,Harbour,85.03,4
2025-09-02,Harbour,20.54,1
2025-09-22,Harbour,45.76,2
2025-09-27,Harbour,48.66,2
2025-09-23,Harbour,69.41,3
2025-09-21,Harbour,70.88,3
2025-09-18,Harbour,71.74,3
2025-09-03,Harbour,95.88,4
2025-09-16,Harbour,21.58,1
2025-09-13,Harbour,45.27,2
2025-09-05,Harbour,37.19,2
2025-09-10,Harbour,23.49,1
2025-09-23,Harbour,66.33,3
2025-09-16,Harbour,18.32,1
2025-09-25,Harbour,42.59,2
2025-09-24,Harbour,75.45,3
2025-09-11,Harbour,20.08,1
2025-09-19,Harbour,21.63,1
2025-09-15,Harbour,89.81,4
2025-09-01,Harbour,47.33,2
2025-09-02,Airport,23.00,1
2025-09-02,Airport,70.08,3
2025-09-17,Airport,89.40,4
2025-09-23,Airport,75.56,4
2025-09-18,Airport,20.38,1
2025-09-14,Airport,73.77,4
2025-09-05,Airport,44.78,2
2025-09-20,Airport,25.15,1
2025-09-14,Airport,101.42,4
2025-09-28,Airport,64.92,3
2025-09-05,Airport,73.16,4
2025-09-28,Airport,24.52,1
2025-09-17,Airport,67.03,3
2025-09-25,Airport,37.93,2
2025-09-12,Airport,46.25,2
2025-09-03,Airport,66.35,3
2025-09-22,Airport,59.58,3
2025-09-12,Airport,63.02,3
2025-09-12,Uptown (new),61.86,3
2025-09-21,Uptown (new),63.50,3
2025-09-16,Uptown (new),38.47,2
2025-09-06,Uptown (new),85.27,4
2025-09-02,Uptown (new),18.51,1
2025-09-12,Uptown (new),59.40,3
2025-09-25,Uptown (new),42.11,2
2025-09-23,Uptown (new),40.48,2
2025-09-24,Uptown (new),21.08,1
2025-09-18,Uptown (new),43.84,2
2025-09-02,Uptown (new),99.36,4
2025-09-05,Uptown (new),36.72,2
2025-09-07,Uptown (new),25.15,1
2025-09-13,Uptown (new),88.92,4
2025-09-06,Uptown (new),19.96,1
2025-09-21,Uptown (new),91.40,4
2025-09-11,Uptown (new),60.39,3
2025-09-19,Uptown (new),63.19,3
2025-09-02,Uptown (new),23.35,1
2025-09-12,Uptown (new),77.04,3
2025-09-27,Uptown (new),21.98,1
2025-09-09,Uptown (new),57.07,3
2025-09-02,Uptown (new),69.55,3
2025-09-06,Uptown (new),40.29,2
2025-09-08,Uptown (new),77.48,4
2025-09-11,Uptown (new),22.82,1
2025-09-17,Uptown (new),39.78,2
2025-09-02,Uptown (new),49.34,2
2025-09-09,Uptown (new),86.46,4
2025-09-08,Uptown (new),86.06,4
2025-09-11,Uptown (new),98.49,4
2025-09-06,Uptown (new),45.24,2
2025-09-10,Uptown (new),20.10,1
2025-09-18,Uptown (new),38.27,2
2025-09-09,Uptown (new),74.61,3
2025-09-11,Uptown (new),76.70,4
2025-09-21,Uptown (new),23.98,1
2025-09-23,Uptown (new),41.42,2
2025-09-15,Uptown (new),101.98,4
2025-09-23,Uptown (new),25.52,1
2025-09-02,Uptown (new),39.15,2
2025-09-06,Uptown (new),43.27,2
2025-09-16,Uptown (new),87.13,4
2025-09-12,Uptown (new),60.80,3
2025-09-23,Uptown (new),22.79,1
2025-09-10,Uptown (new),23.28,1
2025-09-18,Uptown (new),64.33,3
2025-09-20,Uptown (new),36.39,2
2025-09-16,Uptown (new),21.04,1
2025-09-09,Uptown (new),22.97,1
2025-09-04,Uptown (new),19.28,1
2025-09-04,Uptown (new),25.42,1
2025-09-11,Uptown (new),51.96,2
2025-09-22,Uptown (new),20.75,1
2025-09-11,Uptown (new),23.96,1
2025-09-13,Uptown (new),21.78,1
2025-09-17,Uptown (new),41.12,2
2025-09-02,Uptown (new),43.84,2
2025-09-01,Uptown (new),83.89,4
2025-09-19,Uptown (new),72.08,3
2025-10-23,Downtown,100.91,4
2025-10-24,Downtown,80.57,4
2025-10-13,Downtown,39.31,2
2025-10-23,Downtown,87.51,4
2025-10-12,Downtown,21.64,1
2025-10-23,Downtown,102.99,4
2025-10-03,Downtown,45.67,2
2025-10-10,Downtown,18.17,1
2025-10-16,Downtown,22.16,1
2025-10-25,Downtown,19.86,1
2025-10-11,Downtown,71.44,3
2025-10-20,Downtown,19.95,1
2025-10-08,Downtown,46.21,2
2025-10-05,Downtown,18.05,1
2025-10-03,Downtown,88.84,4
2025-10-10,Downtown,59.49,3
2025-10-03,Downtown,54.54,3
2025-10-10,Downtown,44.20,2
2025-10-23,Downtown,51.43,2
2025-10-21,Downtown,95.76,4
2025-10-16,Downtown,95.25,4
2025-10-02,Downtown,57.10,3
2025-10-05,Downtown,72.28,3
2025-10-17,Downtown,76.74,3
2025-10-06,Downtown,61.92,3
2025-10-11,Downtown,19.33,1
2025-10-13,Downtown,55.80,3
2025-10-15,Downtown,48.92,2
2025-10-13,Downtown,69.64,3
2025-10-03,Downtown,81.15,4
2025-10-06,Harbour,20.78,1
2025-10-23,Harbour,18.96,1
2025-10-06,Harbour,23.56,1
2025-10-08,Harbour,75.92,3
2025-10-20,Harbour,46.02,2
2025-10-14,Harbour,91.83,4
2025-10-18,Harbour,19.58,1
2025-10-26,Harbour,99.10,4
2025-10-07,Harbour,69.72,3
2025-10-19,Harbour,24.20,1
2025-10-14,Harbour,22.54,1
2025-10-05,Harbour,21.65,1
2025-10-23,Harbour,25.32,1
2025-10-10,Harbour,76.21,4
2025-10-22,Harbour,101.04,4
2025-10-09,Harbour,61.09,3
2025-10-16,Harbour,103.25,4
2025-10-16,Harbour,23.21,1
2025-10-13,Harbour,25.83,1
2025-10-01,Harbour,48.93,2
2025-10-15,Harbour,25.92,1
2025-10-04,Harbour,24.42,1
2025-10-16,Harbour,38.44,2
2025-10-04,Harbour,67.97,3
2025-10-03,Harbour,19.88,1
2025-10-19,Airport,68.43,3
2025-10-18,Airport,20.33,1
2025-10-25,Airport,58.85,3
2025-10-01,Airport,62.82,3
2025-10-17,Airport,99.87,4
2025-10-20,Airport,43.62,2
2025-10-26,Airport,49.80,2
2025-10-12,Airport,57.47,3
2025-10-23,Airport,100.21,4
2025-10-22,Airport,75.73,3
2025-10-15,Airport,44.84,2
2025-10-23,Airport,77.68,4
2025-10-27,Airport,39.52,2
2025-10-04,Airport,19.91,1
2025-10-03,Airport,21.46,1
2025-10-07,Airport,99.53,4
2025-10-02,Airport,64.84,3
2025-10-28,Airport,44.84,2
2025-10-25,Uptown (new),91.31,4
2025-10-01,Uptown (new),83.32,4
2025-10-20,Uptown (new),72.39,3
2025-10-06,Uptown (new),24.13,1
2025-10-20,Uptown (new),77.64,4
2025-10-07,Uptown (new),41.83,2
2025-10-14,Uptown (new),75.37,3
2025-10-18,Uptown (new),55.34,3
2025-10-25,Uptown (new),85.21,4
2025-10-14,Uptown (new),75.33,3
2025-10-12,Uptown (new),22.34,1
2025-10-17,Uptown (new),47.02,2
2025-10-06,Uptown (new),78.84,4
2025-10-04,Uptown (new),96.28,4
2025-10-26,Uptown (new),57.01,3
2025-10-19,Uptown (new),42.98,2
2025-10-09,Uptown (new),71.55,3
2025-10-16,Uptown (new),77.42,3
2025-10-02,Uptown (new),65.05,3
2025-10-19,Uptown (new),63.69,3
2025-10-26,Uptown (new),24.64,1
2025-10-05,Uptown (new),59.48,3
2025-10-10,Uptown (new),56.90,3
2025-10-13,Uptown (new),43.56,2
2025-10-14,Uptown (new),59.77,3
2025-10-13,Uptown (new),24.29,1
2025-10-26,Uptown (new),25.42,1
2025-10-10,Uptown (new),42.18,2
2025-10-15,Uptown (new),51.52,2
2025-10-14,Uptown (new),22.93,1
2025-10-15,Uptown (new),43.06,2
2025-10-05,Uptown (new),72.05,3
2025-10-19,Uptown (new),63.27,3
2025-10-01,Uptown (new),98.36,4
2025-10-16,Uptown (new),86.82,4
2025-10-11,Uptown (new),83.95,4
2025-10-25,Uptown (new),96.23,4
2025-10-18,Uptown (new),90.56,4
2025-10-05,Uptown (new),47.04,2
2025-10-01,Uptown (new),77.62,3
2025-10-19,Uptown (new),51.61,2
2025-10-19,Uptown (new),72.48,3
2025-10-04,Uptown (new),94.69,4
2025-10-18,Uptown (new),58.33,3
2025-10-13,Uptown (new),43.25,2
2025-10-25,Uptown (new),46.92,2
2025-10-17,Uptown (new),18.55,1
2025-10-24,Uptown (new),97.42,4
2025-10-09,Uptown (new),66.28,3
2025-10-25,Uptown (new),88.99,4
2025-10-28,Uptown (new),25.44,1
2025-10-14,Uptown (new),20.84,1
2025-10-25,Uptown (new),91.47,4
2025-10-17,Uptown (new),40.88,2
2025-10-26,Uptown (new),46.73,2
2025-10-03,Uptown (new),69.02,3
2025-10-27,Uptown (new),93.21,4
2025-10-13,Uptown (new),70.73,3
2025-10-11,Uptown (new),20.35,1
2025-10-04,Uptown (new),71.33,3
2025-11-10,Downtown,72.03,3
2025-11-24,Downtown,54.96,3
2025-11-09,Downtown,22.14,1
2025-11-04,Downtown,40.60,2
2025-11-05,Downtown,61.85,3
2025-11-22,Downtown,50.45,2
2025-11-01,Downtown,77.44,3
2025-11-08,Downtown,21.92,1
2025-11-25,Downtown,64.96,3
2025-11-10,Downtown,25.82,1
2025-11-03,Downtown,37.23,2
2025-11-15,Downtown,45.75,2
2025-11-21,Downtown,24.61,1
2025-11-06,Downtown,78.85,4
2025-11-27,Downtown,20.70,1
2025-11-10,Downtown,46.34,2
2025-11-27,Downtown,19.93,1
2025-11-22,Downtown,93.74,4
2025-11-02,Downtown,102.09,4
2025-11-09,Downtown,21.99,1
2025-11-27,Downtown,41.00,2
2025-11-23,Downtown,18.96,1
2025-11-01,Downtown,74.97,4
2025-11-19,Downtown,55.60,3
2025-11-11,Downtown,77.96,3
2025-11-14,Downtown,21.89,1
2025-11-28,Downtown,103.79,4
2025-11-04,Downtown,18.68,1
2025-11-06,Downtown,37.33,2
2025-11-17,Downtown,23.79,1
2025-11-25,Harbour,40.34,2
2025-11-16,Harbour,22.67,1
2025-11-05,Harbour,60.47,3
2025-11-11,Harbour,36.58,2
2025-11-06,Harbour,36.19,2
2025-11-17,Harbour,44.76,2
2025-11-25,Harbour,74.34,3
2025-11-09,Harbour,57.28,3
2025-11-16,Harbour,67.91,3
2025-11-10,Harbour,39.13,2
2025-11-07,Harbour,67.37,3
2025-11-27,Harbour,24.76,1
2025-11-05,Harbour,72.77,3
2025-11-28,Harbour,74.31,4
2025-11-24,Harbour,18.96,1
2025-11-22,Harbour,47.58,2
2025-11-02,Harbour,38.41,2
2025-11-28,Harbour,99.40,4
2025-11-15,Harbour,55.40,3
2025-11-13,Harbour,76.93,3
2025-11-09,Harbour,91.61,4
2025-11-28,Harbour,86.21,4
2025-11-22,Harbour,59.19,3
2025-11-02,Harbour,62.12,3
2025-11-18,Harbour,46.09,2
2025-11-06,Airport,88.03,4
2025-11-24,Airport,103.27,4
2025-11-12,Airport,63.83,3
2025-11-06,Airport,41.49,2
2025-11-11,Airport,56.67,3
2025-11-21,Airport,77.32,4
2025-11-18,Airport,23.24,1
2025-11-19,Airport,54.08,3
2025-11-09,Airport,51.34,2
2025-11-09,Airport,23.80,1
2025-11-20,Airport,90.91,4
2025-11-20,Airport,36.68,2
2025-11-18,Airport,76.54,3
2025-11-16,Airport,19.03,1
2025-11-11,Airport,83.17,4
2025-11-12,Airport,18.73,1
2025-11-25,Airport,46.07,2
2025-11-03,Airport,98.79,4
2025-11-06,Uptown (new),44.78,2
2025-11-11,Uptown (new),79.02,4
2025-11-13,Uptown (new),47.38,2
2025-11-20,Uptown (new),95.48,4
2025-11-06,Uptown (new),76.04,3
2025-11-13,Uptown (new),22.36,1
2025-11-28,Uptown (new),43.57,2
2025-11-13,Uptown (new),92.44,4
2025-11-21,Uptown (new),24.17,1
2025-11-01,Uptown (new),45.49,2
2025-11-14,Uptown (new),25.96,1
2025-11-05,Uptown (new),99.92,4
2025-11-12,Uptown (new),90.41,4
2025-11-16,Uptown (new),62.78,3
2025-11-24,Uptown (new),40.83,2
2025-11-04,Uptown (new),72.40,4
2025-11-25,Uptown (new),46.37,2
2025-11-02,Uptown (new),18.03,1
2025-11-28,Uptown (new),50.34,2
2025-11-02,Uptown (new),21.20,1
2025-11-27,Uptown (new),47.05,2
2025-11-01,Uptown (new),70.84,3
2025-11-10,Uptown (new),62.80,3
2025-11-24,Uptown (new),40.18,2
2025-11-16,Uptown (new),22.31,1
2025-11-03,Uptown (new),85.61,4
2025-11-25,Uptown (new),85.68,4
2025-11-25,Uptown (new),50.56,2
2025-11-16,Uptown (new),67.75,3
2025-11-08,Uptown (new),75.03,3
2025-11-11,Uptown (new),23.62,1
2025-11-27,Uptown (new),90.25,4
2025-11-23,Uptown (new),50.79,2
2025-11-03,Uptown (new),54.72,3
2025-11-05,Uptown (new),49.12,2
2025-11-23,Uptown (new),87.90,4
2025-11-01,Uptown (new),38.53,2
2025-11-13,Uptown (new),60.12,3
2025-11-17,Uptown (new),51.50,2
2025-11-23,Uptown (new),102.06,4
2025-11-25,Uptown (new),40.42,2
2025-11-07,Uptown (new),54.89,3
2025-11-13,Uptown (new),76.38,3
2025-11-06,Uptown (new),22.60,1
2025-11-13,Uptown (new),48.54,2
2025-11-04,Uptown (new),23.65,1
2025-11-24,Uptown (new),25.61,1
2025-11-26,Uptown (new),59.30,3
2025-11-11,Uptown (new),54.56,3
2025-11-27,Uptown (new),48.68,2
2025-11-22,Uptown (new),23.34,1
2025-11-10,Uptown (new),93.39,4
2025-11-07,Uptown (new),45.11,2
2025-11-27,Uptown (new),37.23,2
2025-11-02,Uptown (new),73.69,3
2025-11-07,Uptown (new),71.15,3
2025-11-20,Uptown (new),46.95,2
2025-11-09,Uptown (new),50.61,2
2025-11-14,Uptown (new),88.93,4
2025-11-23,Uptown (new),19.48,1
2025-12-12,Downtown,72.97,3
2025-12-10,Downtown,67.12,3
2025-12-13,Downtown,25.55,1
2025-12-11,Downtown,84.07,4
2025-12-22,Downtown,44.72,2
2025-12-03,Downtown,48.23,2
2025-12-23,Downtown,38.19,2
2025-12-13,Downtown,41.96,2
2025-12-06,Downtown,42.56,2
2025-12-12,Downtown,37.96,2
2025-12-23,Downtown,42.97,2
2025-12-17,Downtown,98.47,4
2025-12-17,Downtown,98.80,4
2025-12-06,Downtown,18.80,1
2025-12-09,Downtown,48.75,2
2025-12-20,Downtown,20.86,1
2025-12-22,Downtown,36.75,2
2025-12-02,Downtown,76.23,4
2025-12-01,Downtown,75.98,3
2025-12-10,Downtown,77.73,3
2025-12-12,Downtown,56.65,3
2025-12-08,Downtown,99.28,4
2025-12-13,Downtown,46.28,2
2025-12-05,Downtown,63.31,3
2025-12-19,Downtown,20.11,1
2025-12-02,Downtown,48.22,2
2025-12-17,Downtown,24.27,1
2025-12-16,Downtown,87.19,4
2025-12-11,Downtown,63.88,3
2025-12-23,Downtown,19.82,1
2025-12-15,Harbour,89.18,4
2025-12-09,Harbour,88.85,4
2025-12-14,Harbour,42.39,2
2025-12-02,Harbour,69.31,3
2025-12-26,Harbour,67.55,3
2025-12-17,Harbour,23.63,1
2025-12-22,Harbour,50.58,2
2025-12-24,Harbour,25.24,1
2025-12-18,Harbour,54.71,3
2025-12-19,Harbour,76.42,3
2025-12-17,Harbour,20.03,1
2025-12-16,Harbour,50.25,2
2025-12-17,Harbour,21.74,1
2025-12-15,Harbour,65.59,3
2025-12-25,Harbour,99.97,4
2025-12-21,Harbour,81.98,4
2025-12-01,Harbour,37.11,2
2025-12-02,Harbour,37.40,2
2025-12-24,Harbour,71.09,3
2025-12-19,Harbour,60.36,3
2025-12-04,Harbour,25.84,1
2025-12-08,Harbour,25.18,1
2025-12-13,Harbour,23.53,1
2025-12-15,Harbour,24.88,1
2025-12-08,Harbour,25.53,1
2025-12-19,Airport,76.67,3
2025-12-12,Airport,54.97,3
2025-12-09,Airport,76.27,3
2025-12-11,Airport,24.57,1
2025-12-26,Airport,24.41,1
2025-12-01,Airport,60.66,3
2025-12-27,Airport,18.97,1
2025-12-16,Airport,76.34,3
2025-12-07,Airport,97.96,4
2025-12-27,Airport,81.25,4
2025-12-15,Airport,25.43,1
2025-12-17,Airport,60.23,3
2025-12-09,Airport,69.33,3
2025-12-12,Airport,22.59,1
2025-12-11,Airport,70.90,3
2025-12-03,Airport,43.29,2
2025-12-28,Airport,21.87,1
2025-12-02,Airport,67.24,3
2025-12-09,Uptown (new),48.02,2
2025-12-10,Uptown (new),59.87,3
2025-12-15,Uptown (new),77.41,4
2025-12-16,Uptown (new),75.61,4
2025-12-02,Uptown (new),25.16,1
2025-12-23,Uptown (new),90.18,4
2025-12-06,Uptown (new),38.93,2
2025-12-12,Uptown (new),18.43,1
2025-12-24,Uptown (new),56.35,3
2025-12-20,Uptown (new),88.98,4
2025-12-16,Uptown (new),71.61,3
2025-12-10,Uptown (new),55.13,3
2025-12-16,Uptown (new),38.72,2
2025-12-19,Uptown (new),39.45,2
2025-12-07,Uptown (new),21.25,1
2025-12-15,Uptown (new),76.63,3
2025-12-03,Uptown (new),20.29,1
2025-12-13,Uptown (new),80.71,4
2025-12-06,Uptown (new),75.34,4
2025-12-20,Uptown (new),40.80,2
2025-12-07,Uptown (new),66.71,3
2025-12-10,Uptown (new),90.62,4
2025-12-15,Uptown (new),87.27,4
2025-12-03,Uptown (new),18.63,1
2025-12-01,Uptown (new),20.96,1
2025-12-23,Uptown (new),20.11,1
2025-12-15,Uptown (new),18.98,1
2025-12-22,Uptown (new),75.58,3
2025-12-27,Uptown (new),47.37,2
2025-12-16,Uptown (new),48.69,2
2025-12-08,Uptown (new),51.97,2
2025-12-26,Uptown (new),19.36,1
2025-12-02,Uptown (new),75.65,3
2025-12-13,Uptown (new),59.80,3
2025-12-25,Uptown (new),85.17,4
2025-12-24,Uptown (new),86.74,4
2025-12-28,Uptown (new),73.53,3
2025-12-19,Uptown (new),66.86,3
2025-12-19,Uptown (new),22.66,1
2025-12-03,Uptown (new),44.00,2
2025-12-15,Uptown (new),41.91,2
2025-12-24,Uptown (new),18.65,1
2025-12-03,Uptown (new),73.17,4
2025-12-12,Uptown (new),20.30,1
2025-12-05,Uptown (new),100.64,4
2025-12-26,Uptown (new),65.38,3
2025-12-23,Uptown (new),18.88,1
2025-12-22,Uptown (new),69.71,3
2025-12-03,Uptown (new),67.74,3
2025-12-11,Uptown (new),41.54,2
2025-12-03,Uptown (new),65.31,3
2025-12-21,Uptown (new),49.24,2
2025-12-03,Uptown (new),102.72,4
2025-12-23,Uptown (new),98.42,4
2025-12-23,Uptown (new),19.25,1
2025-12-20,Uptown (new),61.17,3
2025-12-03,Uptown (new),44.71,2
2025-12-28,Uptown (new),40.72,2
2025-12-22,Uptown (new),76.43,4
2025-12-22,Uptown (new),99.56,4
