date,policy_rate,mortgage_rate,usd_cad
2000-01-05,4.44,6.68,1.2983
2000-01-12,4.44,6.68,1.2989
2000-01-19,4.44,6.68,1.2982
2000-01-26,4.44,6.68,1.2952
2000-02-05,4.55,6.56,1.3010
2000-02-12,4.55,6.56,1.3017
2000-02-19,4.55,6.56,1.2978
2000-02-26,4.55,6.56,1.3012
2000-03-05,4.62,7.10,1.3051
2000-03-12,4.62,7.10,1.3179
2000-03-19,4.62,7.10,1.3161
2000-03-26,4.62,7.10,1.3005
2000-04-05,4.48,6.79,1.3109
2000-04-12,4.48,6.79,1.3094
2000-04-19,4.48,6.79,1.3111
2000-04-26,4.48,6.79,0
2000-05-05,4.62,6.79,1.3183
2000-05-12,4.62,6.79,1.3227
2000-05-19,4.62,6.79,1.3288
2000-05-26,4.62,6.79,0
2000-06-05,4.32,6.81,1.3314
2000-06-12,4.32,6.81,1.3305
2000-06-19,4.32,6.81,1.3252
2000-06-26,4.32,6.81,0
2000-07-05,4.36,6.51,1.3288
2000-07-12,4.36,6.51,1.3209
2000-07-19,4.36,6.51,1.3335
2000-07-26,4.36,6.51,1.3198
2000-08-05,4.64,6.89,1.3427
2000-08-12,4.64,6.89,1.3338
2000-08-19,4.64,6.89,1.3402
2000-08-26,4.64,6.89,0
2000-09-05,4.55,6.80,1.3294
2000-09-12,4.55,6.80,1.3318
2000-09-19,4.55,6.80,1.3336
2000-09-26,4.55,6.80,0
2000-10-05,4.45,6.72,1.3467
2000-10-12,4.45,6.72,1.3415
2000-10-19,4.45,6.72,1.3399
2000-10-26,4.45,6.72,1.3526
2000-11-05,4.61,6.94,1.3543
2000-11-12,4.61,6.94,1.3425
2000-11-19,4.61,6.94,1.3400
2000-11-26,4.61,6.94,0
2000-12-05,4.35,6.35,1.3548
2000-12-12,4.35,6.35,1.3606
2000-12-19,4.35,6.35,1.3445
2000-12-26,4.35,6.35,1.3611
2001-01-05,4.31,6.39,1.3592
2001-01-12,4.31,6.39,1.3516
2001-01-19,4.31,6.39,1.3500
2001-01-26,4.31,6.39,0
2001-02-05,4.21,6.67,1.3526
2001-02-12,4.21,6.67,1.3535
2001-02-19,4.21,6.67,1.3583
2001-02-26,4.21,6.67,0
2001-03-05,4.19,6.56,1.3636
2001-03-12,4.19,6.56,1.3552
2001-03-19,4.19,6.56,1.3550
2001-03-26,4.19,6.56,0
2001-04-05,4.27,6.73,1.3682
2001-04-12,4.27,6.73,1.3602
2001-04-19,4.27,6.73,1.3625
2001-04-26,4.27,6.73,0
2001-05-05,4.04,6.10,1.3704
2001-05-12,4.04,6.10,1.3785
2001-05-19,4.04,6.10,1.3665
2001-05-26,4.04,6.10,1.3793
2001-06-05,4.17,6.28,1.3688
2001-06-12,4.17,6.28,1.3785
2001-06-19,4.17,6.28,1.3816
2001-06-26,4.17,6.28,1.3693
2001-07-05,4.17,6.18,1.3744
2001-07-12,4.17,6.18,1.3742
2001-07-19,4.17,6.18,1.3708
2001-07-26,4.17,6.18,0
2001-08-05,4.40,6.55,1.3813
2001-08-12,4.40,6.55,1.3820
2001-08-19,4.40,6.55,1.3808
2001-08-26,4.40,6.55,1.3814
2001-09-05,4.20,6.24,1.3868
2001-09-12,4.20,6.24,1.3875
2001-09-19,4.20,6.24,1.3886
2001-09-26,4.20,6.24,0
2001-10-05,4.18,6.58,1.3913
2001-10-12,4.18,6.58,1.3778
2001-10-19,4.18,6.58,1.3834
2001-10-26,4.18,6.58,0
2001-11-05,4.28,6.48,1.3869
2001-11-12,4.28,6.48,1.3836
2001-11-19,4.28,6.48,1.3882
2001-11-26,4.28,6.48,1.3917
2001-12-05,4.09,6.29,1.3937
2001-12-12,4.09,6.29,1.3824
2001-12-19,4.09,6.29,1.3993
2001-12-26,4.09,6.29,0
2002-01-05,3.95,6.02,1.4023
2002-01-12,3.95,6.02,1.3970
2002-01-19,3.95,6.02,1.3877
2002-01-26,3.95,6.02,1.4001
2002-02-05,4.04,6.37,1.3977
2002-02-12,4.04,6.37,1.3997
2002-02-19,4.04,6.37,1.4032
2002-02-26,4.04,6.37,1.3972
2002-03-05,4.02,6.28,1.3907
2002-03-12,4.02,6.28,1.3980
2002-03-19,4.02,6.28,1.3933
2002-03-26,4.02,6.28,1.4013
2002-04-05,4.06,6.11,1.3880
2002-04-12,4.06,6.11,1.4062
2002-04-19,4.06,6.11,1.4022
2002-04-26,4.06,6.11,1.4038
2002-05-05,4.08,6.16,1.3923
2002-05-12,4.08,6.16,1.4008
2002-05-19,4.08,6.16,1.4037
2002-05-26,4.08,6.16,0
2002-06-05,4.08,6.19,1.3933
2002-06-12,4.08,6.19,1.3980
2002-06-19,4.08,6.19,1.3929
2002-06-26,4.08,6.19,0
2002-07-05,3.73,5.75,1.3928
2002-07-12,3.73,5.75,1.4033
2002-07-19,3.73,5.75,1.4053
2002-07-26,3.73,5.75,1.3981
2002-08-05,4.00,6.06,1.4073
2002-08-12,4.00,6.06,1.3982
2002-08-19,4.00,6.06,1.3924
2002-08-26,4.00,6.06,0
2002-09-05,3.78,6.15,1.3974
2002-09-12,3.78,6.15,1.3903
2002-09-19,3.78,6.15,1.3938
2002-09-26,3.78,6.15,0
2002-10-05,4.08,6.29,1.4054
2002-10-12,4.08,6.29,1.4016
2002-10-19,4.08,6.29,1.3979
2002-10-26,4.08,6.29,1.4007
2002-11-05,3.72,6.22,1.3961
2002-11-12,3.72,6.22,1.4022
2002-11-19,3.72,6.22,1.3975
2002-11-26,3.72,6.22,1.3925
2002-12-05,3.72,5.74,1.3964
2002-12-12,3.72,5.74,1.4054
2002-12-19,3.72,5.74,1.3973
2002-12-26,3.72,5.74,1.3913
2003-01-05,3.79,5.87,1.4051
2003-01-12,3.79,5.87,1.3913
2003-01-19,3.79,5.87,1.3990
2003-01-26,3.79,5.87,1.4068
2003-02-05,3.56,5.98,1.3872
2003-02-12,3.56,5.98,1.4041
2003-02-19,3.56,5.98,1.3965
2003-02-26,3.56,5.98,1.4055
2003-03-05,3.53,5.84,1.3964
2003-03-12,3.53,5.84,1.3907
2003-03-19,3.53,5.84,1.3876
2003-03-26,3.53,5.84,0
2003-04-05,3.51,5.81,1.3911
2003-04-12,3.51,5.81,1.3845
2003-04-19,3.51,5.81,1.3967
2003-04-26,3.51,5.81,1.3952
2003-05-05,3.52,5.67,1.4001
2003-05-12,3.52,5.67,1.3898
2003-05-19,3.52,5.67,1.3954
2003-05-26,3.52,5.67,0
2003-06-05,3.73,6.18,1.3840
2003-06-12,3.73,6.18,1.3849
2003-06-19,3.73,6.18,1.3917
2003-06-26,3.73,6.18,1.3945
2003-07-05,3.41,5.47,1.3941
2003-07-12,3.41,5.47,1.3844
2003-07-19,3.41,5.47,1.3954
2003-07-26,3.41,5.47,0
2003-08-05,3.73,5.84,1.3930
2003-08-12,3.73,5.84,1.3832
2003-08-19,3.73,5.84,1.3738
2003-08-26,3.73,5.84,0
2003-09-05,3.43,5.64,1.3900
2003-09-12,3.43,5.64,1.3903
2003-09-19,3.43,5.64,1.3894
2003-09-26,3.43,5.64,0
2003-10-05,3.71,6.08,1.3844
2003-10-12,3.71,6.08,1.3872
2003-10-19,3.71,6.08,1.3845
2003-10-26,3.71,6.08,1.3742
2003-11-05,3.47,5.68,1.3704
2003-11-12,3.47,5.68,1.3796
2003-11-19,3.47,5.68,1.3677
2003-11-26,3.47,5.68,0
2003-12-05,3.69,5.71,1.3628
2003-12-12,3.69,5.71,1.3612
2003-12-19,3.69,5.71,1.3615
2003-12-26,3.69,5.71,0
2004-01-05,3.40,5.53,1.3597
2004-01-12,3.40,5.53,1.3675
2004-01-19,3.40,5.53,1.3647
2004-01-26,3.40,5.53,0
2004-02-05,3.13,5.26,1.3622
2004-02-12,3.13,5.26,1.3561
2004-02-19,3.13,5.26,1.3622
2004-02-26,3.13,5.26,0
2004-03-05,3.47,5.77,1.3559
2004-03-12,3.47,5.77,1.3543
2004-03-19,3.47,5.77,1.3535
2004-03-26,3.47,5.77,0
2004-04-05,3.48,5.96,1.3487
2004-04-12,3.48,5.96,1.3587
2004-04-19,3.48,5.96,1.3610
2004-04-26,3.48,5.96,1.3609
2004-05-05,3.35,5.40,1.3468
2004-05-12,3.35,5.40,1.3603
2004-05-19,3.35,5.40,1.3598
2004-05-26,3.35,5.40,1.3483
2004-06-05,3.41,5.80,1.3451
2004-06-12,3.41,5.80,1.3439
2004-06-19,3.41,5.80,1.3464
2004-06-26,3.41,5.80,1.3376
2004-07-05,3.11,5.61,1.3409
2004-07-12,3.11,5.61,1.3409
2004-07-19,3.11,5.61,1.3445
2004-07-26,3.11,5.61,1.3467
2004-08-05,3.31,5.32,1.3290
2004-08-12,3.31,5.32,1.3334
2004-08-19,3.31,5.32,1.3354
2004-08-26,3.31,5.32,1.3381
2004-09-05,3.15,5.57,1.3298
2004-09-12,3.15,5.57,1.3319
2004-09-19,3.15,5.57,1.3361
2004-09-26,3.15,5.57,1.3284
2004-10-05,3.27,5.27,1.3374
2004-10-12,3.27,5.27,1.3363
2004-10-19,3.27,5.27,1.3351
2004-10-26,3.27,5.27,0
2004-11-05,3.35,5.57,1.3170
2004-11-12,3.35,5.57,1.3182
2004-11-19,3.35,5.57,1.3314
2004-11-26,3.35,5.57,1.3259
2004-12-05,3.15,5.44,1.3269
2004-12-12,3.15,5.44,1.3131
2004-12-19,3.15,5.44,1.3137
2004-12-26,3.15,5.44,1.3145
2005-01-05,2.98,5.44,1.3188
2005-01-12,2.98,5.44,1.3104
2005-01-19,2.98,5.44,1.3108
2005-01-26,2.98,5.44,0
2005-02-05,2.82,5.08,1.3021
2005-02-12,2.82,5.08,1.3043
2005-02-19,2.82,5.08,1.3157
2005-02-26,2.82,5.08,0
2005-03-05,2.83,4.86,1.3068
2005-03-12,2.83,4.86,1.2991
2005-03-19,2.83,4.86,1.2995
2005-03-26,2.83,4.86,1.3088
2005-04-05,3.19,5.22,1.2961
2005-04-12,3.19,5.22,1.2895
2005-04-19,3.19,5.22,1.2962
2005-04-26,3.19,5.22,1.2959
2005-05-05,2.97,5.12,1.3038
2005-05-12,2.97,5.12,1.3004
2005-05-19,2.97,5.12,1.3019
2005-05-26,2.97,5.12,1.3020
2005-06-05,3.06,5.11,1.2818
2005-06-12,3.06,5.11,1.2982
2005-06-19,3.06,5.11,1.2902
2005-06-26,3.06,5.11,1.2904
2005-07-05,3.16,5.26,1.2774
2005-07-12,3.16,5.26,1.2786
2005-07-19,3.16,5.26,1.2889
2005-07-26,3.16,5.26,1.2848
2005-08-05,2.88,5.09,1.2751
2005-08-12,2.88,5.09,1.2712
2005-08-19,2.88,5.09,1.2884
2005-08-26,2.88,5.09,1.2852
2005-09-05,2.95,5.37,1.2807
2005-09-12,2.95,5.37,1.2691
2005-09-19,2.95,5.37,1.2836
2005-09-26,2.95,5.37,1.2656
2005-10-05,2.84,4.88,1.2731
2005-10-12,2.84,4.88,1.2628
2005-10-19,2.84,4.88,1.2626
2005-10-26,2.84,4.88,0
2005-11-05,2.97,5.12,1.2662
2005-11-12,2.97,5.12,1.2585
2005-11-19,2.97,5.12,1.2689
2005-11-26,2.97,5.12,1.2628
2005-12-05,3.19,5.49,1.2611
2005-12-12,3.19,5.49,1.2550
2005-12-19,3.19,5.49,1.2563
2005-12-26,3.19,5.49,1.2572
2006-01-05,2.54,4.75,1.2556
2006-01-12,2.54,4.75,1.2486
2006-01-19,2.54,4.75,1.2506
2006-01-26,2.54,4.75,1.2620
2006-02-05,2.67,5.05,1.2542
2006-02-12,2.67,5.05,1.2452
2006-02-19,2.67,5.05,1.2523
2006-02-26,2.67,5.05,0
2006-03-05,2.74,5.01,1.2391
2006-03-12,2.74,5.01,1.2473
2006-03-19,2.74,5.01,1.2419
2006-03-26,2.74,5.01,1.2568
2006-04-05,2.82,4.85,1.2448
2006-04-12,2.82,4.85,1.2439
2006-04-19,2.82,4.85,1.2512
2006-04-26,2.82,4.85,0
2006-05-05,2.54,4.72,1.2356
2006-05-12,2.54,4.72,1.2457
2006-05-19,2.54,4.72,1.2465
2006-05-26,2.54,4.72,1.2440
2006-06-05,2.67,4.81,1.2336
2006-06-12,2.67,4.81,1.2385
2006-06-19,2.67,4.81,1.2314
2006-06-26,2.67,4.81,1.2340
2006-07-05,2.60,4.85,1.2386
2006-07-12,2.60,4.85,1.2284
2006-07-19,2.60,4.85,1.2275
2006-07-26,2.60,4.85,1.2402
2006-08-05,2.82,5.18,1.2227
2006-08-12,2.82,5.18,1.2299
2006-08-19,2.82,5.18,1.2312
2006-08-26,2.82,5.18,0
2006-09-05,2.71,4.79,1.2326
2006-09-12,2.71,4.79,1.2277
2006-09-19,2.71,4.79,1.2273
2006-09-26,2.71,4.79,1.2296
2006-10-05,2.64,4.95,1.2137
2006-10-12,2.64,4.95,1.2248
2006-10-19,2.64,4.95,1.2186
2006-10-26,2.64,4.95,1.2277
2006-11-05,2.62,4.71,1.2241
2006-11-12,2.62,4.71,1.2140
2006-11-19,2.62,4.71,1.2262
2006-11-26,2.62,4.71,1.2113
2006-12-05,2.72,5.19,1.2184
2006-12-12,2.72,5.19,1.2182
2006-12-19,2.72,5.19,1.2082
2006-12-26,2.72,5.19,0
2007-01-05,2.52,4.52,1.2171
2007-01-12,2.52,4.52,1.2090
2007-01-19,2.52,4.52,1.2085
2007-01-26,2.52,4.52,1.2102
2007-02-05,2.40,4.90,1.2066
2007-02-12,2.40,4.90,1.2197
2007-02-19,2.40,4.90,1.2068
2007-02-26,2.40,4.90,1.2016
2007-03-05,2.59,4.82,1.2083
2007-03-12,2.59,4.82,1.2176
2007-03-19,2.59,4.82,1.2067
2007-03-26,2.59,4.82,0
2007-04-05,2.34,4.35,1.1973
2007-04-12,2.34,4.35,1.2140
2007-04-19,2.34,4.35,1.2122
2007-04-26,2.34,4.35,1.2093
2007-05-05,2.35,4.64,1.2008
2007-05-12,2.35,4.64,1.2074
2007-05-19,2.35,4.64,1.2104
2007-05-26,2.35,4.64,0
2007-06-05,2.31,4.48,1.1978
2007-06-12,2.31,4.48,1.2119
2007-06-19,2.31,4.48,1.2101
2007-06-26,2.31,4.48,0
2007-07-05,2.24,4.49,1.2074
2007-07-12,2.24,4.49,1.1980
2007-07-19,2.24,4.49,1.2074
2007-07-26,2.24,4.49,0
2007-08-05,2.28,4.68,1.2057
2007-08-12,2.28,4.68,1.1991
2007-08-19,2.28,4.68,1.2054
2007-08-26,2.28,4.68,0
2007-09-05,2.51,4.84,1.2019
2007-09-12,2.51,4.84,1.1967
2007-09-19,2.51,4.84,1.2033
2007-09-26,2.51,4.84,0
2007-10-05,2.59,4.87,1.2053
2007-10-12,2.59,4.87,1.1914
2007-10-19,2.59,4.87,1.1925
2007-10-26,2.59,4.87,0
2007-11-05,2.28,4.47,1.2021
2007-11-12,2.28,4.47,1.2054
2007-11-19,2.28,4.47,1.1923
2007-11-26,2.28,4.47,1.1925
2007-12-05,2.50,4.93,1.2041
2007-12-12,2.50,4.93,1.1971
2007-12-19,2.50,4.93,1.1970
2007-12-26,2.50,4.93,1.2071
2008-01-05,1.95,4.08,1.2079
2008-01-12,1.95,4.08,1.2059
2008-01-19,1.95,4.08,1.1947
2008-01-26,1.95,4.08,0
2008-02-05,1.92,4.06,1.2079
2008-02-12,1.92,4.06,1.2023
2008-02-19,1.92,4.06,1.1944
2008-02-26,1.92,4.06,0
2008-03-05,1.94,4.13,1.1944
2008-03-12,1.94,4.13,1.1939
2008-03-19,1.94,4.13,1.2028
2008-03-26,1.94,4.13,0
2008-04-05,1.90,3.92,1.2084
2008-04-12,1.90,3.92,1.2061
2008-04-19,1.90,3.92,1.1930
2008-04-26,1.90,3.92,1.2100
2008-05-05,1.90,4.34,1.1941
2008-05-12,1.90,4.34,1.1984
2008-05-19,1.90,4.34,1.1966
2008-05-26,1.90,4.34,1.2073
2008-06-05,1.99,4.28,1.2114
2008-06-12,1.99,4.28,1.1969
2008-06-19,1.99,4.28,1.1990
2008-06-26,1.99,4.28,1.1957
2008-07-05,2.02,4.16,1.2092
2008-07-12,2.02,4.16,1.1977
2008-07-19,2.02,4.16,1.1975
2008-07-26,2.02,4.16,1.2118
2008-08-05,1.92,4.23,1.2036
2008-08-12,1.92,4.23,1.2157
2008-08-19,1.92,4.23,1.2126
2008-08-26,1.92,4.23,1.2042
2008-09-05,2.08,4.57,1.2119
2008-09-12,2.08,4.57,1.2150
2008-09-19,2.08,4.57,1.2169
2008-09-26,2.08,4.57,0
2008-10-05,2.02,4.51,1.2182
2008-10-12,2.02,4.51,1.2076
2008-10-19,2.02,4.51,1.2147
2008-10-26,2.02,4.51,0
2008-11-05,2.17,4.51,1.2239
2008-11-12,2.17,4.51,1.2180
2008-11-19,2.17,4.51,1.2095
2008-11-26,2.17,4.51,1.2089
2008-12-05,2.09,4.30,1.2169
2008-12-12,2.09,4.30,1.2146
2008-12-19,2.09,4.30,1.2129
2008-12-26,2.09,4.30,0
2009-01-05,0.00,2.33,1.2161
2009-01-12,0.00,2.33,1.2223
2009-01-19,0.00,2.33,1.2319
2009-01-26,0.00,2.33,1.2278
2009-02-05,0.00,2.26,1.2276
2009-02-12,0.00,2.26,1.2256
2009-02-19,0.00,2.26,1.2336
2009-02-26,0.00,2.26,0
2009-03-05,0.00,2.03,1.2372
2009-03-12,0.00,2.03,1.2239
2009-03-19,0.00,2.03,1.2377
2009-03-26,0.00,2.03,1.2251
2009-04-05,0.00,2.13,1.2404
2009-04-12,0.00,2.13,1.2409
2009-04-19,0.00,2.13,1.2329
2009-04-26,0.00,2.13,0
2009-05-05,0.00,2.25,1.2455
2009-05-12,0.00,2.25,1.2342
2009-05-19,0.00,2.25,1.2398
2009-05-26,0.00,2.25,1.2376
2009-06-05,0.00,2.17,1.2426
2009-06-12,0.00,2.17,1.2365
2009-06-19,0.00,2.17,1.2474
2009-06-26,0.00,2.17,0
2009-07-05,0.00,2.38,1.2455
2009-07-12,0.00,2.38,1.2394
2009-07-19,0.00,2.38,1.2530
2009-07-26,0.00,2.38,1.2379
2009-08-05,0.00,2.17,1.2570
2009-08-12,0.00,2.17,1.2418
2009-08-19,0.00,2.17,1.2539
2009-08-26,0.00,2.17,0
2009-09-05,0.00,2.23,1.2497
2009-09-12,0.00,2.23,1.2444
2009-09-19,0.00,2.23,1.2535
2009-09-26,0.00,2.23,1.2477
2009-10-05,0.00,2.35,1.2503
2009-10-12,0.00,2.35,1.2659
2009-10-19,0.00,2.35,1.2484
2009-10-26,0.00,2.35,0
2009-11-05,0.00,2.12,1.2653
2009-11-12,0.00,2.12,1.2629
2009-11-19,0.00,2.12,1.2660
2009-11-26,0.00,2.12,1.2698
2009-12-05,0.00,2.10,1.2616
2009-12-12,0.00,2.10,1.2685
2009-12-19,0.00,2.10,1.2729
2009-12-26,0.00,2.10,0
2010-01-05,0.00,2.45,1.2670
2010-01-12,0.00,2.45,1.2797
2010-01-19,0.00,2.45,1.2722
2010-01-26,0.00,2.45,1.2816
2010-02-05,0.00,2.45,1.2828
2010-02-12,0.00,2.45,1.2806
2010-02-19,0.00,2.45,1.2739
2010-02-26,0.00,2.45,1.2791
2010-03-05,0.00,2.29,1.2743
2010-03-12,0.00,2.29,1.2895
2010-03-19,0.00,2.29,1.2880
2010-03-26,0.00,2.29,1.2812
2010-04-05,0.00,2.17,1.2885
2010-04-12,0.00,2.17,1.2947
2010-04-19,0.00,2.17,1.2842
2010-04-26,0.00,2.17,0
2010-05-05,0.00,2.33,1.3016
2010-05-12,0.00,2.33,1.2941
2010-05-19,0.00,2.33,1.2977
2010-05-26,0.00,2.33,0
2010-06-05,0.00,2.04,1.3045
2010-06-12,0.00,2.04,1.2963
2010-06-19,0.00,2.04,1.2998
2010-06-26,0.00,2.04,0
2010-07-05,0.00,2.41,1.2948
2010-07-12,0.00,2.41,1.3025
2010-07-19,0.00,2.41,1.3099
2010-07-26,0.00,2.41,1.2930
2010-08-05,0.00,2.43,1.3160
2010-08-12,0.00,2.43,1.3155
2010-08-19,0.00,2.43,1.3015
2010-08-26,0.00,2.43,0
2010-09-05,0.00,2.27,1.3146
2010-09-12,0.00,2.27,1.3045
2010-09-19,0.00,2.27,1.3114
2010-09-26,0.00,2.27,0
2010-10-05,0.00,2.05,1.3250
2010-10-12,0.00,2.05,1.3189
2010-10-19,0.00,2.05,1.3122
2010-10-26,0.00,2.05,1.3095
2010-11-05,0.00,2.18,1.3255
2010-11-12,0.00,2.18,1.3177
2010-11-19,0.00,2.18,1.3133
2010-11-26,0.00,2.18,1.3135
2010-12-05,0.00,2.31,1.3247
2010-12-12,0.00,2.31,1.3271
2010-12-19,0.00,2.31,1.3311
2010-12-26,0.00,2.31,0
2011-01-05,0.00,2.22,1.3277
2011-01-12,0.00,2.22,1.3299
2011-01-19,0.00,2.22,1.3338
2011-01-26,0.00,2.22,0
2011-02-05,0.00,2.39,1.3393
2011-02-12,0.00,2.39,1.3396
2011-02-19,0.00,2.39,1.3337
2011-02-26,0.00,2.39,0
2011-03-05,0.00,2.28,1.3433
2011-03-12,0.00,2.28,1.3403
2011-03-19,0.00,2.28,1.3503
2011-03-26,0.00,2.28,0
2011-04-05,0.00,2.27,1.3545
2011-04-12,0.00,2.27,1.3404
2011-04-19,0.00,2.27,1.3498
2011-04-26,0.00,2.27,1.3532
2011-05-05,0.00,2.19,1.3455
2011-05-12,0.00,2.19,1.3541
2011-05-19,0.00,2.19,1.3544
2011-05-26,0.00,2.19,1.3498
2011-06-05,0.00,2.04,1.3532
2011-06-12,0.00,2.04,1.3506
2011-06-19,0.00,2.04,1.3587
2011-06-26,0.00,2.04,1.3538
2011-07-05,0.00,2.41,1.3554
2011-07-12,0.00,2.41,1.3562
2011-07-19,0.00,2.41,1.3610
2011-07-26,0.00,2.41,0
2011-08-05,0.00,2.23,1.3529
2011-08-12,0.00,2.23,1.3589
2011-08-19,0.00,2.23,1.3694
2011-08-26,0.00,2.23,1.3568
2011-09-05,0.00,2.28,1.3661
2011-09-12,0.00,2.28,1.3563
2011-09-19,0.00,2.28,1.3588
2011-09-26,0.00,2.28,1.3582
2011-10-05,0.00,2.44,1.3777
2011-10-12,0.00,2.44,1.3648
2011-10-19,0.00,2.44,1.3599
2011-10-26,0.00,2.44,0
2011-11-05,0.00,2.04,1.3808
2011-11-12,0.00,2.04,1.3755
2011-11-19,0.00,2.04,1.3826
2011-11-26,0.00,2.04,1.3785
2011-12-05,0.00,2.22,1.3792
2011-12-12,0.00,2.22,1.3850
2011-12-19,0.00,2.22,1.3692
2011-12-26,0.00,2.22,0
2012-01-05,0.00,2.02,1.3770
2012-01-12,0.00,2.02,1.3753
2012-01-19,0.00,2.02,1.3754
2012-01-26,0.00,2.02,0
2012-02-05,0.00,2.26,1.3816
2012-02-12,0.00,2.26,1.3784
2012-02-19,0.00,2.26,1.3899
2012-02-26,0.00,2.26,0
2012-03-05,0.00,2.39,1.3891
2012-03-12,0.00,2.39,1.3756
2012-03-19,0.00,2.39,1.3829
2012-03-26,0.00,2.39,1.3851
2012-04-05,0.00,2.04,1.3932
2012-04-12,0.00,2.04,1.3808
2012-04-19,0.00,2.04,1.3882
2012-04-26,0.00,2.04,1.3776
2012-05-05,0.00,2.49,1.3814
2012-05-12,0.00,2.49,1.3802
2012-05-19,0.00,2.49,1.3852
2012-05-26,0.00,2.49,0
2012-06-05,0.00,2.33,1.3906
2012-06-12,0.00,2.33,1.3922
2012-06-19,0.00,2.33,1.3936
2012-06-26,0.00,2.33,0
2012-07-05,0.00,2.18,1.4028
2012-07-12,0.00,2.18,1.4015
2012-07-19,0.00,2.18,1.3948
2012-07-26,0.00,2.18,0
2012-08-05,0.00,2.41,1.4037
2012-08-12,0.00,2.41,1.3861
2012-08-19,0.00,2.41,1.3938
2012-08-26,0.00,2.41,1.4005
2012-09-05,0.00,2.33,1.4005
2012-09-12,0.00,2.33,1.3879
2012-09-19,0.00,2.33,1.4010
2012-09-26,0.00,2.33,1.3881
2012-10-05,0.00,2.07,1.3920
2012-10-12,0.00,2.07,1.3950
2012-10-19,0.00,2.07,1.3924
2012-10-26,0.00,2.07,1.4020
2012-11-05,0.00,2.41,1.4007
2012-11-12,0.00,2.41,1.4008
2012-11-19,0.00,2.41,1.3989
2012-11-26,0.00,2.41,1.4032
2012-12-05,0.00,2.04,1.4055
2012-12-12,0.00,2.04,1.4093
2012-12-19,0.00,2.04,1.4092
2012-12-26,0.00,2.04,0
2013-01-05,0.00,2.11,1.4087
2013-01-12,0.00,2.11,1.4062
2013-01-19,0.00,2.11,1.3916
2013-01-26,0.00,2.11,1.4022
2013-02-05,0.00,2.04,1.4093
2013-02-12,0.00,2.04,1.3942
2013-02-19,0.00,2.04,1.4075
2013-02-26,0.00,2.04,0
2013-03-05,0.00,2.01,1.3943
2013-03-12,0.00,2.01,1.3911
2013-03-19,0.00,2.01,1.4041
2013-03-26,0.00,2.01,1.3947
2013-04-05,0.00,2.40,1.3948
2013-04-12,0.00,2.40,1.3970
2013-04-19,0.00,2.40,1.3945
2013-04-26,0.00,2.40,1.4082
2013-05-05,0.00,2.40,1.4056
2013-05-12,0.00,2.40,1.4061
2013-05-19,0.00,2.40,1.4026
2013-05-26,0.00,2.40,0
2013-06-05,0.00,2.27,1.3966
2013-06-12,0.00,2.27,1.3989
2013-06-19,0.00,2.27,1.3953
2013-06-26,0.00,2.27,0
2013-07-05,0.00,2.43,1.4003
2013-07-12,0.00,2.43,1.3986
2013-07-19,0.00,2.43,1.3969
2013-07-26,0.00,2.43,0
2013-08-05,0.00,2.25,1.3864
2013-08-12,0.00,2.25,1.3943
2013-08-19,0.00,2.25,1.3928
2013-08-26,0.00,2.25,1.3983
2013-09-05,0.00,2.08,1.3863
2013-09-12,0.00,2.08,1.3868
2013-09-19,0.00,2.08,1.3897
2013-09-26,0.00,2.08,1.3873
2013-10-05,0.00,2.22,1.3831
2013-10-12,0.00,2.22,1.3991
2013-10-19,0.00,2.22,1.4000
2013-10-26,0.00,2.22,1.3990
2013-11-05,0.00,2.05,1.3891
2013-11-12,0.00,2.05,1.3859
2013-11-19,0.00,2.05,1.3875
2013-11-26,0.00,2.05,1.3979
2013-12-05,0.00,2.41,1.3806
2013-12-12,0.00,2.41,1.3912
2013-12-19,0.00,2.41,1.3964
2013-12-26,0.00,2.41,1.3827
2014-01-05,0.00,2.37,1.3768
2014-01-12,0.00,2.37,1.3793
2014-01-19,0.00,2.37,1.3758
2014-01-26,0.00,2.37,0
2014-02-05,0.00,2.22,1.3869
2014-02-12,0.00,2.22,1.3776
2014-02-19,0.00,2.22,1.3741
2014-02-26,0.00,2.22,1.3747
2014-03-05,0.00,2.37,1.3812
2014-03-12,0.00,2.37,1.3778
2014-03-19,0.00,2.37,1.3805
2014-03-26,0.00,2.37,0
2014-04-05,0.00,2.29,1.3771
2014-04-12,0.00,2.29,1.3860
2014-04-19,0.00,2.29,1.3861
2014-04-26,0.00,2.29,1.3676
2014-05-05,0.00,2.11,1.3832
2014-05-12,0.00,2.11,1.3817
2014-05-19,0.00,2.11,1.3827
2014-05-26,0.00,2.11,1.3668
2014-06-05,0.00,2.18,1.3675
2014-06-12,0.00,2.18,1.3763
2014-06-19,0.00,2.18,1.3637
2014-06-26,0.00,2.18,1.3714
2014-07-05,0.00,2.47,1.3721
2014-07-12,0.00,2.47,1.3716
2014-07-19,0.00,2.47,1.3714
2014-07-26,0.00,2.47,0
2014-08-05,0.00,2.19,1.3627
2014-08-12,0.00,2.19,1.3566
2014-08-19,0.00,2.19,1.3712
2014-08-26,0.00,2.19,0
2014-09-05,0.00,2.28,1.3671
2014-09-12,0.00,2.28,1.3675
2014-09-19,0.00,2.28,1.3534
2014-09-26,0.00,2.28,0
2014-10-05,0.00,2.12,1.3642
2014-10-12,0.00,2.12,1.3605
2014-10-19,0.00,2.12,1.3522
2014-10-26,0.00,2.12,1.3555
2014-11-05,0.00,2.14,1.3531
2014-11-12,0.00,2.14,1.3520
2014-11-19,0.00,2.14,1.3576
2014-11-26,0.00,2.14,0
2014-12-05,0.00,2.49,1.3511
2014-12-12,0.00,2.49,1.3406
2014-12-19,0.00,2.49,1.3409
2014-12-26,0.00,2.49,0
2015-01-05,0.00,2.44,1.3396
2015-01-12,0.00,2.44,1.3486
2015-01-19,0.00,2.44,1.3435
2015-01-26,0.00,2.44,0
2015-02-05,0.00,2.06,1.3401
2015-02-12,0.00,2.06,1.3300
2015-02-19,0.00,2.06,1.3284
2015-02-26,0.00,2.06,1.3465
2015-03-05,0.00,2.20,1.3417
2015-03-12,0.00,2.20,1.3418
2015-03-19,0.00,2.20,1.3319
2015-03-26,0.00,2.20,1.3272
2015-04-05,0.00,2.48,1.3356
2015-04-12,0.00,2.48,1.3317
2015-04-19,0.00,2.48,1.3242
2015-04-26,0.00,2.48,0
2015-05-05,0.00,2.01,1.3310
2015-05-12,0.00,2.01,1.3243
2015-05-19,0.00,2.01,1.3190
2015-05-26,0.00,2.01,0
2015-06-05,0.00,2.32,1.3270
2015-06-12,0.00,2.32,1.3237
2015-06-19,0.00,2.32,1.3097
2015-06-26,0.00,2.32,1.3079
2015-07-05,0.00,2.48,1.3170
2015-07-12,0.00,2.48,1.3112
2015-07-19,0.00,2.48,1.3147
2015-07-26,0.00,2.48,0
2015-08-05,0.00,2.25,1.3093
2015-08-12,0.00,2.25,1.3155
2015-08-19,0.00,2.25,1.3107
2015-08-26,0.00,2.25,1.3072
2015-09-05,0.00,2.41,1.3055
2015-09-12,0.00,2.41,1.3074
2015-09-19,0.00,2.41,1.3082
2015-09-26,0.00,2.41,0
2015-10-05,0.00,2.43,1.2949
2015-10-12,0.00,2.43,1.2883
2015-10-19,0.00,2.43,1.2875
2015-10-26,0.00,2.43,1.2947
2015-11-05,0.00,2.17,1.3021
2015-11-12,0.00,2.17,1.2841
2015-11-19,0.00,2.17,1.2877
2015-11-26,0.00,2.17,1.2920
2015-12-05,0.00,2.30,1.2786
2015-12-12,0.00,2.30,1.2930
2015-12-19,0.00,2.30,1.2806
2015-12-26,0.00,2.30,0
2016-01-05,0.25,2.74,1.2792
2016-01-12,0.25,2.74,1.2777
2016-01-19,0.25,2.74,1.2807
2016-01-26,0.25,2.74,0
2016-02-05,0.29,2.61,1.2868
2016-02-12,0.29,2.61,1.2761
2016-02-19,0.29,2.61,1.2861
2016-02-26,0.29,2.61,0
2016-03-05,0.19,2.48,1.2705
2016-03-12,0.19,2.48,1.2675
2016-03-19,0.19,2.48,1.2767
2016-03-26,0.19,2.48,1.2696
2016-04-05,0.34,2.70,1.2636
2016-04-12,0.34,2.70,1.2584
2016-04-19,0.34,2.70,1.2669
2016-04-26,0.34,2.70,1.2694
2016-05-05,0.24,2.64,1.2659
2016-05-12,0.24,2.64,1.2699
2016-05-19,0.24,2.64,1.2638
2016-05-26,0.24,2.64,1.2605
2016-06-05,0.33,2.76,1.2527
2016-06-12,0.33,2.76,1.2567
2016-06-19,0.33,2.76,1.2490
2016-06-26,0.33,2.76,0
2016-07-05,0.33,2.74,1.2613
2016-07-12,0.33,2.74,1.2507
2016-07-19,0.33,2.74,1.2501
2016-07-26,0.33,2.74,0
2016-08-05,0.26,2.42,1.2512
2016-08-12,0.26,2.42,1.2504
2016-08-19,0.26,2.42,1.2519
2016-08-26,0.26,2.42,1.2452
2016-09-05,0.23,2.33,1.2501
2016-09-12,0.23,2.33,1.2399
2016-09-19,0.23,2.33,1.2399
2016-09-26,0.23,2.33,1.2545
2016-10-05,0.34,2.56,1.2417
2016-10-12,0.34,2.56,1.2439
2016-10-19,0.34,2.56,1.2455
2016-10-26,0.34,2.56,1.2449
2016-11-05,0.19,2.60,1.2354
2016-11-12,0.19,2.60,1.2334
2016-11-19,0.19,2.60,1.2335
2016-11-26,0.19,2.60,0
2016-12-05,0.31,2.63,1.2386
2016-12-12,0.31,2.63,1.2367
2016-12-19,0.31,2.63,1.2256
2016-12-26,0.31,2.63,0
2017-01-05,0.69,3.16,1.2327
2017-01-12,0.69,3.16,1.2343
2017-01-19,0.69,3.16,1.2395
2017-01-26,0.69,3.16,0
2017-02-05,0.57,2.60,1.2170
2017-02-12,0.57,2.60,1.2186
2017-02-19,0.57,2.60,1.2209
2017-02-26,0.57,2.60,1.2340
2017-03-05,0.66,2.69,1.2223
2017-03-12,0.66,2.69,1.2315
2017-03-19,0.66,2.69,1.2332
2017-03-26,0.66,2.69,0
2017-04-05,0.56,2.72,1.2204
2017-04-12,0.56,2.72,1.2107
2017-04-19,0.56,2.72,1.2254
2017-04-26,0.56,2.72,0
2017-05-05,0.63,2.73,1.2235
2017-05-12,0.63,2.73,1.2146
2017-05-19,0.63,2.73,1.2121
2017-05-26,0.63,2.73,0
2017-06-05,0.73,3.18,1.2152
2017-06-12,0.73,3.18,1.2207
2017-06-19,0.73,3.18,1.2204
2017-06-26,0.73,3.18,0
2017-07-05,0.71,3.08,1.2113
2017-07-12,0.71,3.08,1.2088
2017-07-19,0.71,3.08,1.2128
2017-07-26,0.71,3.08,1.2145
2017-08-05,0.59,3.02,1.2019
2017-08-12,0.59,3.02,1.2021
2017-08-19,0.59,3.02,1.2194
2017-08-26,0.59,3.02,0
2017-09-05,0.67,2.93,1.2106
2017-09-12,0.67,2.93,1.2136
2017-09-19,0.67,2.93,1.2119
2017-09-26,0.67,2.93,1.1992
2017-10-05,0.61,2.94,1.2058
2017-10-12,0.61,2.94,1.1977
2017-10-19,0.61,2.94,1.2101
2017-10-26,0.61,2.94,1.1963
2017-11-05,0.56,2.65,1.2129
2017-11-12,0.56,2.65,1.2084
2017-11-19,0.56,2.65,1.1952
2017-11-26,0.56,2.65,1.2105
2017-12-05,0.72,2.95,1.2093
2017-12-12,0.72,2.95,1.2091
2017-12-19,0.72,2.95,1.2017
2017-12-26,0.72,2.95,1.1952
2018-01-05,1.12,3.21,1.2086
2018-01-12,1.12,3.21,1.2087
2018-01-19,1.12,3.21,1.1996
2018-01-26,1.12,3.21,1.2100
2018-02-05,1.13,3.59,1.2089
2018-02-12,1.13,3.59,1.2109
2018-02-19,1.13,3.59,1.1974
2018-02-26,1.13,3.59,0
2018-03-05,1.09,3.28,1.1987
2018-03-12,1.09,3.28,1.2081
2018-03-19,1.09,3.28,1.2104
2018-03-26,1.09,3.28,0
2018-04-05,0.97,3.42,1.2064
2018-04-12,0.97,3.42,1.1976
2018-04-19,0.97,3.42,1.2009
2018-04-26,0.97,3.42,1.1983
2018-05-05,0.97,3.23,1.2037
2018-05-12,0.97,3.23,1.2095
2018-05-19,0.97,3.23,1.1946
2018-05-26,0.97,3.23,0
2018-06-05,1.06,3.18,1.1911
2018-06-12,1.06,3.18,1.2077
2018-06-19,1.06,3.18,1.2032
2018-06-26,1.06,3.18,1.1942
2018-07-05,1.14,3.57,1.2018
2018-07-12,1.14,3.57,1.1985
2018-07-19,1.14,3.57,1.1947
2018-07-26,1.14,3.57,0
2018-08-05,0.99,3.45,1.2004
2018-08-12,0.99,3.45,1.2068
2018-08-19,0.99,3.45,1.1948
2018-08-26,0.99,3.45,0
2018-09-05,0.97,3.44,1.1956
2018-09-12,0.97,3.44,1.2077
2018-09-19,0.97,3.44,1.2120
2018-09-26,0.97,3.44,1.1942
2018-10-05,1.00,3.17,1.1936
2018-10-12,1.00,3.17,1.2067
2018-10-19,1.00,3.17,1.1985
2018-10-26,1.00,3.17,1.2108
2018-11-05,0.99,3.14,1.1995
2018-11-12,0.99,3.14,1.2001
2018-11-19,0.99,3.14,1.2024
2018-11-26,0.99,3.14,1.2092
2018-12-05,1.10,3.56,1.1971
2018-12-12,1.10,3.56,1.2055
2018-12-19,1.10,3.56,1.2002
2018-12-26,1.10,3.56,1.2117
2019-01-05,1.38,3.72,1.2108
2019-01-12,1.38,3.72,1.2101
2019-01-19,1.38,3.72,1.2157
2019-01-26,1.38,3.72,0
2019-02-05,1.41,3.60,1.2032
2019-02-12,1.41,3.60,1.2135
2019-02-19,1.41,3.60,1.2190
2019-02-26,1.41,3.60,0
2019-03-05,1.52,3.97,1.2223
2019-03-12,1.52,3.97,1.2210
2019-03-19,1.52,3.97,1.2089
2019-03-26,1.52,3.97,0
2019-04-05,1.49,3.92,1.2178
2019-04-12,1.49,3.92,1.2112
2019-04-19,1.49,3.92,1.2117
2019-04-26,1.49,3.92,1.2058
2019-05-05,1.55,3.88,1.2257
2019-05-12,1.55,3.88,1.2263
2019-05-19,1.55,3.88,1.2233
2019-05-26,1.55,3.88,0
2019-06-05,1.51,3.92,1.2223
2019-06-12,1.51,3.92,1.2181
2019-06-19,1.51,3.92,1.2283
2019-06-26,1.51,3.92,0
2019-07-05,1.46,3.71,1.2285
2019-07-12,1.46,3.71,1.2256
2019-07-19,1.46,3.71,1.2310
2019-07-26,1.46,3.71,0
2019-08-05,1.38,3.84,1.2298
2019-08-12,1.38,3.84,1.2361
2019-08-19,1.38,3.84,1.2236
2019-08-26,1.38,3.84,0
2019-09-05,1.44,3.73,1.2375
2019-09-12,1.44,3.73,1.2301
2019-09-19,1.44,3.73,1.2223
2019-09-26,1.44,3.73,1.2377
2019-10-05,1.36,3.84,1.2365
2019-10-12,1.36,3.84,1.2264
2019-10-19,1.36,3.84,1.2437
2019-10-26,1.36,3.84,0
2019-11-05,1.52,3.82,1.2470
2019-11-12,1.52,3.82,1.2402
2019-11-19,1.52,3.82,1.2461
2019-11-26,1.52,3.82,1.2409
2019-12-05,1.53,3.83,1.2401
2019-12-12,1.53,3.83,1.2465
2019-12-19,1.53,3.83,1.2324
2019-12-26,1.53,3.83,1.2400
2020-01-05,1.80,3.91,1.2499
2020-01-12,1.80,3.91,1.2483
2020-01-19,1.80,3.91,1.2436
2020-01-26,1.80,3.91,0
2020-02-05,1.76,4.21,1.2459
2020-02-12,1.76,4.21,1.2553
2020-02-19,1.76,4.21,1.2522
2020-02-26,1.76,4.21,1.2431
2020-03-05,1.86,3.87,1.2528
2020-03-12,1.86,3.87,1.2588
2020-03-19,1.86,3.87,1.2545
2020-03-26,1.86,3.87,0
2020-04-05,1.77,4.19,1.2673
2020-04-12,1.77,4.19,1.2559
2020-04-19,1.77,4.19,1.2618
2020-04-26,1.77,4.19,0
2020-05-05,1.84,3.93,1.2567
2020-05-12,1.84,3.93,1.2563
2020-05-19,1.84,3.93,1.2635
2020-05-26,1.84,3.93,0
2020-06-05,1.93,4.04,1.2699
2020-06-12,1.93,4.04,1.2673
2020-06-19,1.93,4.04,1.2630
2020-06-26,1.93,4.04,1.2618
2020-07-05,1.81,4.12,1.2777
2020-07-12,1.81,4.12,1.2723
2020-07-19,1.81,4.12,1.2778
2020-07-26,1.81,4.12,1.2677
2020-08-05,1.91,4.00,1.2855
2020-08-12,1.91,4.00,1.2828
2020-08-19,1.91,4.00,1.2826
2020-08-26,1.91,4.00,1.2845
2020-09-05,1.90,4.35,1.2836
2020-09-12,1.90,4.35,1.2930
2020-09-19,1.90,4.35,1.2739
2020-09-26,1.90,4.35,0
2020-10-05,1.82,3.93,1.2824
2020-10-12,1.82,3.93,1.2797
2020-10-19,1.82,3.93,1.2903
2020-10-26,1.82,3.93,1.2818
2020-11-05,1.77,4.22,1.3020
2020-11-12,1.77,4.22,1.3012
2020-11-19,1.77,4.22,1.2835
2020-11-26,1.77,4.22,0
2020-12-05,1.90,4.09,1.2922
2020-12-12,1.90,4.09,1.3048
2020-12-19,1.90,4.09,1.3042
2020-12-26,1.90,4.09,1.2928
2021-01-05,2.29,4.52,1.2968
2021-01-12,2.29,4.52,1.3039
2021-01-19,2.29,4.52,1.3100
2021-01-26,2.29,4.52,0
2021-02-05,2.28,4.44,1.3038
2021-02-12,2.28,4.44,1.3074
2021-02-19,2.28,4.44,1.2999
2021-02-26,2.28,4.44,0
2021-03-05,2.18,4.29,1.3183
2021-03-12,2.18,4.29,1.3179
2021-03-19,2.18,4.29,1.3076
2021-03-26,2.18,4.29,1.3228
2021-04-05,2.17,4.50,1.3124
2021-04-12,2.17,4.50,1.3106
2021-04-19,2.17,4.50,1.3094
2021-04-26,2.17,4.50,1.3156
2021-05-05,2.23,4.62,1.3247
2021-05-12,2.23,4.62,1.3195
2021-05-19,2.23,4.62,1.3321
2021-05-26,2.23,4.62,1.3275
2021-06-05,2.33,4.61,1.3275
2021-06-12,2.33,4.61,1.3266
2021-06-19,2.33,4.61,1.3200
2021-06-26,2.33,4.61,0
2021-07-05,2.26,4.68,1.3382
2021-07-12,2.26,4.68,1.3270
2021-07-19,2.26,4.68,1.3326
2021-07-26,2.26,4.68,0
2021-08-05,2.32,4.39,1.3290
2021-08-12,2.32,4.39,1.3448
2021-08-19,2.32,4.39,1.3440
2021-08-26,2.32,4.39,0
2021-09-05,2.31,4.41,1.3330
2021-09-12,2.31,4.41,1.3508
2021-09-19,2.31,4.41,1.3517
2021-09-26,2.31,4.41,1.3469
2021-10-05,2.17,4.20,1.3424
2021-10-12,2.17,4.20,1.3489
2021-10-19,2.17,4.20,1.3489
2021-10-26,2.17,4.20,0
2021-11-05,2.27,4.59,1.3468
2021-11-12,2.27,4.59,1.3574
2021-11-19,2.27,4.59,1.3522
2021-11-26,2.27,4.59,1.3420
2021-12-05,2.28,4.29,1.3459
2021-12-12,2.28,4.29,1.3492
2021-12-19,2.28,4.29,1.3623
2021-12-26,2.28,4.29,0
2022-01-05,2.71,5.04,1.3499
2022-01-12,2.71,5.04,1.3525
2022-01-19,2.71,5.04,1.3666
2022-01-26,2.71,5.04,1.3501
2022-02-05,2.59,4.81,1.3675
2022-02-12,2.59,4.81,1.3620
2022-02-19,2.59,4.81,1.3697
2022-02-26,2.59,4.81,0
2022-03-05,2.62,4.67,1.3681
2022-03-12,2.62,4.67,1.3743
2022-03-19,2.62,4.67,1.3656
2022-03-26,2.62,4.67,0
2022-04-05,2.58,4.67,1.3744
2022-04-12,2.58,4.67,1.3744
2022-04-19,2.58,4.67,1.3763
2022-04-26,2.58,4.67,1.3664
2022-05-05,2.57,5.06,1.3679
2022-05-12,2.57,5.06,1.3810
2022-05-19,2.57,5.06,1.3676
2022-05-26,2.57,5.06,1.3643
2022-06-05,2.68,5.12,1.3788
2022-06-12,2.68,5.12,1.3746
2022-06-19,2.68,5.12,1.3870
2022-06-26,2.68,5.12,1.3782
2022-07-05,2.66,5.16,1.3754
2022-07-12,2.66,5.16,1.3765
2022-07-19,2.66,5.16,1.3809
2022-07-26,2.66,5.16,1.3821
2022-08-05,2.75,4.97,1.3841
2022-08-12,2.75,4.97,1.3907
2022-08-19,2.75,4.97,1.3778
2022-08-26,2.75,4.97,1.3786
2022-09-05,2.55,4.68,1.3922
2022-09-12,2.55,4.68,1.3836
2022-09-19,2.55,4.68,1.3914
2022-09-26,2.55,4.68,1.3849
2022-10-05,2.57,4.58,1.3911
2022-10-12,2.57,4.58,1.3835
2022-10-19,2.57,4.58,1.3846
2022-10-26,2.57,4.58,0
2022-11-05,2.71,5.10,1.3856
2022-11-12,2.71,5.10,1.3988
2022-11-19,2.71,5.10,1.3958
2022-11-26,2.71,5.10,0
2022-12-05,2.57,4.63,1.3986
2022-12-12,2.57,4.63,1.3928
2022-12-19,2.57,4.63,1.3959
2022-12-26,2.57,4.63,1.3899
2023-01-05,3.14,5.29,1.4023
2023-01-12,3.14,5.29,1.3976
2023-01-19,3.14,5.29,1.3944
2023-01-26,3.14,5.29,1.3982
2023-02-05,2.97,5.20,1.4036
2023-02-12,2.97,5.20,1.3896
2023-02-19,2.97,5.20,1.4052
2023-02-26,2.97,5.20,0
2023-03-05,3.05,5.10,1.3910
2023-03-12,3.05,5.10,1.3952
2023-03-19,3.05,5.10,1.4032
2023-03-26,3.05,5.10,0
2023-04-05,3.08,5.41,1.4000
2023-04-12,3.08,5.41,1.4007
2023-04-19,3.08,5.41,1.3958
2023-04-26,3.08,5.41,0
2023-05-05,3.09,5.58,1.4018
2023-05-12,3.09,5.58,1.3934
2023-05-19,3.09,5.58,1.3959
2023-05-26,3.09,5.58,0
2023-06-05,3.12,5.46,1.3990
2023-06-12,3.12,5.46,1.4039
2023-06-19,3.12,5.46,1.3982
2023-06-26,3.12,5.46,1.4009
2023-07-05,3.07,5.55,1.4027
2023-07-12,3.07,5.55,1.3919
2023-07-19,3.07,5.55,1.3954
2023-07-26,3.07,5.55,0
2023-08-05,3.04,5.48,1.4027
2023-08-12,3.04,5.48,1.4080
2023-08-19,3.04,5.48,1.3951
2023-08-26,3.04,5.48,0
2023-09-05,3.11,5.41,1.3963
2023-09-12,3.11,5.41,1.3998
2023-09-19,3.11,5.41,1.3954
2023-09-26,3.11,5.41,0
2023-10-05,3.01,5.48,1.4007
2023-10-12,3.01,5.48,1.3961
2023-10-19,3.01,5.48,1.3941
2023-10-26,3.01,5.48,1.3924
2023-11-05,3.09,5.12,1.3909
2023-11-12,3.09,5.12,1.4007
2023-11-19,3.09,5.12,1.4039
2023-11-26,3.09,5.12,0
2023-12-05,3.07,5.36,1.3906
2023-12-12,3.07,5.36,1.3989
2023-12-19,3.07,5.36,1.3997
2023-12-26,3.07,5.36,0
2024-01-05,3.50,5.54,1.3932
2024-01-12,3.50,5.54,1.3890
2024-01-19,3.50,5.54,1.3896
2024-01-26,3.50,5.54,0
2024-02-05,3.39,5.82,1.4033
2024-02-12,3.39,5.82,1.3919
2024-02-19,3.39,5.82,1.4025
2024-02-26,3.39,5.82,0
2024-03-05,3.43,5.67,1.3869
2024-03-12,3.43,5.67,1.3867
2024-03-19,3.43,5.67,1.3892
2024-03-26,3.43,5.67,0
2024-04-05,3.48,5.80,1.4007
2024-04-12,3.48,5.80,1.3866
2024-04-19,3.48,5.80,1.3953
2024-04-26,3.48,5.80,0
2024-05-05,3.51,5.94,1.3902
2024-05-12,3.51,5.94,1.3989
2024-05-19,3.51,5.94,1.3889
2024-05-26,3.51,5.94,0
2024-06-05,3.35,5.47,1.3894
2024-06-12,3.35,5.47,1.3961
2024-06-19,3.35,5.47,1.3871
2024-06-26,3.35,5.47,1.3805
2024-07-05,3.46,5.87,1.3823
2024-07-12,3.46,5.87,1.3805
2024-07-19,3.46,5.87,1.3773
2024-07-26,3.46,5.87,0
2024-08-05,3.52,5.97,1.3776
2024-08-12,3.52,5.97,1.3873
2024-08-19,3.52,5.97,1.3841
2024-08-26,3.52,5.97,1.3840
2024-09-05,3.49,5.82,1.3868
2024-09-12,3.49,5.82,1.3840
2024-09-19,3.49,5.82,1.3744
2024-09-26,3.49,5.82,1.3861
2024-10-05,3.46,5.94,1.3828
2024-10-12,3.46,5.94,1.3714
2024-10-19,3.46,5.94,1.3842
2024-10-26,3.46,5.94,0
2024-11-05,3.46,5.87,1.3699
2024-11-12,3.46,5.87,1.3806
2024-11-19,3.46,5.87,1.3818
2024-11-26,3.46,5.87,0
2024-12-05,3.48,5.98,1.3674
2024-12-12,3.48,5.98,1.3741
2024-12-19,3.48,5.98,1.3700
2024-12-26,3.48,5.98,1.3595
